Initialized native services in: C:\Users\VICTUS\.gradle\native
Initialized jansi services in: C:\Users\VICTUS\.gradle\native
Received JVM installation metadata from 'C:\Program Files\Microsoft\jdk-17.0.17.10-hotspot': {JAVA_HOME=C:\Program Files\Microsoft\jdk-17.0.17.10-hotspot, JAVA_VERSION=17.0.17, JAVA_VENDOR=Microsoft, RUNTIME_NAME=OpenJDK Runtime Environment, RUNTIME_VERSION=17.0.17+10-LTS, VM_NAME=OpenJDK 64-Bit Server VM, VM_VERSION=17.0.17+10-LTS, VM_VENDOR=Microsoft, OS_ARCH=amd64}
Checking if the launcher JVM can be re-used for build. To be re-used, the launcher JVM needs to match the parameters required for the build process: --add-opens=java.base/java.util=ALL-UNNAMED --add-opens=java.base/java.lang=ALL-UNNAMED --add-opens=java.base/java.lang.invoke=ALL-UNNAMED --add-opens=java.prefs/java.util.prefs=ALL-UNNAMED --add-opens=java.base/java.nio.charset=ALL-UNNAMED --add-opens=java.base/java.net=ALL-UNNAMED --add-opens=java.base/java.util.concurrent.atomic=ALL-UNNAMED -Xmx2048m -Dfile.encoding=UTF-8 -Duser.country=US -Duser.language=en -Duser.variant
To honour the JVM settings for this build a single-use Daemon process will be forked. For more on this, please refer to https://docs.gradle.org/8.6-rc-1/userguide/gradle_daemon.html#sec:disabling_the_daemon in the Gradle documentation.
Starting process 'Gradle build daemon'. Working directory: C:\Users\VICTUS\.gradle\daemon\8.6-rc-1 Command: C:\Program Files\Microsoft\jdk-17.0.17.10-hotspot\bin\java.exe --add-opens=java.base/java.util=ALL-UNNAMED --add-opens=java.base/java.lang=ALL-UNNAMED --add-opens=java.base/java.lang.invoke=ALL-UNNAMED --add-opens=java.prefs/java.util.prefs=ALL-UNNAMED --add-opens=java.base/java.nio.charset=ALL-UNNAMED --add-opens=java.base/java.net=ALL-UNNAMED --add-opens=java.base/java.util.concurrent.atomic=ALL-UNNAMED -Xmx2048m -Dfile.encoding=UTF-8 -Duser.country=US -Duser.language=en -Duser.variant -cp C:\Users\VICTUS\.gradle\wrapper\dists\gradle-8.6-rc-1-bin\3i5g2mfvh982rgxgr7mlgentf\gradle-8.6-rc-1\lib\gradle-launcher-8.6.jar -javaagent:C:\Users\VICTUS\.gradle\wrapper\dists\gradle-8.6-rc-1-bin\3i5g2mfvh982rgxgr7mlgentf\gradle-8.6-rc-1\lib\agents\gradle-instrumentation-agent-8.6.jar org.gradle.launcher.daemon.bootstrap.GradleDaemon 8.6-rc-1
Successfully started process 'Gradle build daemon'
An attempt to start the daemon took 1.495 secs.
The client will now receive all logging from the daemon (pid: 1828). The daemon log file: C:\Users\VICTUS\.gradle\daemon\8.6-rc-1\daemon-1828.out.log
Daemon will be stopped at the end of the build 
Using 12 worker leases.
Received JVM installation metadata from 'C:\Program Files\Microsoft\jdk-17.0.17.10-hotspot': {JAVA_HOME=C:\Program Files\Microsoft\jdk-17.0.17.10-hotspot, JAVA_VERSION=17.0.17, JAVA_VENDOR=Microsoft, RUNTIME_NAME=OpenJDK Runtime Environment, RUNTIME_VERSION=17.0.17+10-LTS, VM_NAME=OpenJDK 64-Bit Server VM, VM_VERSION=17.0.17+10-LTS, VM_VENDOR=Microsoft, OS_ARCH=amd64}
Watching the file system is configured to be enabled if available
Now considering [D:\Android Projects\ExclusiveTV_APP] as hierarchies to watch
File system watching is active
Starting Build
Settings evaluated using settings file 'D:\Android Projects\ExclusiveTV_APP\settings.gradle.kts'.
Projects loaded. Root project using build file 'D:\Android Projects\ExclusiveTV_APP\build.gradle.kts'.
Included projects: [root project 'My TV 1', project ':app']

> Configure project :
Evaluating root project 'My TV 1' using build file 'D:\Android Projects\ExclusiveTV_APP\build.gradle.kts'.
Transforming firebase-crashlytics-gradle-3.0.2.jar (com.google.firebase:firebase-crashlytics-gradle:3.0.2) with ExternalDependencyInstrumentingArtifactTransform
Transforming repository-31.3.1.jar (com.android.tools:repository:31.3.1) with ExternalDependencyInstrumentingArtifactTransform
Transforming google-services-4.4.4.jar (com.google.gms:google-services:4.4.4) with ExternalDependencyInstrumentingArtifactTransform
Transforming gradle-settings-api-8.3.1.jar (com.android.tools.build:gradle-settings-api:8.3.1) with ExternalDependencyInstrumentingArtifactTransform
Transforming gradle-8.3.1.jar (com.android.tools.build:gradle:8.3.1) with ExternalDependencyInstrumentingArtifactTransform
Transforming manifest-merger-31.3.1.jar (com.android.tools.build:manifest-merger:31.3.1) with ExternalDependencyInstrumentingArtifactTransform
Transforming sdk-common-31.3.1.jar (com.android.tools:sdk-common:31.3.1) with ExternalDependencyInstrumentingArtifactTransform
Transforming builder-8.3.1.jar (com.android.tools.build:builder:8.3.1) with ExternalDependencyInstrumentingArtifactTransform
Transforming aaptcompiler-8.3.1.jar (com.android.tools.build:aaptcompiler:8.3.1) with ExternalDependencyInstrumentingArtifactTransform
Transforming sdklib-31.3.1.jar (com.android.tools:sdklib:31.3.1) with ExternalDependencyInstrumentingArtifactTransform
Transforming lint-model-31.3.1.jar (com.android.tools.lint:lint-model:31.3.1) with ExternalDependencyInstrumentingArtifactTransform
Transforming tracker-31.3.1.jar (com.android.tools.analytics-library:tracker:31.3.1) with ExternalDependencyInstrumentingArtifactTransform
Transforming shared-31.3.1.jar (com.android.tools.analytics-library:shared:31.3.1) with ExternalDependencyInstrumentingArtifactTransform
Transforming gradle-api-8.3.1.jar (com.android.tools.build:gradle-api:8.3.1) with ExternalDependencyInstrumentingArtifactTransform
Transforming databinding-compiler-common-8.3.1.jar (androidx.databinding:databinding-compiler-common:8.3.1) with ExternalDependencyInstrumentingArtifactTransform
Transforming strict-version-matcher-plugin-1.2.4.jar (com.google.android.gms:strict-version-matcher-plugin:1.2.4) with ExternalDependencyInstrumentingArtifactTransform
Transforming builder-model-8.3.1.jar (com.android.tools.build:builder-model:8.3.1) with ExternalDependencyInstrumentingArtifactTransform
Transforming android-test-plugin-host-emulator-control-proto-31.3.1.jar (com.android.tools.utp:android-test-plugin-host-emulator-control-proto:31.3.1) with ExternalDependencyInstrumentingArtifactTransform
Transforming android-test-plugin-host-retention-proto-31.3.1.jar (com.android.tools.utp:android-test-plugin-host-retention-proto:31.3.1) with ExternalDependencyInstrumentingArtifactTransform
Transforming layoutlib-api-31.3.1.jar (com.android.tools.layoutlib:layoutlib-api:31.3.1) with ExternalDependencyInstrumentingArtifactTransform
Transforming builder-test-api-8.3.1.jar (com.android.tools.build:builder-test-api:8.3.1) with ExternalDependencyInstrumentingArtifactTransform
Transforming ddmlib-31.3.1.jar (com.android.tools.ddms:ddmlib:31.3.1) with ExternalDependencyInstrumentingArtifactTransform
Transforming dvlib-31.3.1.jar (com.android.tools:dvlib:31.3.1) with ExternalDependencyInstrumentingArtifactTransform
Transforming common-31.3.1.jar (com.android.tools:common:31.3.1) with ExternalDependencyInstrumentingArtifactTransform
Transforming kotlin-stdlib-jdk8-1.9.20.jar (org.jetbrains.kotlin:kotlin-stdlib-jdk8:1.9.20) with ExternalDependencyInstrumentingArtifactTransform
Transforming jetifier-processor-1.0.0-beta10.jar (com.android.tools.build.jetifier:jetifier-processor:1.0.0-beta10) with ExternalDependencyInstrumentingArtifactTransform
Transforming kotlin-reflect-1.9.20.jar (org.jetbrains.kotlin:kotlin-reflect:1.9.20) with ExternalDependencyInstrumentingArtifactTransform
Transforming jetifier-core-1.0.0-beta10.jar (com.android.tools.build.jetifier:jetifier-core:1.0.0-beta10) with ExternalDependencyInstrumentingArtifactTransform
Transforming kotlin-stdlib-jdk7-1.9.20.jar (org.jetbrains.kotlin:kotlin-stdlib-jdk7:1.9.20) with ExternalDependencyInstrumentingArtifactTransform
Transforming kotlin-stdlib-1.9.20.jar (org.jetbrains.kotlin:kotlin-stdlib:1.9.20) with ExternalDependencyInstrumentingArtifactTransform
Transforming annotations-13.0.jar (org.jetbrains:annotations:13.0) with ExternalDependencyInstrumentingArtifactTransform
Transforming kotlin-gradle-plugin-model-1.9.10.jar (org.jetbrains.kotlin:kotlin-gradle-plugin-model:1.9.10) with ExternalDependencyInstrumentingArtifactTransform
Transforming kotlin-gradle-plugin-api-1.9.10-gradle81.jar (org.jetbrains.kotlin:kotlin-gradle-plugin-api:1.9.10) with ExternalDependencyInstrumentingArtifactTransform
Transforming bundletool-1.15.6.jar (com.android.tools.build:bundletool:1.15.6) with ExternalDependencyInstrumentingArtifactTransform
Transforming crash-31.3.1.jar (com.android.tools.analytics-library:crash:31.3.1) with ExternalDependencyInstrumentingArtifactTransform
Transforming databinding-common-8.3.1.jar (androidx.databinding:databinding-common:8.3.1) with ExternalDependencyInstrumentingArtifactTransform
Transforming android-device-provider-ddmlib-proto-31.3.1.jar (com.android.tools.utp:android-device-provider-ddmlib-proto:31.3.1) with ExternalDependencyInstrumentingArtifactTransform
Transforming baseLibrary-8.3.1.jar (com.android.databinding:baseLibrary:8.3.1) with ExternalDependencyInstrumentingArtifactTransform
Transforming android-device-provider-gradle-proto-31.3.1.jar (com.android.tools.utp:android-device-provider-gradle-proto:31.3.1) with ExternalDependencyInstrumentingArtifactTransform
Transforming kotlin-gradle-plugin-api-1.9.10.jar (org.jetbrains.kotlin:kotlin-gradle-plugin-api:1.9.10) with ExternalDependencyInstrumentingArtifactTransform
Transforming kotlin-gradle-plugin-1.9.10-gradle81.jar (org.jetbrains.kotlin:kotlin-gradle-plugin:1.9.10) with ExternalDependencyInstrumentingArtifactTransform
Transforming aapt2-proto-8.3.1-10880808.jar (com.android.tools.build:aapt2-proto:8.3.1-10880808) with ExternalDependencyInstrumentingArtifactTransform
Transforming lint-typedef-remover-31.3.1.jar (com.android.tools.lint:lint-typedef-remover:31.3.1) with ExternalDependencyInstrumentingArtifactTransform
Transforming android-test-plugin-host-additional-test-output-proto-31.3.1.jar (com.android.tools.utp:android-test-plugin-host-additional-test-output-proto:31.3.1) with ExternalDependencyInstrumentingArtifactTransform
Transforming android-test-plugin-host-coverage-proto-31.3.1.jar (com.android.tools.utp:android-test-plugin-host-coverage-proto:31.3.1) with ExternalDependencyInstrumentingArtifactTransform
Transforming android-test-plugin-host-logcat-proto-31.3.1.jar (com.android.tools.utp:android-test-plugin-host-logcat-proto:31.3.1) with ExternalDependencyInstrumentingArtifactTransform
Transforming android-test-plugin-host-apk-installer-proto-31.3.1.jar (com.android.tools.utp:android-test-plugin-host-apk-installer-proto:31.3.1) with ExternalDependencyInstrumentingArtifactTransform
Transforming android-test-plugin-result-listener-gradle-proto-31.3.1.jar (com.android.tools.utp:android-test-plugin-result-listener-gradle-proto:31.3.1) with ExternalDependencyInstrumentingArtifactTransform
Transforming httpmime-4.5.6.jar (org.apache.httpcomponents:httpmime:4.5.6) with ExternalDependencyInstrumentingArtifactTransform
Transforming transform-api-2.0.0-deprecated-use-gradle-api.jar (com.android.tools.build:transform-api:2.0.0-deprecated-use-gradle-api) with ExternalDependencyInstrumentingArtifactTransform
Transforming commons-io-2.13.0.jar (commons-io:commons-io:2.13.0) with ExternalDependencyInstrumentingArtifactTransform
Transforming asm-commons-9.6.jar (org.ow2.asm:asm-commons:9.6) with ExternalDependencyInstrumentingArtifactTransform
Transforming asm-util-9.6.jar (org.ow2.asm:asm-util:9.6) with ExternalDependencyInstrumentingArtifactTransform
Transforming asm-tree-9.6.jar (org.ow2.asm:asm-tree:9.6) with ExternalDependencyInstrumentingArtifactTransform
Transforming asm-analysis-9.6.jar (org.ow2.asm:asm-analysis:9.6) with ExternalDependencyInstrumentingArtifactTransform
Transforming asm-9.6.jar (org.ow2.asm:asm:9.6) with ExternalDependencyInstrumentingArtifactTransform
Transforming apkzlib-8.3.1.jar (com.android.tools.build:apkzlib:8.3.1) with ExternalDependencyInstrumentingArtifactTransform
Transforming bcpkix-jdk15on-1.67.jar (org.bouncycastle:bcpkix-jdk15on:1.67) with ExternalDependencyInstrumentingArtifactTransform
Transforming jopt-simple-4.9.jar (net.sf.jopt-simple:jopt-simple:4.9) with ExternalDependencyInstrumentingArtifactTransform
Transforming jaxb-runtime-2.3.2.jar (org.glassfish.jaxb:jaxb-runtime:2.3.2) with ExternalDependencyInstrumentingArtifactTransform
Transforming protobuf-java-util-3.22.3.jar (com.google.protobuf:protobuf-java-util:3.22.3) with ExternalDependencyInstrumentingArtifactTransform
Transforming javapoet-1.10.0.jar (com.squareup:javapoet:1.10.0) with ExternalDependencyInstrumentingArtifactTransform
Transforming grpc-protobuf-1.57.0.jar (io.grpc:grpc-protobuf:1.57.0) with ExternalDependencyInstrumentingArtifactTransform
Transforming tink-1.7.0.jar (com.google.crypto.tink:tink:1.7.0) with ExternalDependencyInstrumentingArtifactTransform
Transforming protos-31.3.1.jar (com.android.tools.analytics-library:protos:31.3.1) with ExternalDependencyInstrumentingArtifactTransform
Transforming proto-google-common-protos-2.17.0.jar (com.google.api.grpc:proto-google-common-protos:2.17.0) with ExternalDependencyInstrumentingArtifactTransform
Transforming protobuf-java-3.22.3.jar (com.google.protobuf:protobuf-java:3.22.3) with ExternalDependencyInstrumentingArtifactTransform
Transforming grpc-core-1.57.0.jar (io.grpc:grpc-core:1.57.0) with ExternalDependencyInstrumentingArtifactTransform
Transforming grpc-netty-1.57.0.jar (io.grpc:grpc-netty:1.57.0) with ExternalDependencyInstrumentingArtifactTransform
Transforming gson-2.10.1.jar (com.google.code.gson:gson:2.10.1) with ExternalDependencyInstrumentingArtifactTransform
Transforming grpc-stub-1.57.0.jar (io.grpc:grpc-stub:1.57.0) with ExternalDependencyInstrumentingArtifactTransform
Transforming core-proto-0.0.9-alpha02.jar (com.google.testing.platform:core-proto:0.0.9-alpha02) with ExternalDependencyInstrumentingArtifactTransform
Transforming kxml2-2.3.0.jar (net.sf.kxml:kxml2:2.3.0) with ExternalDependencyInstrumentingArtifactTransform
Transforming tensorflow-lite-metadata-0.1.0-rc2.jar (org.tensorflow:tensorflow-lite-metadata:0.1.0-rc2) with ExternalDependencyInstrumentingArtifactTransform
Transforming flatbuffers-java-1.12.0.jar (com.google.flatbuffers:flatbuffers-java:1.12.0) with ExternalDependencyInstrumentingArtifactTransform
Transforming kotlin-gradle-plugin-idea-proto-1.9.10.jar (org.jetbrains.kotlin:kotlin-gradle-plugin-idea-proto:1.9.10) with ExternalDependencyInstrumentingArtifactTransform
Transforming kotlin-project-model-1.9.10.jar (org.jetbrains.kotlin:kotlin-project-model:1.9.10) with ExternalDependencyInstrumentingArtifactTransform
Transforming kotlin-gradle-plugin-idea-1.9.10.jar (org.jetbrains.kotlin:kotlin-gradle-plugin-idea:1.9.10) with ExternalDependencyInstrumentingArtifactTransform
Transforming kotlin-tooling-core-1.9.10.jar (org.jetbrains.kotlin:kotlin-tooling-core:1.9.10) with ExternalDependencyInstrumentingArtifactTransform
Transforming kotlin-native-utils-1.9.10.jar (org.jetbrains.kotlin:kotlin-native-utils:1.9.10) with ExternalDependencyInstrumentingArtifactTransform
Transforming kotlin-util-klib-1.9.10.jar (org.jetbrains.kotlin:kotlin-util-klib:1.9.10) with ExternalDependencyInstrumentingArtifactTransform
Transforming kotlin-android-extensions-1.9.10.jar (org.jetbrains.kotlin:kotlin-android-extensions:1.9.10) with ExternalDependencyInstrumentingArtifactTransform
Transforming kotlin-build-tools-api-1.9.10.jar (org.jetbrains.kotlin:kotlin-build-tools-api:1.9.10) with ExternalDependencyInstrumentingArtifactTransform
Transforming kotlin-compiler-runner-1.9.10.jar (org.jetbrains.kotlin:kotlin-compiler-runner:1.9.10) with ExternalDependencyInstrumentingArtifactTransform
Transforming kotlin-klib-commonizer-api-1.9.10.jar (org.jetbrains.kotlin:kotlin-klib-commonizer-api:1.9.10) with ExternalDependencyInstrumentingArtifactTransform
Transforming kotlin-compiler-embeddable-1.9.10.jar (org.jetbrains.kotlin:kotlin-compiler-embeddable:1.9.10) with ExternalDependencyInstrumentingArtifactTransform
Transforming kotlin-scripting-compiler-embeddable-1.9.10.jar (org.jetbrains.kotlin:kotlin-scripting-compiler-embeddable:1.9.10) with ExternalDependencyInstrumentingArtifactTransform
Transforming kotlin-scripting-compiler-impl-embeddable-1.9.10.jar (org.jetbrains.kotlin:kotlin-scripting-compiler-impl-embeddable:1.9.10) with ExternalDependencyInstrumentingArtifactTransform
Transforming firebase-crashlytics-buildtools-3.0.2.jar (com.google.firebase:firebase-crashlytics-buildtools:3.0.2) with ExternalDependencyInstrumentingArtifactTransform
Transforming jimfs-1.1.jar (com.google.jimfs:jimfs:1.1) with ExternalDependencyInstrumentingArtifactTransform
Transforming grpc-context-1.57.0.jar (io.grpc:grpc-context:1.57.0) with ExternalDependencyInstrumentingArtifactTransform
Transforming guava-32.0.1-jre.jar (com.google.guava:guava:32.0.1-jre) with ExternalDependencyInstrumentingArtifactTransform
Transforming grpc-protobuf-lite-1.57.0.jar (io.grpc:grpc-protobuf-lite:1.57.0) with ExternalDependencyInstrumentingArtifactTransform
Transforming grpc-api-1.57.0.jar (io.grpc:grpc-api:1.57.0) with ExternalDependencyInstrumentingArtifactTransform
Transforming dagger-2.28.3.jar (com.google.dagger:dagger:2.28.3) with ExternalDependencyInstrumentingArtifactTransform
Transforming javax.inject-1.jar (javax.inject:javax.inject:1) with ExternalDependencyInstrumentingArtifactTransform
Transforming bcprov-jdk15on-1.67.jar (org.bouncycastle:bcprov-jdk15on:1.67) with ExternalDependencyInstrumentingArtifactTransform
Transforming commons-compress-1.21.jar (org.apache.commons:commons-compress:1.21) with ExternalDependencyInstrumentingArtifactTransform
Transforming trove4j-1.0.20200330.jar (org.jetbrains.intellij.deps:trove4j:1.0.20200330) with ExternalDependencyInstrumentingArtifactTransform
Transforming httpclient-4.5.14.jar (org.apache.httpcomponents:httpclient:4.5.14) with ExternalDependencyInstrumentingArtifactTransform
Transforming httpcore-4.4.16.jar (org.apache.httpcomponents:httpcore:4.4.16) with ExternalDependencyInstrumentingArtifactTransform
Transforming javax.activation-1.2.0.jar (com.sun.activation:javax.activation:1.2.0) with ExternalDependencyInstrumentingArtifactTransform
Transforming signflinger-8.3.1.jar (com.android:signflinger:8.3.1) with ExternalDependencyInstrumentingArtifactTransform
Transforming zipflinger-8.3.1.jar (com.android:zipflinger:8.3.1) with ExternalDependencyInstrumentingArtifactTransform
Transforming annotations-31.3.1.jar (com.android.tools:annotations:31.3.1) with ExternalDependencyInstrumentingArtifactTransform
Transforming jna-platform-5.6.0.jar (net.java.dev.jna:jna-platform:5.6.0) with ExternalDependencyInstrumentingArtifactTransform
Transforming juniversalchardet-1.0.3.jar (com.googlecode.juniversalchardet:juniversalchardet:1.0.3) with ExternalDependencyInstrumentingArtifactTransform
Transforming javax.annotation-api-1.3.2.jar (javax.annotation:javax.annotation-api:1.3.2) with ExternalDependencyInstrumentingArtifactTransform
Transforming stax-ex-1.8.1.jar (org.jvnet.staxex:stax-ex:1.8.1) with ExternalDependencyInstrumentingArtifactTransform
Transforming jakarta.xml.bind-api-2.3.2.jar (jakarta.xml.bind:jakarta.xml.bind-api:2.3.2) with ExternalDependencyInstrumentingArtifactTransform
Transforming txw2-2.3.2.jar (org.glassfish.jaxb:txw2:2.3.2) with ExternalDependencyInstrumentingArtifactTransform
Transforming jakarta.activation-api-1.2.1.jar (jakarta.activation:jakarta.activation-api:1.2.1) with ExternalDependencyInstrumentingArtifactTransform
Transforming istack-commons-runtime-3.0.8.jar (com.sun.istack:istack-commons-runtime:3.0.8) with ExternalDependencyInstrumentingArtifactTransform
Transforming FastInfoset-1.2.16.jar (com.sun.xml.fastinfoset:FastInfoset:1.2.16) with ExternalDependencyInstrumentingArtifactTransform
Transforming auto-value-annotations-1.6.2.jar (com.google.auto.value:auto-value-annotations:1.6.2) with ExternalDependencyInstrumentingArtifactTransform
Transforming error_prone_annotations-2.18.0.jar (com.google.errorprone:error_prone_annotations:2.18.0) with ExternalDependencyInstrumentingArtifactTransform
Transforming jose4j-0.7.0.jar (org.bitbucket.b_c:jose4j:0.7.0) with ExternalDependencyInstrumentingArtifactTransform
Transforming jdom2-2.0.6.jar (org.jdom:jdom2:2.0.6) with ExternalDependencyInstrumentingArtifactTransform
Transforming slf4j-api-1.7.30.jar (org.slf4j:slf4j-api:1.7.30) with ExternalDependencyInstrumentingArtifactTransform
Transforming jsr305-3.0.2.jar (com.google.code.findbugs:jsr305:3.0.2) with ExternalDependencyInstrumentingArtifactTransform
Transforming j2objc-annotations-2.8.jar (com.google.j2objc:j2objc-annotations:2.8) with ExternalDependencyInstrumentingArtifactTransform
Transforming annotations-4.1.1.4.jar (com.google.android:annotations:4.1.1.4) with ExternalDependencyInstrumentingArtifactTransform
Transforming animal-sniffer-annotations-1.23.jar (org.codehaus.mojo:animal-sniffer-annotations:1.23) with ExternalDependencyInstrumentingArtifactTransform
Transforming perfmark-api-0.26.0.jar (io.perfmark:perfmark-api:0.26.0) with ExternalDependencyInstrumentingArtifactTransform
Transforming netty-handler-proxy-4.1.93.Final.jar (io.netty:netty-handler-proxy:4.1.93.Final) with ExternalDependencyInstrumentingArtifactTransform
Transforming netty-codec-http2-4.1.93.Final.jar (io.netty:netty-codec-http2:4.1.93.Final) with ExternalDependencyInstrumentingArtifactTransform
Transforming netty-codec-http-4.1.93.Final.jar (io.netty:netty-codec-http:4.1.93.Final) with ExternalDependencyInstrumentingArtifactTransform
Transforming netty-handler-4.1.93.Final.jar (io.netty:netty-handler:4.1.93.Final) with ExternalDependencyInstrumentingArtifactTransform
Transforming netty-transport-native-unix-common-4.1.93.Final.jar (io.netty:netty-transport-native-unix-common:4.1.93.Final) with ExternalDependencyInstrumentingArtifactTransform
Transforming commons-codec-1.11.jar (commons-codec:commons-codec:1.11) with ExternalDependencyInstrumentingArtifactTransform
Transforming checker-qual-3.33.0.jar (org.checkerframework:checker-qual:3.33.0) with ExternalDependencyInstrumentingArtifactTransform
Transforming apksig-8.3.1.jar (com.android.tools.build:apksig:8.3.1) with ExternalDependencyInstrumentingArtifactTransform
Transforming javawriter-2.5.0.jar (com.squareup:javawriter:2.5.0) with ExternalDependencyInstrumentingArtifactTransform
Transforming kotlin-gradle-plugin-annotations-1.9.10.jar (org.jetbrains.kotlin:kotlin-gradle-plugin-annotations:1.9.10) with ExternalDependencyInstrumentingArtifactTransform
Transforming kotlin-util-io-1.9.10.jar (org.jetbrains.kotlin:kotlin-util-io:1.9.10) with ExternalDependencyInstrumentingArtifactTransform
Transforming kotlin-daemon-embeddable-1.9.10.jar (org.jetbrains.kotlin:kotlin-daemon-embeddable:1.9.10) with ExternalDependencyInstrumentingArtifactTransform
Transforming kotlinx-coroutines-core-jvm-1.5.0.jar (org.jetbrains.kotlinx:kotlinx-coroutines-core-jvm:1.5.0) with ExternalDependencyInstrumentingArtifactTransform
Transforming kotlin-scripting-jvm-1.9.10.jar (org.jetbrains.kotlin:kotlin-scripting-jvm:1.9.10) with ExternalDependencyInstrumentingArtifactTransform
Transforming kotlin-scripting-common-1.9.10.jar (org.jetbrains.kotlin:kotlin-scripting-common:1.9.10) with ExternalDependencyInstrumentingArtifactTransform
Transforming kotlin-daemon-client-1.9.10.jar (org.jetbrains.kotlin:kotlin-daemon-client:1.9.10) with ExternalDependencyInstrumentingArtifactTransform
Transforming failureaccess-1.0.1.jar (com.google.guava:failureaccess:1.0.1) with ExternalDependencyInstrumentingArtifactTransform
Transforming listenablefuture-9999.0-empty-to-avoid-conflict-with-guava.jar (com.google.guava:listenablefuture:9999.0-empty-to-avoid-conflict-with-guava) with ExternalDependencyInstrumentingArtifactTransform
Transforming commons-logging-1.2.jar (commons-logging:commons-logging:1.2) with ExternalDependencyInstrumentingArtifactTransform
Transforming jna-5.6.0.jar (net.java.dev.jna:jna:5.6.0) with ExternalDependencyInstrumentingArtifactTransform
Transforming netty-codec-socks-4.1.93.Final.jar (io.netty:netty-codec-socks:4.1.93.Final) with ExternalDependencyInstrumentingArtifactTransform
Transforming netty-codec-4.1.93.Final.jar (io.netty:netty-codec:4.1.93.Final) with ExternalDependencyInstrumentingArtifactTransform
Transforming netty-transport-4.1.93.Final.jar (io.netty:netty-transport:4.1.93.Final) with ExternalDependencyInstrumentingArtifactTransform
Transforming netty-common-4.1.93.Final.jar (io.netty:netty-common:4.1.93.Final) with ExternalDependencyInstrumentingArtifactTransform
Transforming netty-resolver-4.1.93.Final.jar (io.netty:netty-resolver:4.1.93.Final) with ExternalDependencyInstrumentingArtifactTransform
Transforming netty-buffer-4.1.93.Final.jar (io.netty:netty-buffer:4.1.93.Final) with ExternalDependencyInstrumentingArtifactTransform

> Configure project :app
Evaluating project ':app' using build file 'D:\Android Projects\ExclusiveTV_APP\app\build.gradle.kts'.
Using default execution profile
Using Kotlin Gradle Plugin gradle81 variant
Building with VersionCode: 16785152, VersionName: 1.0.31
All projects evaluated.
Task path ':app:assembleDebug' matched project ':app'
Task name matched 'assembleDebug'
Selected primary task 'assembleDebug' from project :app
Tasks to be executed: [task ':app:preBuild', task ':app:preDebugBuild', task ':app:mergeDebugNativeDebugMetadata', task ':app:dataBindingMergeDependencyArtifactsDebug', task ':app:generateDebugResValues', task ':app:generateDebugResources', task ':app:injectCrashlyticsMappingFileIdDebug', task ':app:processDebugGoogleServices', task ':app:mergeDebugResources', task ':app:packageDebugResources', task ':app:parseDebugLocalResources', task ':app:dataBindingGenBaseClassesDebug', task ':app:generateDebugBuildConfig', task ':app:checkDebugAarMetadata', task ':app:mapDebugSourceSetPaths', task ':app:createDebugCompatibleScreenManifests', task ':app:extractDeepLinksDebug', task ':app:processDebugMainManifest', task ':app:processDebugManifest', task ':app:processDebugManifestForPackage', task ':app:processDebugResources', task ':app:compileDebugKotlin', task ':app:javaPreCompileDebug', task ':app:compileDebugJavaWithJavac', task ':app:mergeDebugShaders', task ':app:compileDebugShaders', task ':app:generateDebugAssets', task ':app:mergeDebugAssets', task ':app:compressDebugAssets', task ':app:processDebugJavaRes', task ':app:mergeDebugJavaResource', task ':app:checkDebugDuplicateClasses', task ':app:desugarDebugFileDependencies', task ':app:mergeExtDexDebug', task ':app:mergeLibDexDebug', task ':app:dexBuilderDebug', task ':app:mergeProjectDexDebug', task ':app:mergeDebugJniLibFolders', task ':app:mergeDebugNativeLibs', task ':app:stripDebugDebugSymbols', task ':app:validateSigningDebug', task ':app:writeDebugAppMetadata', task ':app:writeDebugSigningConfigVersions', task ':app:packageDebug', task ':app:createDebugApkListingFileRedirect', task ':app:assembleDebug']
Tasks that were excluded: []
Resolve mutations for :app:preBuild (Thread[Execution worker Thread 6,5,main]) started.
:app:preBuild (Thread[Execution worker Thread 6,5,main]) started.

> Task :app:preBuild UP-TO-DATE
Skipping task ':app:preBuild' as it has no actions.
Resolve mutations for :app:preDebugBuild (Thread[Execution worker Thread 6,5,main]) started.
:app:preDebugBuild (Thread[Execution worker Thread 6,5,main]) started.

> Task :app:preDebugBuild UP-TO-DATE
Skipping task ':app:preDebugBuild' as it has no actions.
Resolve mutations for :app:mergeDebugNativeDebugMetadata (Thread[Execution worker Thread 6,5,main]) started.
:app:mergeDebugNativeDebugMetadata (Thread[Execution worker Thread 6,5,main]) started.

> Task :app:mergeDebugNativeDebugMetadata NO-SOURCE
Skipping task ':app:mergeDebugNativeDebugMetadata' as it has no source files and no previous output files.
Resolve mutations for :app:dataBindingMergeDependencyArtifactsDebug (Thread[Execution worker Thread 6,5,main]) started.
:app:dataBindingMergeDependencyArtifactsDebug (Thread[included builds,5,main]) started.

> Task :app:dataBindingMergeDependencyArtifactsDebug UP-TO-DATE
Registered task dependencies: app:debugCompileClasspath
Skipping misunderstood TO dep string: com.google.firebase:firebase-analytics
Skipping misunderstood TO dep string: com.google.firebase:firebase-crashlytics
Starting dependency analysis
Transforming viewbinding-8.3.1.aar (androidx.databinding:viewbinding:8.3.1) with ExtractAarTransform
Transforming firebase-crashlytics-19.0.3.aar (com.google.firebase:firebase-crashlytics:19.0.3) with ExtractAarTransform
Transforming core-ktx-1.12.0.aar (androidx.core:core-ktx:1.12.0) with ExtractAarTransform
Transforming firebase-analytics-22.0.2.aar (com.google.firebase:firebase-analytics:22.0.2) with ExtractAarTransform
Transforming play-services-measurement-api-22.0.2.aar (com.google.android.gms:play-services-measurement-api:22.0.2) with ExtractAarTransform
Transforming firebase-installations-18.0.0.aar (com.google.firebase:firebase-installations:18.0.0) with ExtractAarTransform
Transforming firebase-sessions-2.0.3.aar (com.google.firebase:firebase-sessions:2.0.3) with ExtractAarTransform
Transforming firebase-common-ktx-21.0.0.aar (com.google.firebase:firebase-common-ktx:21.0.0) with ExtractAarTransform
Transforming firebase-common-ktx-21.0.0.aar (com.google.firebase:firebase-common-ktx:21.0.0) with ExtractAarTransform
Transforming firebase-installations-18.0.0.aar (com.google.firebase:firebase-installations:18.0.0) with ExtractAarTransform
Transforming firebase-common-ktx-21.0.0.aar (com.google.firebase:firebase-common-ktx:21.0.0) with ExtractAarTransform
Transforming firebase-common-ktx-21.0.0.aar (com.google.firebase:firebase-common-ktx:21.0.0) with ExtractAarTransform
Transforming play-services-measurement-api-22.0.2.aar (com.google.android.gms:play-services-measurement-api:22.0.2) with AarTransform
Transforming firebase-common-ktx-21.0.0.aar (com.google.firebase:firebase-common-ktx:21.0.0) with AarTransform
Transforming core-ktx-1.12.0.aar (androidx.core:core-ktx:1.12.0) with AarTransform
Transforming firebase-common-ktx-21.0.0.aar (com.google.firebase:firebase-common-ktx:21.0.0) with AarTransform
Transforming firebase-installations-18.0.0.aar (com.google.firebase:firebase-installations:18.0.0) with AarTransform
Transforming firebase-installations-18.0.0.aar (com.google.firebase:firebase-installations:18.0.0) with AarTransform
Transforming firebase-sessions-2.0.3.aar (com.google.firebase:firebase-sessions:2.0.3) with AarTransform
Transforming firebase-analytics-22.0.2.aar (com.google.firebase:firebase-analytics:22.0.2) with AarTransform
Transforming firebase-common-ktx-21.0.0.aar (com.google.firebase:firebase-common-ktx:21.0.0) with AarTransform
Transforming viewbinding-8.3.1.aar (androidx.databinding:viewbinding:8.3.1) with AarTransform
Transforming firebase-common-ktx-21.0.0.aar (com.google.firebase:firebase-common-ktx:21.0.0) with AarTransform
Transforming firebase-common-21.0.0.aar (com.google.firebase:firebase-common:21.0.0) with ExtractAarTransform
Transforming firebase-common-21.0.0.aar (com.google.firebase:firebase-common:21.0.0) with ExtractAarTransform
Transforming firebase-common-21.0.0.aar (com.google.firebase:firebase-common:21.0.0) with ExtractAarTransform
Transforming firebase-common-21.0.0.aar (com.google.firebase:firebase-common:21.0.0) with ExtractAarTransform
Transforming play-services-measurement-22.0.2.aar (com.google.android.gms:play-services-measurement:22.0.2) with ExtractAarTransform
Transforming play-services-measurement-sdk-22.0.2.aar (com.google.android.gms:play-services-measurement-sdk:22.0.2) with ExtractAarTransform
Transforming play-services-measurement-impl-22.0.2.aar (com.google.android.gms:play-services-measurement-impl:22.0.2) with ExtractAarTransform
Transforming firebase-crashlytics-19.0.3.aar (com.google.firebase:firebase-crashlytics:19.0.3) with AarTransform
Transforming ads-adservices-1.0.0-beta05.aar (androidx.privacysandbox.ads:ads-adservices:1.0.0-beta05) with ExtractAarTransform
Transforming ads-adservices-java-1.0.0-beta05.aar (androidx.privacysandbox.ads:ads-adservices-java:1.0.0-beta05) with ExtractAarTransform
Transforming firebase-common-21.0.0.aar (com.google.firebase:firebase-common:21.0.0) with ExtractAarTransform
Transforming play-services-measurement-impl-22.0.2.aar (com.google.android.gms:play-services-measurement-impl:22.0.2) with ExtractAarTransform
Transforming leanback-1.0.0.aar (androidx.leanback:leanback:1.0.0) with ExtractAarTransform
Transforming play-services-measurement-22.0.2.aar (com.google.android.gms:play-services-measurement:22.0.2) with AarTransform
Transforming play-services-measurement-sdk-22.0.2.aar (com.google.android.gms:play-services-measurement-sdk:22.0.2) with AarTransform
Transforming firebase-common-21.0.0.aar (com.google.firebase:firebase-common:21.0.0) with AarTransform
Transforming firebase-common-21.0.0.aar (com.google.firebase:firebase-common:21.0.0) with AarTransform
Transforming recyclerview-1.3.2.aar (androidx.recyclerview:recyclerview:1.3.2) with ExtractAarTransform
Transforming ads-adservices-1.0.0-beta05.aar (androidx.privacysandbox.ads:ads-adservices:1.0.0-beta05) with AarTransform
Transforming firebase-common-21.0.0.aar (com.google.firebase:firebase-common:21.0.0) with AarTransform
Transforming recyclerview-1.3.2.aar (androidx.recyclerview:recyclerview:1.3.2) with ExtractAarTransform
Transforming ads-adservices-java-1.0.0-beta05.aar (androidx.privacysandbox.ads:ads-adservices-java:1.0.0-beta05) with AarTransform
Transforming firebase-common-21.0.0.aar (com.google.firebase:firebase-common:21.0.0) with AarTransform
Transforming firebase-common-21.0.0.aar (com.google.firebase:firebase-common:21.0.0) with AarTransform
Transforming glide-4.16.0.aar (com.github.bumptech.glide:glide:4.16.0) with ExtractAarTransform
Transforming firebase-installations-interop-17.2.0.aar (com.google.firebase:firebase-installations-interop:17.2.0) with ExtractAarTransform
Transforming firebase-installations-interop-17.2.0.aar (com.google.firebase:firebase-installations-interop:17.2.0) with ExtractAarTransform
Transforming legacy-support-core-ui-1.0.0.aar (androidx.legacy:legacy-support-core-ui:1.0.0) with ExtractAarTransform
Transforming cardview-1.0.0.aar (androidx.cardview:cardview:1.0.0) with ExtractAarTransform
Transforming firebase-installations-interop-17.2.0.aar (com.google.firebase:firebase-installations-interop:17.2.0) with ExtractAarTransform
Transforming firebase-installations-interop-17.2.0.aar (com.google.firebase:firebase-installations-interop:17.2.0) with ExtractAarTransform
Transforming play-services-measurement-impl-22.0.2.aar (com.google.android.gms:play-services-measurement-impl:22.0.2) with AarTransform
Transforming play-services-measurement-impl-22.0.2.aar (com.google.android.gms:play-services-measurement-impl:22.0.2) with AarTransform
Transforming legacy-support-core-ui-1.0.0.aar (androidx.legacy:legacy-support-core-ui:1.0.0) with AarTransform
Transforming play-services-tasks-18.2.0.aar (com.google.android.gms:play-services-tasks:18.2.0) with ExtractAarTransform
Transforming firebase-installations-interop-17.2.0.aar (com.google.firebase:firebase-installations-interop:17.2.0) with AarTransform
Transforming firebase-installations-interop-17.2.0.aar (com.google.firebase:firebase-installations-interop:17.2.0) with AarTransform
Transforming firebase-installations-interop-17.2.0.aar (com.google.firebase:firebase-installations-interop:17.2.0) with AarTransform
Transforming cardview-1.0.0.aar (androidx.cardview:cardview:1.0.0) with AarTransform
Transforming play-services-tasks-18.2.0.aar (com.google.android.gms:play-services-tasks:18.2.0) with ExtractAarTransform
Transforming glide-4.16.0.aar (com.github.bumptech.glide:glide:4.16.0) with AarTransform
Transforming firebase-installations-interop-17.2.0.aar (com.google.firebase:firebase-installations-interop:17.2.0) with AarTransform
Transforming play-services-tasks-18.2.0.aar (com.google.android.gms:play-services-tasks:18.2.0) with ExtractAarTransform
Transforming play-services-tasks-18.2.0.aar (com.google.android.gms:play-services-tasks:18.2.0) with ExtractAarTransform
Transforming play-services-tasks-18.2.0.aar (com.google.android.gms:play-services-tasks:18.2.0) with ExtractAarTransform
Transforming recyclerview-1.3.2.aar (androidx.recyclerview:recyclerview:1.3.2) with AarTransform
Transforming recyclerview-1.3.2.aar (androidx.recyclerview:recyclerview:1.3.2) with AarTransform
Transforming play-services-ads-identifier-18.0.0.aar (com.google.android.gms:play-services-ads-identifier:18.0.0) with ExtractAarTransform
Transforming firebase-measurement-connector-20.0.1.aar (com.google.firebase:firebase-measurement-connector:20.0.1) with ExtractAarTransform
Transforming firebase-measurement-connector-20.0.1.aar (com.google.firebase:firebase-measurement-connector:20.0.1) with ExtractAarTransform
Transforming play-services-ads-identifier-18.0.0.aar (com.google.android.gms:play-services-ads-identifier:18.0.0) with ExtractAarTransform
Transforming play-services-tasks-18.2.0.aar (com.google.android.gms:play-services-tasks:18.2.0) with AarTransform
Transforming play-services-tasks-18.2.0.aar (com.google.android.gms:play-services-tasks:18.2.0) with AarTransform
Transforming play-services-tasks-18.2.0.aar (com.google.android.gms:play-services-tasks:18.2.0) with AarTransform
Transforming play-services-tasks-18.2.0.aar (com.google.android.gms:play-services-tasks:18.2.0) with AarTransform
Transforming play-services-tasks-18.2.0.aar (com.google.android.gms:play-services-tasks:18.2.0) with AarTransform
Transforming play-services-ads-identifier-18.0.0.aar (com.google.android.gms:play-services-ads-identifier:18.0.0) with ExtractAarTransform
Transforming play-services-measurement-sdk-api-22.0.2.aar (com.google.android.gms:play-services-measurement-sdk-api:22.0.2) with ExtractAarTransform
Transforming play-services-measurement-base-22.0.2.aar (com.google.android.gms:play-services-measurement-base:22.0.2) with ExtractAarTransform
Transforming firebase-measurement-connector-20.0.1.aar (com.google.firebase:firebase-measurement-connector:20.0.1) with AarTransform
Transforming play-services-ads-identifier-18.0.0.aar (com.google.android.gms:play-services-ads-identifier:18.0.0) with AarTransform
Transforming play-services-ads-identifier-18.0.0.aar (com.google.android.gms:play-services-ads-identifier:18.0.0) with AarTransform
Transforming play-services-ads-identifier-18.0.0.aar (com.google.android.gms:play-services-ads-identifier:18.0.0) with AarTransform
Transforming firebase-measurement-connector-20.0.1.aar (com.google.firebase:firebase-measurement-connector:20.0.1) with AarTransform
Transforming play-services-measurement-base-22.0.2.aar (com.google.android.gms:play-services-measurement-base:22.0.2) with ExtractAarTransform
Transforming play-services-measurement-base-22.0.2.aar (com.google.android.gms:play-services-measurement-base:22.0.2) with ExtractAarTransform
Transforming play-services-measurement-base-22.0.2.aar (com.google.android.gms:play-services-measurement-base:22.0.2) with ExtractAarTransform
Transforming play-services-stats-17.0.2.aar (com.google.android.gms:play-services-stats:17.0.2) with ExtractAarTransform
Transforming play-services-stats-17.0.2.aar (com.google.android.gms:play-services-stats:17.0.2) with ExtractAarTransform
Transforming play-services-measurement-base-22.0.2.aar (com.google.android.gms:play-services-measurement-base:22.0.2) with ExtractAarTransform
Transforming play-services-basement-18.4.0.aar (com.google.android.gms:play-services-basement:18.4.0) with ExtractAarTransform
Transforming play-services-basement-18.4.0.aar (com.google.android.gms:play-services-basement:18.4.0) with ExtractAarTransform
Transforming play-services-basement-18.4.0.aar (com.google.android.gms:play-services-basement:18.4.0) with ExtractAarTransform
Transforming play-services-measurement-sdk-api-22.0.2.aar (com.google.android.gms:play-services-measurement-sdk-api:22.0.2) with AarTransform
Transforming play-services-measurement-base-22.0.2.aar (com.google.android.gms:play-services-measurement-base:22.0.2) with AarTransform
Transforming play-services-measurement-base-22.0.2.aar (com.google.android.gms:play-services-measurement-base:22.0.2) with AarTransform
Transforming play-services-measurement-base-22.0.2.aar (com.google.android.gms:play-services-measurement-base:22.0.2) with AarTransform
Transforming play-services-measurement-base-22.0.2.aar (com.google.android.gms:play-services-measurement-base:22.0.2) with AarTransform
Transforming play-services-stats-17.0.2.aar (com.google.android.gms:play-services-stats:17.0.2) with AarTransform
Transforming play-services-measurement-base-22.0.2.aar (com.google.android.gms:play-services-measurement-base:22.0.2) with AarTransform
Transforming play-services-stats-17.0.2.aar (com.google.android.gms:play-services-stats:17.0.2) with AarTransform
Transforming play-services-basement-18.4.0.aar (com.google.android.gms:play-services-basement:18.4.0) with ExtractAarTransform
Transforming play-services-basement-18.4.0.aar (com.google.android.gms:play-services-basement:18.4.0) with ExtractAarTransform
Transforming play-services-basement-18.4.0.aar (com.google.android.gms:play-services-basement:18.4.0) with ExtractAarTransform
Transforming play-services-basement-18.4.0.aar (com.google.android.gms:play-services-basement:18.4.0) with ExtractAarTransform
Transforming play-services-basement-18.4.0.aar (com.google.android.gms:play-services-basement:18.4.0) with ExtractAarTransform
Transforming play-services-basement-18.4.0.aar (com.google.android.gms:play-services-basement:18.4.0) with ExtractAarTransform
Transforming play-services-basement-18.4.0.aar (com.google.android.gms:play-services-basement:18.4.0) with ExtractAarTransform
Transforming fragment-1.3.6.aar (androidx.fragment:fragment:1.3.6) with ExtractAarTransform
Transforming fragment-1.3.6.aar (androidx.fragment:fragment:1.3.6) with AarTransform
Transforming fragment-1.3.6.aar (androidx.fragment:fragment:1.3.6) with ExtractAarTransform
Transforming fragment-1.3.6.aar (androidx.fragment:fragment:1.3.6) with AarTransform
Transforming viewpager-1.0.0.aar (androidx.viewpager:viewpager:1.0.0) with ExtractAarTransform
Transforming viewpager-1.0.0.aar (androidx.viewpager:viewpager:1.0.0) with AarTransform
Transforming viewpager-1.0.0.aar (androidx.viewpager:viewpager:1.0.0) with ExtractAarTransform
Transforming viewpager-1.0.0.aar (androidx.viewpager:viewpager:1.0.0) with AarTransform
Transforming coordinatorlayout-1.0.0.aar (androidx.coordinatorlayout:coordinatorlayout:1.0.0) with ExtractAarTransform
Transforming coordinatorlayout-1.0.0.aar (androidx.coordinatorlayout:coordinatorlayout:1.0.0) with AarTransform
Transforming drawerlayout-1.0.0.aar (androidx.drawerlayout:drawerlayout:1.0.0) with ExtractAarTransform
Transforming play-services-basement-18.4.0.aar (com.google.android.gms:play-services-basement:18.4.0) with AarTransform
Transforming play-services-basement-18.4.0.aar (com.google.android.gms:play-services-basement:18.4.0) with AarTransform
Transforming play-services-basement-18.4.0.aar (com.google.android.gms:play-services-basement:18.4.0) with AarTransform
Transforming play-services-basement-18.4.0.aar (com.google.android.gms:play-services-basement:18.4.0) with AarTransform
Transforming play-services-basement-18.4.0.aar (com.google.android.gms:play-services-basement:18.4.0) with AarTransform
Transforming play-services-basement-18.4.0.aar (com.google.android.gms:play-services-basement:18.4.0) with AarTransform
Transforming play-services-basement-18.4.0.aar (com.google.android.gms:play-services-basement:18.4.0) with AarTransform
Transforming play-services-basement-18.4.0.aar (com.google.android.gms:play-services-basement:18.4.0) with AarTransform
Transforming play-services-basement-18.4.0.aar (com.google.android.gms:play-services-basement:18.4.0) with AarTransform
Transforming drawerlayout-1.0.0.aar (androidx.drawerlayout:drawerlayout:1.0.0) with AarTransform
Transforming play-services-basement-18.4.0.aar (com.google.android.gms:play-services-basement:18.4.0) with AarTransform
Transforming slidingpanelayout-1.0.0.aar (androidx.slidingpanelayout:slidingpanelayout:1.0.0) with ExtractAarTransform
Transforming slidingpanelayout-1.0.0.aar (androidx.slidingpanelayout:slidingpanelayout:1.0.0) with AarTransform
Transforming customview-1.0.0.aar (androidx.customview:customview:1.0.0) with ExtractAarTransform
Transforming customview-1.0.0.aar (androidx.customview:customview:1.0.0) with AarTransform
Transforming customview-1.0.0.aar (androidx.customview:customview:1.0.0) with ExtractAarTransform
Transforming customview-1.0.0.aar (androidx.customview:customview:1.0.0) with AarTransform
Transforming media-1.7.0.aar (androidx.media:media:1.7.0) with ExtractAarTransform
Transforming leanback-1.0.0.aar (androidx.leanback:leanback:1.0.0) with AarTransform
Transforming legacy-support-core-utils-1.0.0.aar (androidx.legacy:legacy-support-core-utils:1.0.0) with ExtractAarTransform
Transforming legacy-support-core-utils-1.0.0.aar (androidx.legacy:legacy-support-core-utils:1.0.0) with ExtractAarTransform
Transforming asynclayoutinflater-1.0.0.aar (androidx.asynclayoutinflater:asynclayoutinflater:1.0.0) with ExtractAarTransform
Transforming loader-1.0.0.aar (androidx.loader:loader:1.0.0) with ExtractAarTransform
Transforming loader-1.0.0.aar (androidx.loader:loader:1.0.0) with ExtractAarTransform
Transforming legacy-support-core-utils-1.0.0.aar (androidx.legacy:legacy-support-core-utils:1.0.0) with ExtractAarTransform
Transforming activity-1.2.4.aar (androidx.activity:activity:1.2.4) with ExtractAarTransform
Transforming vectordrawable-1.1.0.aar (androidx.vectordrawable:vectordrawable:1.1.0) with ExtractAarTransform
Transforming swiperefreshlayout-1.0.0.aar (androidx.swiperefreshlayout:swiperefreshlayout:1.0.0) with ExtractAarTransform
Transforming vectordrawable-animated-1.1.0.aar (androidx.vectordrawable:vectordrawable-animated:1.1.0) with ExtractAarTransform
Transforming asynclayoutinflater-1.0.0.aar (androidx.asynclayoutinflater:asynclayoutinflater:1.0.0) with AarTransform
Transforming legacy-support-core-utils-1.0.0.aar (androidx.legacy:legacy-support-core-utils:1.0.0) with AarTransform
Transforming legacy-support-core-utils-1.0.0.aar (androidx.legacy:legacy-support-core-utils:1.0.0) with AarTransform
Transforming swiperefreshlayout-1.0.0.aar (androidx.swiperefreshlayout:swiperefreshlayout:1.0.0) with AarTransform
Transforming vectordrawable-1.1.0.aar (androidx.vectordrawable:vectordrawable:1.1.0) with AarTransform
Transforming legacy-support-core-utils-1.0.0.aar (androidx.legacy:legacy-support-core-utils:1.0.0) with AarTransform
Transforming loader-1.0.0.aar (androidx.loader:loader:1.0.0) with AarTransform
Transforming loader-1.0.0.aar (androidx.loader:loader:1.0.0) with AarTransform
Transforming vectordrawable-animated-1.1.0.aar (androidx.vectordrawable:vectordrawable-animated:1.1.0) with AarTransform
Transforming activity-1.2.4.aar (androidx.activity:activity:1.2.4) with AarTransform
Transforming media-1.7.0.aar (androidx.media:media:1.7.0) with AarTransform
Transforming core-1.12.0.aar (androidx.core:core:1.12.0) with ExtractAarTransform
Transforming core-1.12.0.aar (androidx.core:core:1.12.0) with ExtractAarTransform
Transforming core-1.12.0.aar (androidx.core:core:1.12.0) with ExtractAarTransform
Transforming core-1.12.0.aar (androidx.core:core:1.12.0) with ExtractAarTransform
Transforming core-1.12.0.aar (androidx.core:core:1.12.0) with ExtractAarTransform
Transforming core-1.12.0.aar (androidx.core:core:1.12.0) with ExtractAarTransform
Transforming core-1.12.0.aar (androidx.core:core:1.12.0) with ExtractAarTransform
Transforming core-1.12.0.aar (androidx.core:core:1.12.0) with ExtractAarTransform
Transforming core-1.12.0.aar (androidx.core:core:1.12.0) with ExtractAarTransform
Transforming core-1.12.0.aar (androidx.core:core:1.12.0) with ExtractAarTransform
Transforming core-1.12.0.aar (androidx.core:core:1.12.0) with ExtractAarTransform
Transforming core-1.12.0.aar (androidx.core:core:1.12.0) with ExtractAarTransform
Transforming core-1.12.0.aar (androidx.core:core:1.12.0) with AarTransform
Transforming core-1.12.0.aar (androidx.core:core:1.12.0) with AarTransform
Transforming core-1.12.0.aar (androidx.core:core:1.12.0) with AarTransform
Transforming core-1.12.0.aar (androidx.core:core:1.12.0) with AarTransform
Transforming core-1.12.0.aar (androidx.core:core:1.12.0) with AarTransform
Transforming core-1.12.0.aar (androidx.core:core:1.12.0) with AarTransform
Transforming core-1.12.0.aar (androidx.core:core:1.12.0) with AarTransform
Transforming core-1.12.0.aar (androidx.core:core:1.12.0) with AarTransform
Transforming core-1.12.0.aar (androidx.core:core:1.12.0) with AarTransform
Transforming core-1.12.0.aar (androidx.core:core:1.12.0) with AarTransform
Transforming core-1.12.0.aar (androidx.core:core:1.12.0) with AarTransform
Transforming core-1.12.0.aar (androidx.core:core:1.12.0) with AarTransform
Transforming firebase-config-interop-16.0.1.aar (com.google.firebase:firebase-config-interop:16.0.1) with ExtractAarTransform
Transforming interpolator-1.0.0.aar (androidx.interpolator:interpolator:1.0.0) with ExtractAarTransform
Transforming firebase-encoders-json-18.0.1.aar (com.google.firebase:firebase-encoders-json:18.0.1) with ExtractAarTransform
Transforming lifecycle-runtime-2.3.1.aar (androidx.lifecycle:lifecycle-runtime:2.3.1) with ExtractAarTransform
Transforming firebase-encoders-json-18.0.1.aar (com.google.firebase:firebase-encoders-json:18.0.1) with ExtractAarTransform
Transforming versionedparcelable-1.1.1.aar (androidx.versionedparcelable:versionedparcelable:1.1.1) with ExtractAarTransform
Transforming lifecycle-viewmodel-2.3.1.aar (androidx.lifecycle:lifecycle-viewmodel:2.3.1) with ExtractAarTransform
Transforming lifecycle-viewmodel-savedstate-2.3.1.aar (androidx.lifecycle:lifecycle-viewmodel-savedstate:2.3.1) with ExtractAarTransform
Transforming savedstate-1.1.0.aar (androidx.savedstate:savedstate:1.1.0) with ExtractAarTransform
Transforming firebase-encoders-json-18.0.1.aar (com.google.firebase:firebase-encoders-json:18.0.1) with ExtractAarTransform
Transforming gifdecoder-4.16.0.aar (com.github.bumptech.glide:gifdecoder:4.16.0) with ExtractAarTransform
Transforming lifecycle-viewmodel-2.3.1.aar (androidx.lifecycle:lifecycle-viewmodel:2.3.1) with ExtractAarTransform
Transforming interpolator-1.0.0.aar (androidx.interpolator:interpolator:1.0.0) with AarTransform
Transforming firebase-config-interop-16.0.1.aar (com.google.firebase:firebase-config-interop:16.0.1) with AarTransform
Transforming firebase-encoders-json-18.0.1.aar (com.google.firebase:firebase-encoders-json:18.0.1) with AarTransform
Transforming firebase-encoders-json-18.0.1.aar (com.google.firebase:firebase-encoders-json:18.0.1) with AarTransform
Transforming cursoradapter-1.0.0.aar (androidx.cursoradapter:cursoradapter:1.0.0) with ExtractAarTransform
Transforming firebase-encoders-json-18.0.1.aar (com.google.firebase:firebase-encoders-json:18.0.1) with AarTransform
Transforming lifecycle-viewmodel-savedstate-2.3.1.aar (androidx.lifecycle:lifecycle-viewmodel-savedstate:2.3.1) with AarTransform
Transforming lifecycle-runtime-2.3.1.aar (androidx.lifecycle:lifecycle-runtime:2.3.1) with AarTransform
Transforming lifecycle-viewmodel-2.3.1.aar (androidx.lifecycle:lifecycle-viewmodel:2.3.1) with AarTransform
Transforming versionedparcelable-1.1.1.aar (androidx.versionedparcelable:versionedparcelable:1.1.1) with AarTransform
Transforming lifecycle-viewmodel-2.3.1.aar (androidx.lifecycle:lifecycle-viewmodel:2.3.1) with AarTransform
Transforming gifdecoder-4.16.0.aar (com.github.bumptech.glide:gifdecoder:4.16.0) with AarTransform
Transforming savedstate-1.1.0.aar (androidx.savedstate:savedstate:1.1.0) with AarTransform
Transforming lifecycle-livedata-2.0.0.aar (androidx.lifecycle:lifecycle-livedata:2.0.0) with ExtractAarTransform
Transforming lifecycle-livedata-core-2.3.1.aar (androidx.lifecycle:lifecycle-livedata-core:2.3.1) with ExtractAarTransform
Transforming lifecycle-livedata-core-2.3.1.aar (androidx.lifecycle:lifecycle-livedata-core:2.3.1) with ExtractAarTransform
Transforming core-runtime-2.1.0.aar (androidx.arch.core:core-runtime:2.1.0) with ExtractAarTransform
Transforming documentfile-1.0.0.aar (androidx.documentfile:documentfile:1.0.0) with ExtractAarTransform
Transforming localbroadcastmanager-1.0.0.aar (androidx.localbroadcastmanager:localbroadcastmanager:1.0.0) with ExtractAarTransform
Transforming print-1.0.0.aar (androidx.print:print:1.0.0) with ExtractAarTransform
Transforming media3-exoplayer-1.4.1.aar (androidx.media3:media3-exoplayer:1.4.1) with ExtractAarTransform
Transforming cursoradapter-1.0.0.aar (androidx.cursoradapter:cursoradapter:1.0.0) with AarTransform
Transforming media3-container-1.4.1.aar (androidx.media3:media3-container:1.4.1) with ExtractAarTransform
Transforming media3-common-1.4.1.aar (androidx.media3:media3-common:1.4.1) with ExtractAarTransform
Transforming annotation-experimental-1.3.1.aar (androidx.annotation:annotation-experimental:1.3.1) with ExtractAarTransform
Transforming multidex-2.0.1.aar (androidx.multidex:multidex:2.0.1) with ExtractAarTransform
Transforming lifecycle-livedata-core-2.3.1.aar (androidx.lifecycle:lifecycle-livedata-core:2.3.1) with AarTransform
Transforming lifecycle-livedata-core-2.3.1.aar (androidx.lifecycle:lifecycle-livedata-core:2.3.1) with AarTransform
Transforming documentfile-1.0.0.aar (androidx.documentfile:documentfile:1.0.0) with AarTransform
Transforming lifecycle-livedata-2.0.0.aar (androidx.lifecycle:lifecycle-livedata:2.0.0) with AarTransform
Transforming localbroadcastmanager-1.0.0.aar (androidx.localbroadcastmanager:localbroadcastmanager:1.0.0) with AarTransform
Transforming constraintlayout-2.1.4.aar (androidx.constraintlayout:constraintlayout:2.1.4) with ExtractAarTransform
Transforming print-1.0.0.aar (androidx.print:print:1.0.0) with AarTransform
Transforming core-runtime-2.1.0.aar (androidx.arch.core:core-runtime:2.1.0) with AarTransform
Transforming media3-container-1.4.1.aar (androidx.media3:media3-container:1.4.1) with AarTransform
Transforming media3-ui-1.4.1.aar (androidx.media3:media3-ui:1.4.1) with ExtractAarTransform
Transforming media3-exoplayer-rtsp-1.4.1.aar (androidx.media3:media3-exoplayer-rtsp:1.4.1) with ExtractAarTransform
Transforming media3-exoplayer-hls-1.4.1.aar (androidx.media3:media3-exoplayer-hls:1.4.1) with ExtractAarTransform
Transforming media3-exoplayer-dash-1.4.1.aar (androidx.media3:media3-exoplayer-dash:1.4.1) with ExtractAarTransform
Transforming media3-datasource-rtmp-1.4.1.aar (androidx.media3:media3-datasource-rtmp:1.4.1) with ExtractAarTransform
Transforming multidex-2.0.1.aar (androidx.multidex:multidex:2.0.1) with AarTransform
Transforming exifinterface-1.3.6.aar (androidx.exifinterface:exifinterface:1.3.6) with ExtractAarTransform
Transforming tracing-1.0.0.aar (androidx.tracing:tracing:1.0.0) with ExtractAarTransform
Transforming media3-common-1.4.1.aar (androidx.media3:media3-common:1.4.1) with AarTransform
Transforming media3-database-1.4.1.aar (androidx.media3:media3-database:1.4.1) with ExtractAarTransform
Transforming annotation-experimental-1.3.1.aar (androidx.annotation:annotation-experimental:1.3.1) with AarTransform
Transforming constraintlayout-2.1.4.aar (androidx.constraintlayout:constraintlayout:2.1.4) with AarTransform
Transforming media3-datasource-1.4.1.aar (androidx.media3:media3-datasource:1.4.1) with ExtractAarTransform
Transforming media3-exoplayer-rtsp-1.4.1.aar (androidx.media3:media3-exoplayer-rtsp:1.4.1) with AarTransform
Transforming media3-exoplayer-hls-1.4.1.aar (androidx.media3:media3-exoplayer-hls:1.4.1) with AarTransform
Transforming media3-exoplayer-dash-1.4.1.aar (androidx.media3:media3-exoplayer-dash:1.4.1) with AarTransform
Transforming media3-datasource-rtmp-1.4.1.aar (androidx.media3:media3-datasource-rtmp:1.4.1) with AarTransform
Transforming media3-decoder-1.4.1.aar (androidx.media3:media3-decoder:1.4.1) with ExtractAarTransform
Transforming exifinterface-1.3.6.aar (androidx.exifinterface:exifinterface:1.3.6) with AarTransform
Transforming media3-extractor-1.4.1.aar (androidx.media3:media3-extractor:1.4.1) with ExtractAarTransform
Transforming firebase-components-18.0.0.aar (com.google.firebase:firebase-components:18.0.0) with ExtractAarTransform
Transforming firebase-components-18.0.0.aar (com.google.firebase:firebase-components:18.0.0) with ExtractAarTransform
Transforming firebase-components-18.0.0.aar (com.google.firebase:firebase-components:18.0.0) with ExtractAarTransform
Transforming tracing-1.0.0.aar (androidx.tracing:tracing:1.0.0) with AarTransform
Transforming media3-database-1.4.1.aar (androidx.media3:media3-database:1.4.1) with AarTransform
Transforming firebase-components-18.0.0.aar (com.google.firebase:firebase-components:18.0.0) with ExtractAarTransform
Transforming firebase-components-18.0.0.aar (com.google.firebase:firebase-components:18.0.0) with ExtractAarTransform
Transforming media3-decoder-1.4.1.aar (androidx.media3:media3-decoder:1.4.1) with AarTransform
Transforming media3-datasource-1.4.1.aar (androidx.media3:media3-datasource:1.4.1) with AarTransform
Transforming firebase-components-18.0.0.aar (com.google.firebase:firebase-components:18.0.0) with AarTransform
Transforming firebase-components-18.0.0.aar (com.google.firebase:firebase-components:18.0.0) with AarTransform
Transforming firebase-components-18.0.0.aar (com.google.firebase:firebase-components:18.0.0) with AarTransform
Transforming firebase-components-18.0.0.aar (com.google.firebase:firebase-components:18.0.0) with AarTransform
Transforming firebase-components-18.0.0.aar (com.google.firebase:firebase-components:18.0.0) with AarTransform
Transforming media3-exoplayer-1.4.1.aar (androidx.media3:media3-exoplayer:1.4.1) with AarTransform
Transforming media3-ui-1.4.1.aar (androidx.media3:media3-ui:1.4.1) with AarTransform
Transforming media3-extractor-1.4.1.aar (androidx.media3:media3-extractor:1.4.1) with AarTransform
Transforming viewbinding-8.3.1.aar (androidx.databinding:viewbinding:8.3.1) with ExtractAarTransform
Transforming viewbinding-8.3.1.aar (androidx.databinding:viewbinding:8.3.1) with AarTransform
Transforming firebase-crashlytics-19.0.3.aar (com.google.firebase:firebase-crashlytics:19.0.3) with ExtractAarTransform
Transforming firebase-crashlytics-19.0.3.aar (com.google.firebase:firebase-crashlytics:19.0.3) with AarTransform
Transforming leanback-1.0.0.aar (androidx.leanback:leanback:1.0.0) with ExtractAarTransform
Transforming leanback-1.0.0.aar (androidx.leanback:leanback:1.0.0) with AarTransform
Transforming media3-exoplayer-hls-1.4.1.aar (androidx.media3:media3-exoplayer-hls:1.4.1) with ExtractAarTransform
Transforming media3-exoplayer-hls-1.4.1.aar (androidx.media3:media3-exoplayer-hls:1.4.1) with AarTransform
Transforming media3-exoplayer-rtsp-1.4.1.aar (androidx.media3:media3-exoplayer-rtsp:1.4.1) with ExtractAarTransform
Transforming media3-exoplayer-rtsp-1.4.1.aar (androidx.media3:media3-exoplayer-rtsp:1.4.1) with AarTransform
Transforming media3-exoplayer-dash-1.4.1.aar (androidx.media3:media3-exoplayer-dash:1.4.1) with ExtractAarTransform
Transforming media3-exoplayer-dash-1.4.1.aar (androidx.media3:media3-exoplayer-dash:1.4.1) with AarTransform
Transforming media3-exoplayer-1.4.1.aar (androidx.media3:media3-exoplayer:1.4.1) with ExtractAarTransform
Transforming media3-exoplayer-1.4.1.aar (androidx.media3:media3-exoplayer:1.4.1) with AarTransform
Transforming media3-datasource-rtmp-1.4.1.aar (androidx.media3:media3-datasource-rtmp:1.4.1) with ExtractAarTransform
Transforming media3-datasource-rtmp-1.4.1.aar (androidx.media3:media3-datasource-rtmp:1.4.1) with AarTransform
Transforming media3-extractor-1.4.1.aar (androidx.media3:media3-extractor:1.4.1) with ExtractAarTransform
Transforming media3-extractor-1.4.1.aar (androidx.media3:media3-extractor:1.4.1) with AarTransform
Transforming media3-container-1.4.1.aar (androidx.media3:media3-container:1.4.1) with ExtractAarTransform
Transforming media3-container-1.4.1.aar (androidx.media3:media3-container:1.4.1) with AarTransform
Transforming media3-datasource-1.4.1.aar (androidx.media3:media3-datasource:1.4.1) with ExtractAarTransform
Transforming media3-datasource-1.4.1.aar (androidx.media3:media3-datasource:1.4.1) with AarTransform
Transforming media3-decoder-1.4.1.aar (androidx.media3:media3-decoder:1.4.1) with ExtractAarTransform
Transforming media3-decoder-1.4.1.aar (androidx.media3:media3-decoder:1.4.1) with AarTransform
Transforming media3-database-1.4.1.aar (androidx.media3:media3-database:1.4.1) with ExtractAarTransform
Transforming media3-database-1.4.1.aar (androidx.media3:media3-database:1.4.1) with AarTransform
Transforming media3-common-1.4.1.aar (androidx.media3:media3-common:1.4.1) with ExtractAarTransform
Transforming media3-common-1.4.1.aar (androidx.media3:media3-common:1.4.1) with AarTransform
Transforming media3-ui-1.4.1.aar (androidx.media3:media3-ui:1.4.1) with ExtractAarTransform
Transforming media3-ui-1.4.1.aar (androidx.media3:media3-ui:1.4.1) with AarTransform
Transforming recyclerview-1.3.2.aar (androidx.recyclerview:recyclerview:1.3.2) with ExtractAarTransform
Transforming recyclerview-1.3.2.aar (androidx.recyclerview:recyclerview:1.3.2) with AarTransform
Transforming constraintlayout-2.1.4.aar (androidx.constraintlayout:constraintlayout:2.1.4) with ExtractAarTransform
Transforming constraintlayout-2.1.4.aar (androidx.constraintlayout:constraintlayout:2.1.4) with AarTransform
Transforming glide-4.16.0.aar (com.github.bumptech.glide:glide:4.16.0) with ExtractAarTransform
Transforming glide-4.16.0.aar (com.github.bumptech.glide:glide:4.16.0) with AarTransform
Transforming firebase-analytics-22.0.2.aar (com.google.firebase:firebase-analytics:22.0.2) with ExtractAarTransform
Transforming firebase-analytics-22.0.2.aar (com.google.firebase:firebase-analytics:22.0.2) with AarTransform
Transforming appcompat-1.2.0.aar (androidx.appcompat:appcompat:1.2.0) with ExtractAarTransform
Transforming play-services-tasks-18.2.0.aar (com.google.android.gms:play-services-tasks:18.2.0) with ExtractAarTransform
Transforming play-services-tasks-18.2.0.aar (com.google.android.gms:play-services-tasks:18.2.0) with AarTransform
Transforming ads-adservices-1.0.0-beta05.aar (androidx.privacysandbox.ads:ads-adservices:1.0.0-beta05) with ExtractAarTransform
Transforming fragment-1.3.6.aar (androidx.fragment:fragment:1.3.6) with ExtractAarTransform
Transforming ads-adservices-1.0.0-beta05.aar (androidx.privacysandbox.ads:ads-adservices:1.0.0-beta05) with AarTransform
Transforming fragment-1.3.6.aar (androidx.fragment:fragment:1.3.6) with AarTransform
Transforming datastore-preferences-1.0.0.aar (androidx.datastore:datastore-preferences:1.0.0) with ExtractAarTransform
Transforming viewpager-1.0.0.aar (androidx.viewpager:viewpager:1.0.0) with ExtractAarTransform
Transforming datastore-1.0.0.aar (androidx.datastore:datastore:1.0.0) with ExtractAarTransform
Transforming viewpager-1.0.0.aar (androidx.viewpager:viewpager:1.0.0) with AarTransform
Transforming drawerlayout-1.0.0.aar (androidx.drawerlayout:drawerlayout:1.0.0) with ExtractAarTransform
Transforming drawerlayout-1.0.0.aar (androidx.drawerlayout:drawerlayout:1.0.0) with AarTransform
Transforming customview-1.0.0.aar (androidx.customview:customview:1.0.0) with ExtractAarTransform
Transforming customview-1.0.0.aar (androidx.customview:customview:1.0.0) with AarTransform
Transforming loader-1.0.0.aar (androidx.loader:loader:1.0.0) with ExtractAarTransform
Transforming media-1.7.0.aar (androidx.media:media:1.7.0) with ExtractAarTransform
Transforming loader-1.0.0.aar (androidx.loader:loader:1.0.0) with AarTransform
Transforming media-1.7.0.aar (androidx.media:media:1.7.0) with AarTransform
Transforming activity-1.2.4.aar (androidx.activity:activity:1.2.4) with ExtractAarTransform
Transforming activity-1.2.4.aar (androidx.activity:activity:1.2.4) with AarTransform
Transforming vectordrawable-animated-1.1.0.aar (androidx.vectordrawable:vectordrawable-animated:1.1.0) with ExtractAarTransform
Transforming vectordrawable-animated-1.1.0.aar (androidx.vectordrawable:vectordrawable-animated:1.1.0) with AarTransform
Transforming vectordrawable-1.1.0.aar (androidx.vectordrawable:vectordrawable:1.1.0) with ExtractAarTransform
Transforming appcompat-resources-1.2.0.aar (androidx.appcompat:appcompat-resources:1.2.0) with ExtractAarTransform
Transforming vectordrawable-1.1.0.aar (androidx.vectordrawable:vectordrawable:1.1.0) with AarTransform
Transforming core-1.12.0.aar (androidx.core:core:1.12.0) with ExtractAarTransform
Transforming core-1.12.0.aar (androidx.core:core:1.12.0) with AarTransform
Transforming core-ktx-1.12.0.aar (androidx.core:core-ktx:1.12.0) with ExtractAarTransform
Transforming core-ktx-1.12.0.aar (androidx.core:core-ktx:1.12.0) with AarTransform
Transforming customview-poolingcontainer-1.0.0.aar (androidx.customview:customview-poolingcontainer:1.0.0) with ExtractAarTransform
Transforming annotation-experimental-1.3.1.aar (androidx.annotation:annotation-experimental:1.3.1) with ExtractAarTransform
Transforming annotation-experimental-1.3.1.aar (androidx.annotation:annotation-experimental:1.3.1) with AarTransform
Transforming datastore-1.0.0.aar (androidx.datastore:datastore:1.0.0) with AarTransform
Transforming cardview-1.0.0.aar (androidx.cardview:cardview:1.0.0) with ExtractAarTransform
Transforming cardview-1.0.0.aar (androidx.cardview:cardview:1.0.0) with AarTransform
Transforming gifdecoder-4.16.0.aar (com.github.bumptech.glide:gifdecoder:4.16.0) with ExtractAarTransform
Transforming gifdecoder-4.16.0.aar (com.github.bumptech.glide:gifdecoder:4.16.0) with AarTransform
Transforming exifinterface-1.3.6.aar (androidx.exifinterface:exifinterface:1.3.6) with ExtractAarTransform
Transforming exifinterface-1.3.6.aar (androidx.exifinterface:exifinterface:1.3.6) with AarTransform
Transforming tracing-1.0.0.aar (androidx.tracing:tracing:1.0.0) with ExtractAarTransform
Transforming tracing-1.0.0.aar (androidx.tracing:tracing:1.0.0) with AarTransform
Transforming versionedparcelable-1.1.1.aar (androidx.versionedparcelable:versionedparcelable:1.1.1) with ExtractAarTransform
Transforming versionedparcelable-1.1.1.aar (androidx.versionedparcelable:versionedparcelable:1.1.1) with AarTransform
Transforming appcompat-resources-1.2.0.aar (androidx.appcompat:appcompat-resources:1.2.0) with AarTransform
Transforming transport-backend-cct-3.3.0.aar (com.google.android.datatransport:transport-backend-cct:3.3.0) with ExtractAarTransform
Transforming transport-backend-cct-3.3.0.aar (com.google.android.datatransport:transport-backend-cct:3.3.0) with ExtractAarTransform
Transforming transport-runtime-3.3.0.aar (com.google.android.datatransport:transport-runtime:3.3.0) with ExtractAarTransform
Transforming transport-runtime-3.3.0.aar (com.google.android.datatransport:transport-runtime:3.3.0) with ExtractAarTransform
Transforming transport-runtime-3.3.0.aar (com.google.android.datatransport:transport-runtime:3.3.0) with ExtractAarTransform
Transforming interpolator-1.0.0.aar (androidx.interpolator:interpolator:1.0.0) with ExtractAarTransform
Transforming firebase-datatransport-19.0.0.aar (com.google.firebase:firebase-datatransport:19.0.0) with ExtractAarTransform
Transforming customview-poolingcontainer-1.0.0.aar (androidx.customview:customview-poolingcontainer:1.0.0) with AarTransform
Transforming interpolator-1.0.0.aar (androidx.interpolator:interpolator:1.0.0) with AarTransform
Transforming lifecycle-runtime-2.3.1.aar (androidx.lifecycle:lifecycle-runtime:2.3.1) with ExtractAarTransform
Transforming lifecycle-runtime-2.3.1.aar (androidx.lifecycle:lifecycle-runtime:2.3.1) with AarTransform
Transforming lifecycle-viewmodel-savedstate-2.3.1.aar (androidx.lifecycle:lifecycle-viewmodel-savedstate:2.3.1) with ExtractAarTransform
Transforming transport-api-3.2.0.aar (com.google.android.datatransport:transport-api:3.2.0) with ExtractAarTransform
Transforming lifecycle-viewmodel-savedstate-2.3.1.aar (androidx.lifecycle:lifecycle-viewmodel-savedstate:2.3.1) with AarTransform
Transforming lifecycle-viewmodel-2.3.1.aar (androidx.lifecycle:lifecycle-viewmodel:2.3.1) with ExtractAarTransform
Transforming lifecycle-viewmodel-2.3.1.aar (androidx.lifecycle:lifecycle-viewmodel:2.3.1) with AarTransform
Transforming savedstate-1.1.0.aar (androidx.savedstate:savedstate:1.1.0) with ExtractAarTransform
Transforming transport-api-3.2.0.aar (com.google.android.datatransport:transport-api:3.2.0) with ExtractAarTransform
Transforming transport-api-3.2.0.aar (com.google.android.datatransport:transport-api:3.2.0) with ExtractAarTransform
Transforming savedstate-1.1.0.aar (androidx.savedstate:savedstate:1.1.0) with AarTransform
Transforming cursoradapter-1.0.0.aar (androidx.cursoradapter:cursoradapter:1.0.0) with ExtractAarTransform
Transforming cursoradapter-1.0.0.aar (androidx.cursoradapter:cursoradapter:1.0.0) with AarTransform
Transforming lifecycle-livedata-core-2.3.1.aar (androidx.lifecycle:lifecycle-livedata-core:2.3.1) with ExtractAarTransform
Transforming lifecycle-livedata-core-2.3.1.aar (androidx.lifecycle:lifecycle-livedata-core:2.3.1) with AarTransform
Transforming core-runtime-2.1.0.aar (androidx.arch.core:core-runtime:2.1.0) with ExtractAarTransform
Transforming core-runtime-2.1.0.aar (androidx.arch.core:core-runtime:2.1.0) with AarTransform
Transforming multidex-2.0.1.aar (androidx.multidex:multidex:2.0.1) with ExtractAarTransform
Transforming multidex-2.0.1.aar (androidx.multidex:multidex:2.0.1) with AarTransform
Transforming transport-api-3.2.0.aar (com.google.android.datatransport:transport-api:3.2.0) with ExtractAarTransform
Transforming transport-backend-cct-3.3.0.aar (com.google.android.datatransport:transport-backend-cct:3.3.0) with AarTransform
Transforming transport-backend-cct-3.3.0.aar (com.google.android.datatransport:transport-backend-cct:3.3.0) with AarTransform
Transforming transport-runtime-3.3.0.aar (com.google.android.datatransport:transport-runtime:3.3.0) with AarTransform
Transforming transport-runtime-3.3.0.aar (com.google.android.datatransport:transport-runtime:3.3.0) with AarTransform
Transforming transport-runtime-3.3.0.aar (com.google.android.datatransport:transport-runtime:3.3.0) with AarTransform
Transforming transport-api-3.2.0.aar (com.google.android.datatransport:transport-api:3.2.0) with ExtractAarTransform
Transforming firebase-datatransport-19.0.0.aar (com.google.firebase:firebase-datatransport:19.0.0) with AarTransform
Transforming rtmp-client-3.2.0.aar (io.antmedia:rtmp-client:3.2.0) with ExtractAarTransform
Transforming transport-api-3.2.0.aar (com.google.android.datatransport:transport-api:3.2.0) with AarTransform
Transforming transport-api-3.2.0.aar (com.google.android.datatransport:transport-api:3.2.0) with AarTransform
Transforming transport-api-3.2.0.aar (com.google.android.datatransport:transport-api:3.2.0) with AarTransform
Transforming transport-api-3.2.0.aar (com.google.android.datatransport:transport-api:3.2.0) with AarTransform
Transforming transport-api-3.2.0.aar (com.google.android.datatransport:transport-api:3.2.0) with AarTransform
Transforming rtmp-client-3.2.0.aar (io.antmedia:rtmp-client:3.2.0) with AarTransform
Transforming appcompat-1.2.0.aar (androidx.appcompat:appcompat:1.2.0) with AarTransform
Transforming datastore-preferences-1.0.0.aar (androidx.datastore:datastore-preferences:1.0.0) with AarTransform
Caching disabled for task ':app:dataBindingMergeDependencyArtifactsDebug' because:
  Build cache is disabled
Skipping task ':app:dataBindingMergeDependencyArtifactsDebug' as it is up-to-date.
Resolve mutations for :app:generateDebugResValues (Thread[included builds,5,main]) started.
:app:generateDebugResValues (Thread[included builds,5,main]) started.

> Task :app:generateDebugResValues UP-TO-DATE
Caching disabled for task ':app:generateDebugResValues' because:
  Build cache is disabled
Skipping task ':app:generateDebugResValues' as it is up-to-date.
Resolve mutations for :app:generateDebugResources (Thread[Execution worker Thread 11,5,main]) started.
:app:generateDebugResources (Thread[Execution worker Thread 11,5,main]) started.

> Task :app:generateDebugResources UP-TO-DATE
Caching disabled for task ':app:generateDebugResources' because:
  Build cache is disabled
Skipping task ':app:generateDebugResources' as it is up-to-date.
Resolve mutations for :app:injectCrashlyticsMappingFileIdDebug (Thread[Execution worker Thread 11,5,main]) started.
:app:injectCrashlyticsMappingFileIdDebug (Thread[Execution worker Thread 11,5,main]) started.

> Task :app:injectCrashlyticsMappingFileIdDebug UP-TO-DATE
Caching disabled for task ':app:injectCrashlyticsMappingFileIdDebug' because:
  Build cache is disabled
Skipping task ':app:injectCrashlyticsMappingFileIdDebug' as it is up-to-date.
Resolve mutations for :app:processDebugGoogleServices (Thread[Execution worker Thread 11,5,main]) started.
:app:processDebugGoogleServices (Thread[Execution worker Thread 11,5,main]) started.

> Task :app:processDebugGoogleServices UP-TO-DATE
Caching disabled for task ':app:processDebugGoogleServices' because:
  Build cache is disabled
Skipping task ':app:processDebugGoogleServices' as it is up-to-date.
Resolve mutations for :app:mergeDebugResources (Thread[Execution worker Thread 11,5,main]) started.
:app:mergeDebugResources (Thread[Execution worker Thread 11,5,main]) started.

> Task :app:mergeDebugResources UP-TO-DATE
Transforming viewbinding-8.3.1.aar (androidx.databinding:viewbinding:8.3.1) with ExtractAarTransform
Transforming viewbinding-8.3.1.aar (androidx.databinding:viewbinding:8.3.1) with AarTransform
Transforming firebase-crashlytics-19.0.3.aar (com.google.firebase:firebase-crashlytics:19.0.3) with ExtractAarTransform
Transforming firebase-crashlytics-19.0.3.aar (com.google.firebase:firebase-crashlytics:19.0.3) with AarTransform
Transforming leanback-1.0.0.aar (androidx.leanback:leanback:1.0.0) with ExtractAarTransform
Transforming leanback-1.0.0.aar (androidx.leanback:leanback:1.0.0) with AarTransform
Transforming media3-exoplayer-hls-1.4.1.aar (androidx.media3:media3-exoplayer-hls:1.4.1) with ExtractAarTransform
Transforming media3-exoplayer-hls-1.4.1.aar (androidx.media3:media3-exoplayer-hls:1.4.1) with AarTransform
Transforming media3-exoplayer-rtsp-1.4.1.aar (androidx.media3:media3-exoplayer-rtsp:1.4.1) with ExtractAarTransform
Transforming media3-exoplayer-rtsp-1.4.1.aar (androidx.media3:media3-exoplayer-rtsp:1.4.1) with AarTransform
Transforming media3-exoplayer-dash-1.4.1.aar (androidx.media3:media3-exoplayer-dash:1.4.1) with ExtractAarTransform
Transforming media3-exoplayer-dash-1.4.1.aar (androidx.media3:media3-exoplayer-dash:1.4.1) with AarTransform
Transforming media3-exoplayer-1.4.1.aar (androidx.media3:media3-exoplayer:1.4.1) with ExtractAarTransform
Transforming media3-exoplayer-1.4.1.aar (androidx.media3:media3-exoplayer:1.4.1) with AarTransform
Transforming media3-datasource-rtmp-1.4.1.aar (androidx.media3:media3-datasource-rtmp:1.4.1) with ExtractAarTransform
Transforming media3-datasource-rtmp-1.4.1.aar (androidx.media3:media3-datasource-rtmp:1.4.1) with AarTransform
Transforming media3-extractor-1.4.1.aar (androidx.media3:media3-extractor:1.4.1) with ExtractAarTransform
Transforming media3-extractor-1.4.1.aar (androidx.media3:media3-extractor:1.4.1) with AarTransform
Transforming media3-container-1.4.1.aar (androidx.media3:media3-container:1.4.1) with ExtractAarTransform
Transforming media3-container-1.4.1.aar (androidx.media3:media3-container:1.4.1) with AarTransform
Transforming media3-datasource-1.4.1.aar (androidx.media3:media3-datasource:1.4.1) with ExtractAarTransform
Transforming media3-datasource-1.4.1.aar (androidx.media3:media3-datasource:1.4.1) with AarTransform
Transforming media3-decoder-1.4.1.aar (androidx.media3:media3-decoder:1.4.1) with ExtractAarTransform
Transforming media3-decoder-1.4.1.aar (androidx.media3:media3-decoder:1.4.1) with AarTransform
Transforming media3-database-1.4.1.aar (androidx.media3:media3-database:1.4.1) with ExtractAarTransform
Transforming media3-database-1.4.1.aar (androidx.media3:media3-database:1.4.1) with AarTransform
Transforming media3-common-1.4.1.aar (androidx.media3:media3-common:1.4.1) with ExtractAarTransform
Transforming media3-common-1.4.1.aar (androidx.media3:media3-common:1.4.1) with AarTransform
Transforming media3-ui-1.4.1.aar (androidx.media3:media3-ui:1.4.1) with ExtractAarTransform
Transforming media3-ui-1.4.1.aar (androidx.media3:media3-ui:1.4.1) with AarTransform
Transforming recyclerview-1.3.2.aar (androidx.recyclerview:recyclerview:1.3.2) with ExtractAarTransform
Transforming recyclerview-1.3.2.aar (androidx.recyclerview:recyclerview:1.3.2) with AarTransform
Transforming recyclerview-1.3.2.aar (androidx.recyclerview:recyclerview:1.3.2) with ExtractAarTransform
Transforming recyclerview-1.3.2.aar (androidx.recyclerview:recyclerview:1.3.2) with AarTransform
Transforming constraintlayout-2.1.4.aar (androidx.constraintlayout:constraintlayout:2.1.4) with ExtractAarTransform
Transforming constraintlayout-2.1.4.aar (androidx.constraintlayout:constraintlayout:2.1.4) with AarTransform
Transforming legacy-support-core-ui-1.0.0.aar (androidx.legacy:legacy-support-core-ui:1.0.0) with ExtractAarTransform
Transforming legacy-support-core-ui-1.0.0.aar (androidx.legacy:legacy-support-core-ui:1.0.0) with AarTransform
Transforming glide-4.16.0.aar (com.github.bumptech.glide:glide:4.16.0) with ExtractAarTransform
Transforming glide-4.16.0.aar (com.github.bumptech.glide:glide:4.16.0) with AarTransform
Transforming appcompat-1.2.0.aar (androidx.appcompat:appcompat:1.2.0) with ExtractAarTransform
Transforming appcompat-1.2.0.aar (androidx.appcompat:appcompat:1.2.0) with AarTransform
Transforming firebase-analytics-22.0.2.aar (com.google.firebase:firebase-analytics:22.0.2) with ExtractAarTransform
Transforming firebase-analytics-22.0.2.aar (com.google.firebase:firebase-analytics:22.0.2) with AarTransform
Transforming play-services-measurement-22.0.2.aar (com.google.android.gms:play-services-measurement:22.0.2) with ExtractAarTransform
Transforming play-services-measurement-22.0.2.aar (com.google.android.gms:play-services-measurement:22.0.2) with AarTransform
Transforming play-services-measurement-api-22.0.2.aar (com.google.android.gms:play-services-measurement-api:22.0.2) with ExtractAarTransform
Transforming play-services-measurement-api-22.0.2.aar (com.google.android.gms:play-services-measurement-api:22.0.2) with AarTransform
Transforming play-services-measurement-sdk-22.0.2.aar (com.google.android.gms:play-services-measurement-sdk:22.0.2) with ExtractAarTransform
Transforming play-services-measurement-sdk-22.0.2.aar (com.google.android.gms:play-services-measurement-sdk:22.0.2) with AarTransform
Transforming firebase-measurement-connector-20.0.1.aar (com.google.firebase:firebase-measurement-connector:20.0.1) with ExtractAarTransform
Transforming firebase-measurement-connector-20.0.1.aar (com.google.firebase:firebase-measurement-connector:20.0.1) with AarTransform
Transforming firebase-measurement-connector-20.0.1.aar (com.google.firebase:firebase-measurement-connector:20.0.1) with ExtractAarTransform
Transforming firebase-measurement-connector-20.0.1.aar (com.google.firebase:firebase-measurement-connector:20.0.1) with AarTransform
Transforming firebase-sessions-2.0.3.aar (com.google.firebase:firebase-sessions:2.0.3) with ExtractAarTransform
Transforming firebase-sessions-2.0.3.aar (com.google.firebase:firebase-sessions:2.0.3) with AarTransform
Transforming firebase-installations-18.0.0.aar (com.google.firebase:firebase-installations:18.0.0) with ExtractAarTransform
Transforming firebase-installations-18.0.0.aar (com.google.firebase:firebase-installations:18.0.0) with AarTransform
Transforming firebase-installations-18.0.0.aar (com.google.firebase:firebase-installations:18.0.0) with ExtractAarTransform
Transforming firebase-installations-18.0.0.aar (com.google.firebase:firebase-installations:18.0.0) with AarTransform
Transforming firebase-installations-18.0.0.aar (com.google.firebase:firebase-installations:18.0.0) with ExtractAarTransform
Transforming firebase-installations-18.0.0.aar (com.google.firebase:firebase-installations:18.0.0) with AarTransform
Transforming firebase-common-ktx-21.0.0.aar (com.google.firebase:firebase-common-ktx:21.0.0) with ExtractAarTransform
Transforming firebase-common-ktx-21.0.0.aar (com.google.firebase:firebase-common-ktx:21.0.0) with AarTransform
Transforming firebase-common-ktx-21.0.0.aar (com.google.firebase:firebase-common-ktx:21.0.0) with ExtractAarTransform
Transforming firebase-common-ktx-21.0.0.aar (com.google.firebase:firebase-common-ktx:21.0.0) with AarTransform
Transforming firebase-common-ktx-21.0.0.aar (com.google.firebase:firebase-common-ktx:21.0.0) with ExtractAarTransform
Transforming firebase-common-ktx-21.0.0.aar (com.google.firebase:firebase-common-ktx:21.0.0) with AarTransform
Transforming firebase-common-ktx-21.0.0.aar (com.google.firebase:firebase-common-ktx:21.0.0) with ExtractAarTransform
Transforming firebase-common-ktx-21.0.0.aar (com.google.firebase:firebase-common-ktx:21.0.0) with AarTransform
Transforming firebase-common-21.0.0.aar (com.google.firebase:firebase-common:21.0.0) with ExtractAarTransform
Transforming firebase-common-21.0.0.aar (com.google.firebase:firebase-common:21.0.0) with AarTransform
Transforming firebase-common-21.0.0.aar (com.google.firebase:firebase-common:21.0.0) with ExtractAarTransform
Transforming firebase-common-21.0.0.aar (com.google.firebase:firebase-common:21.0.0) with AarTransform
Transforming firebase-common-21.0.0.aar (com.google.firebase:firebase-common:21.0.0) with ExtractAarTransform
Transforming firebase-common-21.0.0.aar (com.google.firebase:firebase-common:21.0.0) with AarTransform
Transforming firebase-common-21.0.0.aar (com.google.firebase:firebase-common:21.0.0) with ExtractAarTransform
Transforming firebase-common-21.0.0.aar (com.google.firebase:firebase-common:21.0.0) with AarTransform
Transforming firebase-common-21.0.0.aar (com.google.firebase:firebase-common:21.0.0) with ExtractAarTransform
Transforming firebase-common-21.0.0.aar (com.google.firebase:firebase-common:21.0.0) with AarTransform
Transforming play-services-measurement-impl-22.0.2.aar (com.google.android.gms:play-services-measurement-impl:22.0.2) with ExtractAarTransform
Transforming play-services-measurement-impl-22.0.2.aar (com.google.android.gms:play-services-measurement-impl:22.0.2) with AarTransform
Transforming play-services-measurement-impl-22.0.2.aar (com.google.android.gms:play-services-measurement-impl:22.0.2) with ExtractAarTransform
Transforming play-services-measurement-impl-22.0.2.aar (com.google.android.gms:play-services-measurement-impl:22.0.2) with AarTransform
Transforming play-services-ads-identifier-18.0.0.aar (com.google.android.gms:play-services-ads-identifier:18.0.0) with ExtractAarTransform
Transforming play-services-ads-identifier-18.0.0.aar (com.google.android.gms:play-services-ads-identifier:18.0.0) with AarTransform
Transforming play-services-ads-identifier-18.0.0.aar (com.google.android.gms:play-services-ads-identifier:18.0.0) with ExtractAarTransform
Transforming play-services-ads-identifier-18.0.0.aar (com.google.android.gms:play-services-ads-identifier:18.0.0) with AarTransform
Transforming play-services-ads-identifier-18.0.0.aar (com.google.android.gms:play-services-ads-identifier:18.0.0) with ExtractAarTransform
Transforming play-services-ads-identifier-18.0.0.aar (com.google.android.gms:play-services-ads-identifier:18.0.0) with AarTransform
Transforming play-services-measurement-sdk-api-22.0.2.aar (com.google.android.gms:play-services-measurement-sdk-api:22.0.2) with ExtractAarTransform
Transforming play-services-measurement-sdk-api-22.0.2.aar (com.google.android.gms:play-services-measurement-sdk-api:22.0.2) with AarTransform
Transforming play-services-measurement-base-22.0.2.aar (com.google.android.gms:play-services-measurement-base:22.0.2) with ExtractAarTransform
Transforming play-services-measurement-base-22.0.2.aar (com.google.android.gms:play-services-measurement-base:22.0.2) with AarTransform
Transforming play-services-measurement-base-22.0.2.aar (com.google.android.gms:play-services-measurement-base:22.0.2) with ExtractAarTransform
Transforming play-services-measurement-base-22.0.2.aar (com.google.android.gms:play-services-measurement-base:22.0.2) with AarTransform
Transforming play-services-measurement-base-22.0.2.aar (com.google.android.gms:play-services-measurement-base:22.0.2) with ExtractAarTransform
Transforming play-services-measurement-base-22.0.2.aar (com.google.android.gms:play-services-measurement-base:22.0.2) with AarTransform
Transforming play-services-measurement-base-22.0.2.aar (com.google.android.gms:play-services-measurement-base:22.0.2) with ExtractAarTransform
Transforming play-services-measurement-base-22.0.2.aar (com.google.android.gms:play-services-measurement-base:22.0.2) with AarTransform
Transforming play-services-measurement-base-22.0.2.aar (com.google.android.gms:play-services-measurement-base:22.0.2) with ExtractAarTransform
Transforming play-services-measurement-base-22.0.2.aar (com.google.android.gms:play-services-measurement-base:22.0.2) with AarTransform
Transforming play-services-stats-17.0.2.aar (com.google.android.gms:play-services-stats:17.0.2) with ExtractAarTransform
Transforming play-services-stats-17.0.2.aar (com.google.android.gms:play-services-stats:17.0.2) with AarTransform
Transforming play-services-stats-17.0.2.aar (com.google.android.gms:play-services-stats:17.0.2) with ExtractAarTransform
Transforming play-services-stats-17.0.2.aar (com.google.android.gms:play-services-stats:17.0.2) with AarTransform
Transforming firebase-installations-interop-17.2.0.aar (com.google.firebase:firebase-installations-interop:17.2.0) with ExtractAarTransform
Transforming firebase-installations-interop-17.2.0.aar (com.google.firebase:firebase-installations-interop:17.2.0) with AarTransform
Transforming firebase-installations-interop-17.2.0.aar (com.google.firebase:firebase-installations-interop:17.2.0) with ExtractAarTransform
Transforming firebase-installations-interop-17.2.0.aar (com.google.firebase:firebase-installations-interop:17.2.0) with AarTransform
Transforming firebase-installations-interop-17.2.0.aar (com.google.firebase:firebase-installations-interop:17.2.0) with ExtractAarTransform
Transforming firebase-installations-interop-17.2.0.aar (com.google.firebase:firebase-installations-interop:17.2.0) with AarTransform
Transforming firebase-installations-interop-17.2.0.aar (com.google.firebase:firebase-installations-interop:17.2.0) with ExtractAarTransform
Transforming firebase-installations-interop-17.2.0.aar (com.google.firebase:firebase-installations-interop:17.2.0) with AarTransform
Transforming ads-adservices-java-1.0.0-beta05.aar (androidx.privacysandbox.ads:ads-adservices-java:1.0.0-beta05) with ExtractAarTransform
Transforming ads-adservices-java-1.0.0-beta05.aar (androidx.privacysandbox.ads:ads-adservices-java:1.0.0-beta05) with AarTransform
Transforming ads-adservices-1.0.0-beta05.aar (androidx.privacysandbox.ads:ads-adservices:1.0.0-beta05) with ExtractAarTransform
Transforming ads-adservices-1.0.0-beta05.aar (androidx.privacysandbox.ads:ads-adservices:1.0.0-beta05) with AarTransform
Transforming ads-adservices-1.0.0-beta05.aar (androidx.privacysandbox.ads:ads-adservices:1.0.0-beta05) with ExtractAarTransform
Transforming ads-adservices-1.0.0-beta05.aar (androidx.privacysandbox.ads:ads-adservices:1.0.0-beta05) with AarTransform
Transforming datastore-preferences-1.0.0.aar (androidx.datastore:datastore-preferences:1.0.0) with ExtractAarTransform
Transforming datastore-preferences-1.0.0.aar (androidx.datastore:datastore-preferences:1.0.0) with AarTransform
Transforming datastore-1.0.0.aar (androidx.datastore:datastore:1.0.0) with ExtractAarTransform
Transforming datastore-1.0.0.aar (androidx.datastore:datastore:1.0.0) with AarTransform
Transforming play-services-tasks-18.2.0.aar (com.google.android.gms:play-services-tasks:18.2.0) with ExtractAarTransform
Transforming play-services-tasks-18.2.0.aar (com.google.android.gms:play-services-tasks:18.2.0) with AarTransform
Transforming play-services-tasks-18.2.0.aar (com.google.android.gms:play-services-tasks:18.2.0) with ExtractAarTransform
Transforming play-services-tasks-18.2.0.aar (com.google.android.gms:play-services-tasks:18.2.0) with AarTransform
Transforming play-services-tasks-18.2.0.aar (com.google.android.gms:play-services-tasks:18.2.0) with ExtractAarTransform
Transforming play-services-tasks-18.2.0.aar (com.google.android.gms:play-services-tasks:18.2.0) with AarTransform
Transforming play-services-tasks-18.2.0.aar (com.google.android.gms:play-services-tasks:18.2.0) with ExtractAarTransform
Transforming play-services-tasks-18.2.0.aar (com.google.android.gms:play-services-tasks:18.2.0) with AarTransform
Transforming play-services-tasks-18.2.0.aar (com.google.android.gms:play-services-tasks:18.2.0) with ExtractAarTransform
Transforming play-services-tasks-18.2.0.aar (com.google.android.gms:play-services-tasks:18.2.0) with AarTransform
Transforming play-services-tasks-18.2.0.aar (com.google.android.gms:play-services-tasks:18.2.0) with ExtractAarTransform
Transforming play-services-tasks-18.2.0.aar (com.google.android.gms:play-services-tasks:18.2.0) with AarTransform
Transforming play-services-basement-18.4.0.aar (com.google.android.gms:play-services-basement:18.4.0) with ExtractAarTransform
Transforming play-services-basement-18.4.0.aar (com.google.android.gms:play-services-basement:18.4.0) with AarTransform
Transforming play-services-basement-18.4.0.aar (com.google.android.gms:play-services-basement:18.4.0) with ExtractAarTransform
Transforming play-services-basement-18.4.0.aar (com.google.android.gms:play-services-basement:18.4.0) with AarTransform
Transforming play-services-basement-18.4.0.aar (com.google.android.gms:play-services-basement:18.4.0) with ExtractAarTransform
Transforming play-services-basement-18.4.0.aar (com.google.android.gms:play-services-basement:18.4.0) with AarTransform
Transforming play-services-basement-18.4.0.aar (com.google.android.gms:play-services-basement:18.4.0) with ExtractAarTransform
Transforming play-services-basement-18.4.0.aar (com.google.android.gms:play-services-basement:18.4.0) with AarTransform
Transforming play-services-basement-18.4.0.aar (com.google.android.gms:play-services-basement:18.4.0) with ExtractAarTransform
Transforming play-services-basement-18.4.0.aar (com.google.android.gms:play-services-basement:18.4.0) with AarTransform
Transforming play-services-basement-18.4.0.aar (com.google.android.gms:play-services-basement:18.4.0) with ExtractAarTransform
Transforming play-services-basement-18.4.0.aar (com.google.android.gms:play-services-basement:18.4.0) with AarTransform
Transforming play-services-basement-18.4.0.aar (com.google.android.gms:play-services-basement:18.4.0) with ExtractAarTransform
Transforming play-services-basement-18.4.0.aar (com.google.android.gms:play-services-basement:18.4.0) with AarTransform
Transforming play-services-basement-18.4.0.aar (com.google.android.gms:play-services-basement:18.4.0) with ExtractAarTransform
Transforming play-services-basement-18.4.0.aar (com.google.android.gms:play-services-basement:18.4.0) with AarTransform
Transforming play-services-basement-18.4.0.aar (com.google.android.gms:play-services-basement:18.4.0) with ExtractAarTransform
Transforming play-services-basement-18.4.0.aar (com.google.android.gms:play-services-basement:18.4.0) with AarTransform
Transforming play-services-basement-18.4.0.aar (com.google.android.gms:play-services-basement:18.4.0) with ExtractAarTransform
Transforming play-services-basement-18.4.0.aar (com.google.android.gms:play-services-basement:18.4.0) with AarTransform
Transforming fragment-1.3.6.aar (androidx.fragment:fragment:1.3.6) with ExtractAarTransform
Transforming fragment-1.3.6.aar (androidx.fragment:fragment:1.3.6) with AarTransform
Transforming fragment-1.3.6.aar (androidx.fragment:fragment:1.3.6) with ExtractAarTransform
Transforming fragment-1.3.6.aar (androidx.fragment:fragment:1.3.6) with AarTransform
Transforming fragment-1.3.6.aar (androidx.fragment:fragment:1.3.6) with ExtractAarTransform
Transforming fragment-1.3.6.aar (androidx.fragment:fragment:1.3.6) with AarTransform
Transforming viewpager-1.0.0.aar (androidx.viewpager:viewpager:1.0.0) with ExtractAarTransform
Transforming viewpager-1.0.0.aar (androidx.viewpager:viewpager:1.0.0) with AarTransform
Transforming viewpager-1.0.0.aar (androidx.viewpager:viewpager:1.0.0) with ExtractAarTransform
Transforming viewpager-1.0.0.aar (androidx.viewpager:viewpager:1.0.0) with AarTransform
Transforming drawerlayout-1.0.0.aar (androidx.drawerlayout:drawerlayout:1.0.0) with ExtractAarTransform
Transforming drawerlayout-1.0.0.aar (androidx.drawerlayout:drawerlayout:1.0.0) with AarTransform
Transforming drawerlayout-1.0.0.aar (androidx.drawerlayout:drawerlayout:1.0.0) with ExtractAarTransform
Transforming drawerlayout-1.0.0.aar (androidx.drawerlayout:drawerlayout:1.0.0) with AarTransform
Transforming coordinatorlayout-1.0.0.aar (androidx.coordinatorlayout:coordinatorlayout:1.0.0) with ExtractAarTransform
Transforming coordinatorlayout-1.0.0.aar (androidx.coordinatorlayout:coordinatorlayout:1.0.0) with AarTransform
Transforming slidingpanelayout-1.0.0.aar (androidx.slidingpanelayout:slidingpanelayout:1.0.0) with ExtractAarTransform
Transforming slidingpanelayout-1.0.0.aar (androidx.slidingpanelayout:slidingpanelayout:1.0.0) with AarTransform
Transforming customview-1.0.0.aar (androidx.customview:customview:1.0.0) with ExtractAarTransform
Transforming customview-1.0.0.aar (androidx.customview:customview:1.0.0) with AarTransform
Transforming customview-1.0.0.aar (androidx.customview:customview:1.0.0) with ExtractAarTransform
Transforming customview-1.0.0.aar (androidx.customview:customview:1.0.0) with AarTransform
Transforming customview-1.0.0.aar (androidx.customview:customview:1.0.0) with ExtractAarTransform
Transforming customview-1.0.0.aar (androidx.customview:customview:1.0.0) with AarTransform
Transforming customview-1.0.0.aar (androidx.customview:customview:1.0.0) with ExtractAarTransform
Transforming customview-1.0.0.aar (androidx.customview:customview:1.0.0) with AarTransform
Transforming customview-1.0.0.aar (androidx.customview:customview:1.0.0) with ExtractAarTransform
Transforming customview-1.0.0.aar (androidx.customview:customview:1.0.0) with AarTransform
Transforming customview-1.0.0.aar (androidx.customview:customview:1.0.0) with ExtractAarTransform
Transforming customview-1.0.0.aar (androidx.customview:customview:1.0.0) with AarTransform
Transforming media-1.7.0.aar (androidx.media:media:1.7.0) with ExtractAarTransform
Transforming media-1.7.0.aar (androidx.media:media:1.7.0) with AarTransform
Transforming media-1.7.0.aar (androidx.media:media:1.7.0) with ExtractAarTransform
Transforming media-1.7.0.aar (androidx.media:media:1.7.0) with AarTransform
Transforming legacy-support-core-utils-1.0.0.aar (androidx.legacy:legacy-support-core-utils:1.0.0) with ExtractAarTransform
Transforming legacy-support-core-utils-1.0.0.aar (androidx.legacy:legacy-support-core-utils:1.0.0) with AarTransform
Transforming legacy-support-core-utils-1.0.0.aar (androidx.legacy:legacy-support-core-utils:1.0.0) with ExtractAarTransform
Transforming legacy-support-core-utils-1.0.0.aar (androidx.legacy:legacy-support-core-utils:1.0.0) with AarTransform
Transforming legacy-support-core-utils-1.0.0.aar (androidx.legacy:legacy-support-core-utils:1.0.0) with ExtractAarTransform
Transforming legacy-support-core-utils-1.0.0.aar (androidx.legacy:legacy-support-core-utils:1.0.0) with AarTransform
Transforming loader-1.0.0.aar (androidx.loader:loader:1.0.0) with ExtractAarTransform
Transforming loader-1.0.0.aar (androidx.loader:loader:1.0.0) with AarTransform
Transforming loader-1.0.0.aar (androidx.loader:loader:1.0.0) with ExtractAarTransform
Transforming loader-1.0.0.aar (androidx.loader:loader:1.0.0) with AarTransform
Transforming activity-1.2.4.aar (androidx.activity:activity:1.2.4) with ExtractAarTransform
Transforming activity-1.2.4.aar (androidx.activity:activity:1.2.4) with AarTransform
Transforming appcompat-resources-1.2.0.aar (androidx.appcompat:appcompat-resources:1.2.0) with ExtractAarTransform
Transforming appcompat-resources-1.2.0.aar (androidx.appcompat:appcompat-resources:1.2.0) with AarTransform
Transforming vectordrawable-animated-1.1.0.aar (androidx.vectordrawable:vectordrawable-animated:1.1.0) with ExtractAarTransform
Transforming vectordrawable-animated-1.1.0.aar (androidx.vectordrawable:vectordrawable-animated:1.1.0) with AarTransform
Transforming vectordrawable-1.1.0.aar (androidx.vectordrawable:vectordrawable:1.1.0) with ExtractAarTransform
Transforming vectordrawable-1.1.0.aar (androidx.vectordrawable:vectordrawable:1.1.0) with AarTransform
Transforming vectordrawable-1.1.0.aar (androidx.vectordrawable:vectordrawable:1.1.0) with ExtractAarTransform
Transforming vectordrawable-1.1.0.aar (androidx.vectordrawable:vectordrawable:1.1.0) with AarTransform
Transforming swiperefreshlayout-1.0.0.aar (androidx.swiperefreshlayout:swiperefreshlayout:1.0.0) with ExtractAarTransform
Transforming swiperefreshlayout-1.0.0.aar (androidx.swiperefreshlayout:swiperefreshlayout:1.0.0) with AarTransform
Transforming asynclayoutinflater-1.0.0.aar (androidx.asynclayoutinflater:asynclayoutinflater:1.0.0) with ExtractAarTransform
Transforming asynclayoutinflater-1.0.0.aar (androidx.asynclayoutinflater:asynclayoutinflater:1.0.0) with AarTransform
Transforming core-1.12.0.aar (androidx.core:core:1.12.0) with ExtractAarTransform
Transforming core-1.12.0.aar (androidx.core:core:1.12.0) with AarTransform
Transforming core-1.12.0.aar (androidx.core:core:1.12.0) with ExtractAarTransform
Transforming core-1.12.0.aar (androidx.core:core:1.12.0) with AarTransform
Transforming core-1.12.0.aar (androidx.core:core:1.12.0) with ExtractAarTransform
Transforming core-1.12.0.aar (androidx.core:core:1.12.0) with AarTransform
Transforming core-1.12.0.aar (androidx.core:core:1.12.0) with ExtractAarTransform
Transforming core-1.12.0.aar (androidx.core:core:1.12.0) with AarTransform
Transforming customview-poolingcontainer-1.0.0.aar (androidx.customview:customview-poolingcontainer:1.0.0) with ExtractAarTransform
Transforming customview-poolingcontainer-1.0.0.aar (androidx.customview:customview-poolingcontainer:1.0.0) with AarTransform
Transforming core-ktx-1.12.0.aar (androidx.core:core-ktx:1.12.0) with ExtractAarTransform
Transforming core-ktx-1.12.0.aar (androidx.core:core-ktx:1.12.0) with AarTransform
Transforming annotation-experimental-1.3.1.aar (androidx.annotation:annotation-experimental:1.3.1) with ExtractAarTransform
Transforming annotation-experimental-1.3.1.aar (androidx.annotation:annotation-experimental:1.3.1) with AarTransform
Transforming cardview-1.0.0.aar (androidx.cardview:cardview:1.0.0) with ExtractAarTransform
Transforming cardview-1.0.0.aar (androidx.cardview:cardview:1.0.0) with AarTransform
Transforming gifdecoder-4.16.0.aar (com.github.bumptech.glide:gifdecoder:4.16.0) with ExtractAarTransform
Transforming gifdecoder-4.16.0.aar (com.github.bumptech.glide:gifdecoder:4.16.0) with AarTransform
Transforming exifinterface-1.3.6.aar (androidx.exifinterface:exifinterface:1.3.6) with ExtractAarTransform
Transforming exifinterface-1.3.6.aar (androidx.exifinterface:exifinterface:1.3.6) with AarTransform
Transforming tracing-1.0.0.aar (androidx.tracing:tracing:1.0.0) with ExtractAarTransform
Transforming tracing-1.0.0.aar (androidx.tracing:tracing:1.0.0) with AarTransform
Transforming versionedparcelable-1.1.1.aar (androidx.versionedparcelable:versionedparcelable:1.1.1) with ExtractAarTransform
Transforming versionedparcelable-1.1.1.aar (androidx.versionedparcelable:versionedparcelable:1.1.1) with AarTransform
Transforming firebase-components-18.0.0.aar (com.google.firebase:firebase-components:18.0.0) with ExtractAarTransform
Transforming firebase-components-18.0.0.aar (com.google.firebase:firebase-components:18.0.0) with AarTransform
Transforming firebase-components-18.0.0.aar (com.google.firebase:firebase-components:18.0.0) with ExtractAarTransform
Transforming firebase-components-18.0.0.aar (com.google.firebase:firebase-components:18.0.0) with AarTransform
Transforming firebase-components-18.0.0.aar (com.google.firebase:firebase-components:18.0.0) with ExtractAarTransform
Transforming firebase-components-18.0.0.aar (com.google.firebase:firebase-components:18.0.0) with AarTransform
Transforming firebase-components-18.0.0.aar (com.google.firebase:firebase-components:18.0.0) with ExtractAarTransform
Transforming firebase-components-18.0.0.aar (com.google.firebase:firebase-components:18.0.0) with AarTransform
Transforming firebase-components-18.0.0.aar (com.google.firebase:firebase-components:18.0.0) with ExtractAarTransform
Transforming firebase-components-18.0.0.aar (com.google.firebase:firebase-components:18.0.0) with AarTransform
Transforming firebase-components-18.0.0.aar (com.google.firebase:firebase-components:18.0.0) with ExtractAarTransform
Transforming firebase-components-18.0.0.aar (com.google.firebase:firebase-components:18.0.0) with AarTransform
Transforming firebase-config-interop-16.0.1.aar (com.google.firebase:firebase-config-interop:16.0.1) with ExtractAarTransform
Transforming firebase-config-interop-16.0.1.aar (com.google.firebase:firebase-config-interop:16.0.1) with AarTransform
Transforming firebase-datatransport-19.0.0.aar (com.google.firebase:firebase-datatransport:19.0.0) with ExtractAarTransform
Transforming firebase-datatransport-19.0.0.aar (com.google.firebase:firebase-datatransport:19.0.0) with AarTransform
Transforming transport-backend-cct-3.3.0.aar (com.google.android.datatransport:transport-backend-cct:3.3.0) with ExtractAarTransform
Transforming transport-backend-cct-3.3.0.aar (com.google.android.datatransport:transport-backend-cct:3.3.0) with AarTransform
Transforming transport-backend-cct-3.3.0.aar (com.google.android.datatransport:transport-backend-cct:3.3.0) with ExtractAarTransform
Transforming transport-backend-cct-3.3.0.aar (com.google.android.datatransport:transport-backend-cct:3.3.0) with AarTransform
Transforming firebase-encoders-json-18.0.1.aar (com.google.firebase:firebase-encoders-json:18.0.1) with ExtractAarTransform
Transforming firebase-encoders-json-18.0.1.aar (com.google.firebase:firebase-encoders-json:18.0.1) with AarTransform
Transforming firebase-encoders-json-18.0.1.aar (com.google.firebase:firebase-encoders-json:18.0.1) with ExtractAarTransform
Transforming firebase-encoders-json-18.0.1.aar (com.google.firebase:firebase-encoders-json:18.0.1) with AarTransform
Transforming firebase-encoders-json-18.0.1.aar (com.google.firebase:firebase-encoders-json:18.0.1) with ExtractAarTransform
Transforming firebase-encoders-json-18.0.1.aar (com.google.firebase:firebase-encoders-json:18.0.1) with AarTransform
Transforming firebase-encoders-json-18.0.1.aar (com.google.firebase:firebase-encoders-json:18.0.1) with ExtractAarTransform
Transforming firebase-encoders-json-18.0.1.aar (com.google.firebase:firebase-encoders-json:18.0.1) with AarTransform
Transforming transport-runtime-3.3.0.aar (com.google.android.datatransport:transport-runtime:3.3.0) with ExtractAarTransform
Transforming transport-runtime-3.3.0.aar (com.google.android.datatransport:transport-runtime:3.3.0) with AarTransform
Transforming transport-runtime-3.3.0.aar (com.google.android.datatransport:transport-runtime:3.3.0) with ExtractAarTransform
Transforming transport-runtime-3.3.0.aar (com.google.android.datatransport:transport-runtime:3.3.0) with AarTransform
Transforming transport-runtime-3.3.0.aar (com.google.android.datatransport:transport-runtime:3.3.0) with ExtractAarTransform
Transforming transport-runtime-3.3.0.aar (com.google.android.datatransport:transport-runtime:3.3.0) with AarTransform
Transforming transport-api-3.2.0.aar (com.google.android.datatransport:transport-api:3.2.0) with ExtractAarTransform
Transforming transport-api-3.2.0.aar (com.google.android.datatransport:transport-api:3.2.0) with AarTransform
Transforming transport-api-3.2.0.aar (com.google.android.datatransport:transport-api:3.2.0) with ExtractAarTransform
Transforming transport-api-3.2.0.aar (com.google.android.datatransport:transport-api:3.2.0) with AarTransform
Transforming transport-api-3.2.0.aar (com.google.android.datatransport:transport-api:3.2.0) with ExtractAarTransform
Transforming transport-api-3.2.0.aar (com.google.android.datatransport:transport-api:3.2.0) with AarTransform
Transforming transport-api-3.2.0.aar (com.google.android.datatransport:transport-api:3.2.0) with ExtractAarTransform
Transforming transport-api-3.2.0.aar (com.google.android.datatransport:transport-api:3.2.0) with AarTransform
Transforming transport-api-3.2.0.aar (com.google.android.datatransport:transport-api:3.2.0) with ExtractAarTransform
Transforming transport-api-3.2.0.aar (com.google.android.datatransport:transport-api:3.2.0) with AarTransform
Transforming interpolator-1.0.0.aar (androidx.interpolator:interpolator:1.0.0) with ExtractAarTransform
Transforming interpolator-1.0.0.aar (androidx.interpolator:interpolator:1.0.0) with AarTransform
Transforming interpolator-1.0.0.aar (androidx.interpolator:interpolator:1.0.0) with ExtractAarTransform
Transforming interpolator-1.0.0.aar (androidx.interpolator:interpolator:1.0.0) with AarTransform
Transforming interpolator-1.0.0.aar (androidx.interpolator:interpolator:1.0.0) with ExtractAarTransform
Transforming interpolator-1.0.0.aar (androidx.interpolator:interpolator:1.0.0) with AarTransform
Transforming interpolator-1.0.0.aar (androidx.interpolator:interpolator:1.0.0) with ExtractAarTransform
Transforming interpolator-1.0.0.aar (androidx.interpolator:interpolator:1.0.0) with AarTransform
Transforming lifecycle-runtime-2.3.1.aar (androidx.lifecycle:lifecycle-runtime:2.3.1) with ExtractAarTransform
Transforming lifecycle-runtime-2.3.1.aar (androidx.lifecycle:lifecycle-runtime:2.3.1) with AarTransform
Transforming lifecycle-viewmodel-savedstate-2.3.1.aar (androidx.lifecycle:lifecycle-viewmodel-savedstate:2.3.1) with ExtractAarTransform
Transforming lifecycle-viewmodel-savedstate-2.3.1.aar (androidx.lifecycle:lifecycle-viewmodel-savedstate:2.3.1) with AarTransform
Transforming lifecycle-viewmodel-2.3.1.aar (androidx.lifecycle:lifecycle-viewmodel:2.3.1) with ExtractAarTransform
Transforming lifecycle-viewmodel-2.3.1.aar (androidx.lifecycle:lifecycle-viewmodel:2.3.1) with AarTransform
Transforming lifecycle-viewmodel-2.3.1.aar (androidx.lifecycle:lifecycle-viewmodel:2.3.1) with ExtractAarTransform
Transforming lifecycle-viewmodel-2.3.1.aar (androidx.lifecycle:lifecycle-viewmodel:2.3.1) with AarTransform
Transforming savedstate-1.1.0.aar (androidx.savedstate:savedstate:1.1.0) with ExtractAarTransform
Transforming savedstate-1.1.0.aar (androidx.savedstate:savedstate:1.1.0) with AarTransform
Transforming cursoradapter-1.0.0.aar (androidx.cursoradapter:cursoradapter:1.0.0) with ExtractAarTransform
Transforming cursoradapter-1.0.0.aar (androidx.cursoradapter:cursoradapter:1.0.0) with AarTransform
Transforming cursoradapter-1.0.0.aar (androidx.cursoradapter:cursoradapter:1.0.0) with ExtractAarTransform
Transforming cursoradapter-1.0.0.aar (androidx.cursoradapter:cursoradapter:1.0.0) with AarTransform
Transforming lifecycle-livedata-2.0.0.aar (androidx.lifecycle:lifecycle-livedata:2.0.0) with ExtractAarTransform
Transforming lifecycle-livedata-2.0.0.aar (androidx.lifecycle:lifecycle-livedata:2.0.0) with AarTransform
Transforming lifecycle-livedata-core-2.3.1.aar (androidx.lifecycle:lifecycle-livedata-core:2.3.1) with ExtractAarTransform
Transforming lifecycle-livedata-core-2.3.1.aar (androidx.lifecycle:lifecycle-livedata-core:2.3.1) with AarTransform
Transforming lifecycle-livedata-core-2.3.1.aar (androidx.lifecycle:lifecycle-livedata-core:2.3.1) with ExtractAarTransform
Transforming lifecycle-livedata-core-2.3.1.aar (androidx.lifecycle:lifecycle-livedata-core:2.3.1) with AarTransform
Transforming core-runtime-2.1.0.aar (androidx.arch.core:core-runtime:2.1.0) with ExtractAarTransform
Transforming core-runtime-2.1.0.aar (androidx.arch.core:core-runtime:2.1.0) with AarTransform
Transforming core-runtime-2.1.0.aar (androidx.arch.core:core-runtime:2.1.0) with ExtractAarTransform
Transforming core-runtime-2.1.0.aar (androidx.arch.core:core-runtime:2.1.0) with AarTransform
Transforming documentfile-1.0.0.aar (androidx.documentfile:documentfile:1.0.0) with ExtractAarTransform
Transforming documentfile-1.0.0.aar (androidx.documentfile:documentfile:1.0.0) with AarTransform
Transforming localbroadcastmanager-1.0.0.aar (androidx.localbroadcastmanager:localbroadcastmanager:1.0.0) with ExtractAarTransform
Transforming localbroadcastmanager-1.0.0.aar (androidx.localbroadcastmanager:localbroadcastmanager:1.0.0) with AarTransform
Transforming print-1.0.0.aar (androidx.print:print:1.0.0) with ExtractAarTransform
Transforming print-1.0.0.aar (androidx.print:print:1.0.0) with AarTransform
Transforming multidex-2.0.1.aar (androidx.multidex:multidex:2.0.1) with ExtractAarTransform
Transforming multidex-2.0.1.aar (androidx.multidex:multidex:2.0.1) with AarTransform
Transforming rtmp-client-3.2.0.aar (io.antmedia:rtmp-client:3.2.0) with ExtractAarTransform
Transforming rtmp-client-3.2.0.aar (io.antmedia:rtmp-client:3.2.0) with AarTransform
Caching disabled for task ':app:mergeDebugResources' because:
  Build cache is disabled
Skipping task ':app:mergeDebugResources' as it is up-to-date.
Resolve mutations for :app:packageDebugResources (Thread[Execution worker Thread 11,5,main]) started.
:app:packageDebugResources (Thread[Execution worker Thread 11,5,main]) started.

> Task :app:packageDebugResources UP-TO-DATE
Caching disabled for task ':app:packageDebugResources' because:
  Build cache is disabled
Skipping task ':app:packageDebugResources' as it is up-to-date.
Resolve mutations for :app:parseDebugLocalResources (Thread[Execution worker Thread 11,5,main]) started.
:app:parseDebugLocalResources (Thread[Execution worker Thread 11,5,main]) started.

> Task :app:parseDebugLocalResources UP-TO-DATE
Transforming android.jar with PlatformAttrTransform
Transforming android.jar with PlatformAttrTransform
Caching disabled for task ':app:parseDebugLocalResources' because:
  Build cache is disabled
Skipping task ':app:parseDebugLocalResources' as it is up-to-date.
Resolve mutations for :app:dataBindingGenBaseClassesDebug (Thread[Execution worker Thread 11,5,main]) started.
:app:dataBindingGenBaseClassesDebug (Thread[Execution worker Thread 7,5,main]) started.

> Task :app:dataBindingGenBaseClassesDebug UP-TO-DATE
Transforming viewbinding-8.3.1.aar (androidx.databinding:viewbinding:8.3.1) with ExtractAarTransform
Transforming viewbinding-8.3.1.aar (androidx.databinding:viewbinding:8.3.1) with LibrarySymbolTableTransform
Transforming firebase-crashlytics-19.0.3.aar (com.google.firebase:firebase-crashlytics:19.0.3) with ExtractAarTransform
Transforming firebase-crashlytics-19.0.3.aar (com.google.firebase:firebase-crashlytics:19.0.3) with LibrarySymbolTableTransform
Transforming leanback-1.0.0.aar (androidx.leanback:leanback:1.0.0) with ExtractAarTransform
Transforming leanback-1.0.0.aar (androidx.leanback:leanback:1.0.0) with LibrarySymbolTableTransform
Transforming media3-exoplayer-hls-1.4.1.aar (androidx.media3:media3-exoplayer-hls:1.4.1) with ExtractAarTransform
Transforming media3-exoplayer-hls-1.4.1.aar (androidx.media3:media3-exoplayer-hls:1.4.1) with LibrarySymbolTableTransform
Transforming media3-exoplayer-rtsp-1.4.1.aar (androidx.media3:media3-exoplayer-rtsp:1.4.1) with ExtractAarTransform
Transforming media3-exoplayer-rtsp-1.4.1.aar (androidx.media3:media3-exoplayer-rtsp:1.4.1) with LibrarySymbolTableTransform
Transforming media3-exoplayer-dash-1.4.1.aar (androidx.media3:media3-exoplayer-dash:1.4.1) with ExtractAarTransform
Transforming media3-exoplayer-dash-1.4.1.aar (androidx.media3:media3-exoplayer-dash:1.4.1) with LibrarySymbolTableTransform
Transforming media3-exoplayer-1.4.1.aar (androidx.media3:media3-exoplayer:1.4.1) with ExtractAarTransform
Transforming media3-exoplayer-1.4.1.aar (androidx.media3:media3-exoplayer:1.4.1) with LibrarySymbolTableTransform
Transforming media3-datasource-rtmp-1.4.1.aar (androidx.media3:media3-datasource-rtmp:1.4.1) with ExtractAarTransform
Transforming media3-datasource-rtmp-1.4.1.aar (androidx.media3:media3-datasource-rtmp:1.4.1) with LibrarySymbolTableTransform
Transforming media3-extractor-1.4.1.aar (androidx.media3:media3-extractor:1.4.1) with ExtractAarTransform
Transforming media3-extractor-1.4.1.aar (androidx.media3:media3-extractor:1.4.1) with LibrarySymbolTableTransform
Transforming media3-container-1.4.1.aar (androidx.media3:media3-container:1.4.1) with ExtractAarTransform
Transforming media3-container-1.4.1.aar (androidx.media3:media3-container:1.4.1) with LibrarySymbolTableTransform
Transforming media3-datasource-1.4.1.aar (androidx.media3:media3-datasource:1.4.1) with ExtractAarTransform
Transforming media3-datasource-1.4.1.aar (androidx.media3:media3-datasource:1.4.1) with LibrarySymbolTableTransform
Transforming media3-decoder-1.4.1.aar (androidx.media3:media3-decoder:1.4.1) with ExtractAarTransform
Transforming media3-decoder-1.4.1.aar (androidx.media3:media3-decoder:1.4.1) with LibrarySymbolTableTransform
Transforming media3-database-1.4.1.aar (androidx.media3:media3-database:1.4.1) with ExtractAarTransform
Transforming media3-database-1.4.1.aar (androidx.media3:media3-database:1.4.1) with LibrarySymbolTableTransform
Transforming media3-common-1.4.1.aar (androidx.media3:media3-common:1.4.1) with ExtractAarTransform
Transforming media3-common-1.4.1.aar (androidx.media3:media3-common:1.4.1) with LibrarySymbolTableTransform
Transforming media3-ui-1.4.1.aar (androidx.media3:media3-ui:1.4.1) with ExtractAarTransform
Transforming media3-ui-1.4.1.aar (androidx.media3:media3-ui:1.4.1) with LibrarySymbolTableTransform
Transforming recyclerview-1.3.2.aar (androidx.recyclerview:recyclerview:1.3.2) with ExtractAarTransform
Transforming recyclerview-1.3.2.aar (androidx.recyclerview:recyclerview:1.3.2) with LibrarySymbolTableTransform
Transforming recyclerview-1.3.2.aar (androidx.recyclerview:recyclerview:1.3.2) with ExtractAarTransform
Transforming recyclerview-1.3.2.aar (androidx.recyclerview:recyclerview:1.3.2) with LibrarySymbolTableTransform
Transforming constraintlayout-2.1.4.aar (androidx.constraintlayout:constraintlayout:2.1.4) with ExtractAarTransform
Transforming constraintlayout-2.1.4.aar (androidx.constraintlayout:constraintlayout:2.1.4) with LibrarySymbolTableTransform
Transforming legacy-support-core-ui-1.0.0.aar (androidx.legacy:legacy-support-core-ui:1.0.0) with ExtractAarTransform
Transforming legacy-support-core-ui-1.0.0.aar (androidx.legacy:legacy-support-core-ui:1.0.0) with LibrarySymbolTableTransform
Transforming glide-4.16.0.aar (com.github.bumptech.glide:glide:4.16.0) with ExtractAarTransform
Transforming glide-4.16.0.aar (com.github.bumptech.glide:glide:4.16.0) with LibrarySymbolTableTransform
Transforming appcompat-1.2.0.aar (androidx.appcompat:appcompat:1.2.0) with ExtractAarTransform
Transforming appcompat-1.2.0.aar (androidx.appcompat:appcompat:1.2.0) with LibrarySymbolTableTransform
Transforming firebase-analytics-22.0.2.aar (com.google.firebase:firebase-analytics:22.0.2) with ExtractAarTransform
Transforming firebase-analytics-22.0.2.aar (com.google.firebase:firebase-analytics:22.0.2) with LibrarySymbolTableTransform
Transforming play-services-measurement-22.0.2.aar (com.google.android.gms:play-services-measurement:22.0.2) with ExtractAarTransform
Transforming play-services-measurement-22.0.2.aar (com.google.android.gms:play-services-measurement:22.0.2) with LibrarySymbolTableTransform
Transforming play-services-measurement-api-22.0.2.aar (com.google.android.gms:play-services-measurement-api:22.0.2) with ExtractAarTransform
Transforming play-services-measurement-api-22.0.2.aar (com.google.android.gms:play-services-measurement-api:22.0.2) with LibrarySymbolTableTransform
Transforming play-services-measurement-sdk-22.0.2.aar (com.google.android.gms:play-services-measurement-sdk:22.0.2) with ExtractAarTransform
Transforming play-services-measurement-sdk-22.0.2.aar (com.google.android.gms:play-services-measurement-sdk:22.0.2) with LibrarySymbolTableTransform
Transforming firebase-measurement-connector-20.0.1.aar (com.google.firebase:firebase-measurement-connector:20.0.1) with ExtractAarTransform
Transforming firebase-measurement-connector-20.0.1.aar (com.google.firebase:firebase-measurement-connector:20.0.1) with LibrarySymbolTableTransform
Transforming firebase-measurement-connector-20.0.1.aar (com.google.firebase:firebase-measurement-connector:20.0.1) with ExtractAarTransform
Transforming firebase-measurement-connector-20.0.1.aar (com.google.firebase:firebase-measurement-connector:20.0.1) with LibrarySymbolTableTransform
Transforming firebase-sessions-2.0.3.aar (com.google.firebase:firebase-sessions:2.0.3) with ExtractAarTransform
Transforming firebase-sessions-2.0.3.aar (com.google.firebase:firebase-sessions:2.0.3) with LibrarySymbolTableTransform
Transforming firebase-installations-18.0.0.aar (com.google.firebase:firebase-installations:18.0.0) with ExtractAarTransform
Transforming firebase-installations-18.0.0.aar (com.google.firebase:firebase-installations:18.0.0) with LibrarySymbolTableTransform
Transforming firebase-installations-18.0.0.aar (com.google.firebase:firebase-installations:18.0.0) with ExtractAarTransform
Transforming firebase-installations-18.0.0.aar (com.google.firebase:firebase-installations:18.0.0) with LibrarySymbolTableTransform
Transforming firebase-installations-18.0.0.aar (com.google.firebase:firebase-installations:18.0.0) with ExtractAarTransform
Transforming firebase-installations-18.0.0.aar (com.google.firebase:firebase-installations:18.0.0) with LibrarySymbolTableTransform
Transforming firebase-common-ktx-21.0.0.aar (com.google.firebase:firebase-common-ktx:21.0.0) with ExtractAarTransform
Transforming firebase-common-ktx-21.0.0.aar (com.google.firebase:firebase-common-ktx:21.0.0) with LibrarySymbolTableTransform
Transforming firebase-common-ktx-21.0.0.aar (com.google.firebase:firebase-common-ktx:21.0.0) with ExtractAarTransform
Transforming firebase-common-ktx-21.0.0.aar (com.google.firebase:firebase-common-ktx:21.0.0) with LibrarySymbolTableTransform
Transforming firebase-common-ktx-21.0.0.aar (com.google.firebase:firebase-common-ktx:21.0.0) with ExtractAarTransform
Transforming firebase-common-ktx-21.0.0.aar (com.google.firebase:firebase-common-ktx:21.0.0) with LibrarySymbolTableTransform
Transforming firebase-common-ktx-21.0.0.aar (com.google.firebase:firebase-common-ktx:21.0.0) with ExtractAarTransform
Transforming firebase-common-ktx-21.0.0.aar (com.google.firebase:firebase-common-ktx:21.0.0) with LibrarySymbolTableTransform
Transforming firebase-common-21.0.0.aar (com.google.firebase:firebase-common:21.0.0) with ExtractAarTransform
Transforming firebase-common-21.0.0.aar (com.google.firebase:firebase-common:21.0.0) with LibrarySymbolTableTransform
Transforming firebase-common-21.0.0.aar (com.google.firebase:firebase-common:21.0.0) with ExtractAarTransform
Transforming firebase-common-21.0.0.aar (com.google.firebase:firebase-common:21.0.0) with LibrarySymbolTableTransform
Transforming firebase-common-21.0.0.aar (com.google.firebase:firebase-common:21.0.0) with ExtractAarTransform
Transforming firebase-common-21.0.0.aar (com.google.firebase:firebase-common:21.0.0) with LibrarySymbolTableTransform
Transforming firebase-common-21.0.0.aar (com.google.firebase:firebase-common:21.0.0) with ExtractAarTransform
Transforming firebase-common-21.0.0.aar (com.google.firebase:firebase-common:21.0.0) with LibrarySymbolTableTransform
Transforming firebase-common-21.0.0.aar (com.google.firebase:firebase-common:21.0.0) with ExtractAarTransform
Transforming firebase-common-21.0.0.aar (com.google.firebase:firebase-common:21.0.0) with LibrarySymbolTableTransform
Transforming play-services-measurement-impl-22.0.2.aar (com.google.android.gms:play-services-measurement-impl:22.0.2) with ExtractAarTransform
Transforming play-services-measurement-impl-22.0.2.aar (com.google.android.gms:play-services-measurement-impl:22.0.2) with LibrarySymbolTableTransform
Transforming play-services-measurement-impl-22.0.2.aar (com.google.android.gms:play-services-measurement-impl:22.0.2) with ExtractAarTransform
Transforming play-services-measurement-impl-22.0.2.aar (com.google.android.gms:play-services-measurement-impl:22.0.2) with LibrarySymbolTableTransform
Transforming play-services-ads-identifier-18.0.0.aar (com.google.android.gms:play-services-ads-identifier:18.0.0) with ExtractAarTransform
Transforming play-services-ads-identifier-18.0.0.aar (com.google.android.gms:play-services-ads-identifier:18.0.0) with LibrarySymbolTableTransform
Transforming play-services-ads-identifier-18.0.0.aar (com.google.android.gms:play-services-ads-identifier:18.0.0) with ExtractAarTransform
Transforming play-services-ads-identifier-18.0.0.aar (com.google.android.gms:play-services-ads-identifier:18.0.0) with LibrarySymbolTableTransform
Transforming play-services-ads-identifier-18.0.0.aar (com.google.android.gms:play-services-ads-identifier:18.0.0) with ExtractAarTransform
Transforming play-services-ads-identifier-18.0.0.aar (com.google.android.gms:play-services-ads-identifier:18.0.0) with LibrarySymbolTableTransform
Transforming play-services-measurement-sdk-api-22.0.2.aar (com.google.android.gms:play-services-measurement-sdk-api:22.0.2) with ExtractAarTransform
Transforming play-services-measurement-sdk-api-22.0.2.aar (com.google.android.gms:play-services-measurement-sdk-api:22.0.2) with LibrarySymbolTableTransform
Transforming play-services-measurement-base-22.0.2.aar (com.google.android.gms:play-services-measurement-base:22.0.2) with ExtractAarTransform
Transforming play-services-measurement-base-22.0.2.aar (com.google.android.gms:play-services-measurement-base:22.0.2) with LibrarySymbolTableTransform
Transforming play-services-measurement-base-22.0.2.aar (com.google.android.gms:play-services-measurement-base:22.0.2) with ExtractAarTransform
Transforming play-services-measurement-base-22.0.2.aar (com.google.android.gms:play-services-measurement-base:22.0.2) with LibrarySymbolTableTransform
Transforming play-services-measurement-base-22.0.2.aar (com.google.android.gms:play-services-measurement-base:22.0.2) with ExtractAarTransform
Transforming play-services-measurement-base-22.0.2.aar (com.google.android.gms:play-services-measurement-base:22.0.2) with LibrarySymbolTableTransform
Transforming play-services-measurement-base-22.0.2.aar (com.google.android.gms:play-services-measurement-base:22.0.2) with ExtractAarTransform
Transforming play-services-measurement-base-22.0.2.aar (com.google.android.gms:play-services-measurement-base:22.0.2) with LibrarySymbolTableTransform
Transforming play-services-measurement-base-22.0.2.aar (com.google.android.gms:play-services-measurement-base:22.0.2) with ExtractAarTransform
Transforming play-services-measurement-base-22.0.2.aar (com.google.android.gms:play-services-measurement-base:22.0.2) with LibrarySymbolTableTransform
Transforming play-services-stats-17.0.2.aar (com.google.android.gms:play-services-stats:17.0.2) with ExtractAarTransform
Transforming play-services-stats-17.0.2.aar (com.google.android.gms:play-services-stats:17.0.2) with LibrarySymbolTableTransform
Transforming play-services-stats-17.0.2.aar (com.google.android.gms:play-services-stats:17.0.2) with ExtractAarTransform
Transforming play-services-stats-17.0.2.aar (com.google.android.gms:play-services-stats:17.0.2) with LibrarySymbolTableTransform
Transforming firebase-installations-interop-17.2.0.aar (com.google.firebase:firebase-installations-interop:17.2.0) with ExtractAarTransform
Transforming firebase-installations-interop-17.2.0.aar (com.google.firebase:firebase-installations-interop:17.2.0) with LibrarySymbolTableTransform
Transforming firebase-installations-interop-17.2.0.aar (com.google.firebase:firebase-installations-interop:17.2.0) with ExtractAarTransform
Transforming firebase-installations-interop-17.2.0.aar (com.google.firebase:firebase-installations-interop:17.2.0) with LibrarySymbolTableTransform
Transforming firebase-installations-interop-17.2.0.aar (com.google.firebase:firebase-installations-interop:17.2.0) with ExtractAarTransform
Transforming firebase-installations-interop-17.2.0.aar (com.google.firebase:firebase-installations-interop:17.2.0) with LibrarySymbolTableTransform
Transforming firebase-installations-interop-17.2.0.aar (com.google.firebase:firebase-installations-interop:17.2.0) with ExtractAarTransform
Transforming firebase-installations-interop-17.2.0.aar (com.google.firebase:firebase-installations-interop:17.2.0) with LibrarySymbolTableTransform
Transforming ads-adservices-java-1.0.0-beta05.aar (androidx.privacysandbox.ads:ads-adservices-java:1.0.0-beta05) with ExtractAarTransform
Transforming ads-adservices-java-1.0.0-beta05.aar (androidx.privacysandbox.ads:ads-adservices-java:1.0.0-beta05) with LibrarySymbolTableTransform
Transforming ads-adservices-1.0.0-beta05.aar (androidx.privacysandbox.ads:ads-adservices:1.0.0-beta05) with ExtractAarTransform
Transforming ads-adservices-1.0.0-beta05.aar (androidx.privacysandbox.ads:ads-adservices:1.0.0-beta05) with LibrarySymbolTableTransform
Transforming ads-adservices-1.0.0-beta05.aar (androidx.privacysandbox.ads:ads-adservices:1.0.0-beta05) with ExtractAarTransform
Transforming ads-adservices-1.0.0-beta05.aar (androidx.privacysandbox.ads:ads-adservices:1.0.0-beta05) with LibrarySymbolTableTransform
Transforming datastore-preferences-1.0.0.aar (androidx.datastore:datastore-preferences:1.0.0) with ExtractAarTransform
Transforming datastore-preferences-1.0.0.aar (androidx.datastore:datastore-preferences:1.0.0) with LibrarySymbolTableTransform
Transforming datastore-1.0.0.aar (androidx.datastore:datastore:1.0.0) with ExtractAarTransform
Transforming datastore-1.0.0.aar (androidx.datastore:datastore:1.0.0) with LibrarySymbolTableTransform
Transforming play-services-tasks-18.2.0.aar (com.google.android.gms:play-services-tasks:18.2.0) with ExtractAarTransform
Transforming play-services-tasks-18.2.0.aar (com.google.android.gms:play-services-tasks:18.2.0) with LibrarySymbolTableTransform
Transforming play-services-tasks-18.2.0.aar (com.google.android.gms:play-services-tasks:18.2.0) with ExtractAarTransform
Transforming play-services-tasks-18.2.0.aar (com.google.android.gms:play-services-tasks:18.2.0) with LibrarySymbolTableTransform
Transforming play-services-tasks-18.2.0.aar (com.google.android.gms:play-services-tasks:18.2.0) with ExtractAarTransform
Transforming play-services-tasks-18.2.0.aar (com.google.android.gms:play-services-tasks:18.2.0) with LibrarySymbolTableTransform
Transforming play-services-tasks-18.2.0.aar (com.google.android.gms:play-services-tasks:18.2.0) with ExtractAarTransform
Transforming play-services-tasks-18.2.0.aar (com.google.android.gms:play-services-tasks:18.2.0) with LibrarySymbolTableTransform
Transforming play-services-tasks-18.2.0.aar (com.google.android.gms:play-services-tasks:18.2.0) with ExtractAarTransform
Transforming play-services-tasks-18.2.0.aar (com.google.android.gms:play-services-tasks:18.2.0) with LibrarySymbolTableTransform
Transforming play-services-tasks-18.2.0.aar (com.google.android.gms:play-services-tasks:18.2.0) with ExtractAarTransform
Transforming play-services-tasks-18.2.0.aar (com.google.android.gms:play-services-tasks:18.2.0) with LibrarySymbolTableTransform
Transforming play-services-basement-18.4.0.aar (com.google.android.gms:play-services-basement:18.4.0) with ExtractAarTransform
Transforming play-services-basement-18.4.0.aar (com.google.android.gms:play-services-basement:18.4.0) with LibrarySymbolTableTransform
Transforming play-services-basement-18.4.0.aar (com.google.android.gms:play-services-basement:18.4.0) with ExtractAarTransform
Transforming play-services-basement-18.4.0.aar (com.google.android.gms:play-services-basement:18.4.0) with LibrarySymbolTableTransform
Transforming play-services-basement-18.4.0.aar (com.google.android.gms:play-services-basement:18.4.0) with ExtractAarTransform
Transforming play-services-basement-18.4.0.aar (com.google.android.gms:play-services-basement:18.4.0) with LibrarySymbolTableTransform
Transforming play-services-basement-18.4.0.aar (com.google.android.gms:play-services-basement:18.4.0) with ExtractAarTransform
Transforming play-services-basement-18.4.0.aar (com.google.android.gms:play-services-basement:18.4.0) with LibrarySymbolTableTransform
Transforming play-services-basement-18.4.0.aar (com.google.android.gms:play-services-basement:18.4.0) with ExtractAarTransform
Transforming play-services-basement-18.4.0.aar (com.google.android.gms:play-services-basement:18.4.0) with LibrarySymbolTableTransform
Transforming play-services-basement-18.4.0.aar (com.google.android.gms:play-services-basement:18.4.0) with ExtractAarTransform
Transforming play-services-basement-18.4.0.aar (com.google.android.gms:play-services-basement:18.4.0) with LibrarySymbolTableTransform
Transforming play-services-basement-18.4.0.aar (com.google.android.gms:play-services-basement:18.4.0) with ExtractAarTransform
Transforming play-services-basement-18.4.0.aar (com.google.android.gms:play-services-basement:18.4.0) with LibrarySymbolTableTransform
Transforming play-services-basement-18.4.0.aar (com.google.android.gms:play-services-basement:18.4.0) with ExtractAarTransform
Transforming play-services-basement-18.4.0.aar (com.google.android.gms:play-services-basement:18.4.0) with LibrarySymbolTableTransform
Transforming play-services-basement-18.4.0.aar (com.google.android.gms:play-services-basement:18.4.0) with ExtractAarTransform
Transforming play-services-basement-18.4.0.aar (com.google.android.gms:play-services-basement:18.4.0) with LibrarySymbolTableTransform
Transforming play-services-basement-18.4.0.aar (com.google.android.gms:play-services-basement:18.4.0) with ExtractAarTransform
Transforming play-services-basement-18.4.0.aar (com.google.android.gms:play-services-basement:18.4.0) with LibrarySymbolTableTransform
Transforming play-services-basement-18.4.0.aar (com.google.android.gms:play-services-basement:18.4.0) with ExtractAarTransform
Transforming play-services-basement-18.4.0.aar (com.google.android.gms:play-services-basement:18.4.0) with LibrarySymbolTableTransform
Transforming fragment-1.3.6.aar (androidx.fragment:fragment:1.3.6) with ExtractAarTransform
Transforming fragment-1.3.6.aar (androidx.fragment:fragment:1.3.6) with LibrarySymbolTableTransform
Transforming fragment-1.3.6.aar (androidx.fragment:fragment:1.3.6) with ExtractAarTransform
Transforming fragment-1.3.6.aar (androidx.fragment:fragment:1.3.6) with LibrarySymbolTableTransform
Transforming fragment-1.3.6.aar (androidx.fragment:fragment:1.3.6) with ExtractAarTransform
Transforming fragment-1.3.6.aar (androidx.fragment:fragment:1.3.6) with LibrarySymbolTableTransform
Transforming viewpager-1.0.0.aar (androidx.viewpager:viewpager:1.0.0) with ExtractAarTransform
Transforming viewpager-1.0.0.aar (androidx.viewpager:viewpager:1.0.0) with LibrarySymbolTableTransform
Transforming viewpager-1.0.0.aar (androidx.viewpager:viewpager:1.0.0) with ExtractAarTransform
Transforming viewpager-1.0.0.aar (androidx.viewpager:viewpager:1.0.0) with LibrarySymbolTableTransform
Transforming drawerlayout-1.0.0.aar (androidx.drawerlayout:drawerlayout:1.0.0) with ExtractAarTransform
Transforming drawerlayout-1.0.0.aar (androidx.drawerlayout:drawerlayout:1.0.0) with LibrarySymbolTableTransform
Transforming drawerlayout-1.0.0.aar (androidx.drawerlayout:drawerlayout:1.0.0) with ExtractAarTransform
Transforming drawerlayout-1.0.0.aar (androidx.drawerlayout:drawerlayout:1.0.0) with LibrarySymbolTableTransform
Transforming coordinatorlayout-1.0.0.aar (androidx.coordinatorlayout:coordinatorlayout:1.0.0) with ExtractAarTransform
Transforming coordinatorlayout-1.0.0.aar (androidx.coordinatorlayout:coordinatorlayout:1.0.0) with LibrarySymbolTableTransform
Transforming slidingpanelayout-1.0.0.aar (androidx.slidingpanelayout:slidingpanelayout:1.0.0) with ExtractAarTransform
Transforming slidingpanelayout-1.0.0.aar (androidx.slidingpanelayout:slidingpanelayout:1.0.0) with LibrarySymbolTableTransform
Transforming customview-1.0.0.aar (androidx.customview:customview:1.0.0) with ExtractAarTransform
Transforming customview-1.0.0.aar (androidx.customview:customview:1.0.0) with LibrarySymbolTableTransform
Transforming customview-1.0.0.aar (androidx.customview:customview:1.0.0) with ExtractAarTransform
Transforming customview-1.0.0.aar (androidx.customview:customview:1.0.0) with LibrarySymbolTableTransform
Transforming customview-1.0.0.aar (androidx.customview:customview:1.0.0) with ExtractAarTransform
Transforming customview-1.0.0.aar (androidx.customview:customview:1.0.0) with LibrarySymbolTableTransform
Transforming customview-1.0.0.aar (androidx.customview:customview:1.0.0) with ExtractAarTransform
Transforming customview-1.0.0.aar (androidx.customview:customview:1.0.0) with LibrarySymbolTableTransform
Transforming customview-1.0.0.aar (androidx.customview:customview:1.0.0) with ExtractAarTransform
Transforming customview-1.0.0.aar (androidx.customview:customview:1.0.0) with LibrarySymbolTableTransform
Transforming customview-1.0.0.aar (androidx.customview:customview:1.0.0) with ExtractAarTransform
Transforming customview-1.0.0.aar (androidx.customview:customview:1.0.0) with LibrarySymbolTableTransform
Transforming media-1.7.0.aar (androidx.media:media:1.7.0) with ExtractAarTransform
Transforming media-1.7.0.aar (androidx.media:media:1.7.0) with LibrarySymbolTableTransform
Transforming media-1.7.0.aar (androidx.media:media:1.7.0) with ExtractAarTransform
Transforming media-1.7.0.aar (androidx.media:media:1.7.0) with LibrarySymbolTableTransform
Transforming legacy-support-core-utils-1.0.0.aar (androidx.legacy:legacy-support-core-utils:1.0.0) with ExtractAarTransform
Transforming legacy-support-core-utils-1.0.0.aar (androidx.legacy:legacy-support-core-utils:1.0.0) with LibrarySymbolTableTransform
Transforming legacy-support-core-utils-1.0.0.aar (androidx.legacy:legacy-support-core-utils:1.0.0) with ExtractAarTransform
Transforming legacy-support-core-utils-1.0.0.aar (androidx.legacy:legacy-support-core-utils:1.0.0) with LibrarySymbolTableTransform
Transforming legacy-support-core-utils-1.0.0.aar (androidx.legacy:legacy-support-core-utils:1.0.0) with ExtractAarTransform
Transforming legacy-support-core-utils-1.0.0.aar (androidx.legacy:legacy-support-core-utils:1.0.0) with LibrarySymbolTableTransform
Transforming loader-1.0.0.aar (androidx.loader:loader:1.0.0) with ExtractAarTransform
Transforming loader-1.0.0.aar (androidx.loader:loader:1.0.0) with LibrarySymbolTableTransform
Transforming loader-1.0.0.aar (androidx.loader:loader:1.0.0) with ExtractAarTransform
Transforming loader-1.0.0.aar (androidx.loader:loader:1.0.0) with LibrarySymbolTableTransform
Transforming activity-1.2.4.aar (androidx.activity:activity:1.2.4) with ExtractAarTransform
Transforming activity-1.2.4.aar (androidx.activity:activity:1.2.4) with LibrarySymbolTableTransform
Transforming appcompat-resources-1.2.0.aar (androidx.appcompat:appcompat-resources:1.2.0) with ExtractAarTransform
Transforming appcompat-resources-1.2.0.aar (androidx.appcompat:appcompat-resources:1.2.0) with LibrarySymbolTableTransform
Transforming vectordrawable-animated-1.1.0.aar (androidx.vectordrawable:vectordrawable-animated:1.1.0) with ExtractAarTransform
Transforming vectordrawable-animated-1.1.0.aar (androidx.vectordrawable:vectordrawable-animated:1.1.0) with LibrarySymbolTableTransform
Transforming vectordrawable-1.1.0.aar (androidx.vectordrawable:vectordrawable:1.1.0) with ExtractAarTransform
Transforming vectordrawable-1.1.0.aar (androidx.vectordrawable:vectordrawable:1.1.0) with LibrarySymbolTableTransform
Transforming vectordrawable-1.1.0.aar (androidx.vectordrawable:vectordrawable:1.1.0) with ExtractAarTransform
Transforming vectordrawable-1.1.0.aar (androidx.vectordrawable:vectordrawable:1.1.0) with LibrarySymbolTableTransform
Transforming swiperefreshlayout-1.0.0.aar (androidx.swiperefreshlayout:swiperefreshlayout:1.0.0) with ExtractAarTransform
Transforming swiperefreshlayout-1.0.0.aar (androidx.swiperefreshlayout:swiperefreshlayout:1.0.0) with LibrarySymbolTableTransform
Transforming asynclayoutinflater-1.0.0.aar (androidx.asynclayoutinflater:asynclayoutinflater:1.0.0) with ExtractAarTransform
Transforming asynclayoutinflater-1.0.0.aar (androidx.asynclayoutinflater:asynclayoutinflater:1.0.0) with LibrarySymbolTableTransform
Transforming core-1.12.0.aar (androidx.core:core:1.12.0) with ExtractAarTransform
Transforming core-1.12.0.aar (androidx.core:core:1.12.0) with LibrarySymbolTableTransform
Transforming core-1.12.0.aar (androidx.core:core:1.12.0) with ExtractAarTransform
Transforming core-1.12.0.aar (androidx.core:core:1.12.0) with LibrarySymbolTableTransform
Transforming core-1.12.0.aar (androidx.core:core:1.12.0) with ExtractAarTransform
Transforming core-1.12.0.aar (androidx.core:core:1.12.0) with LibrarySymbolTableTransform
Transforming core-1.12.0.aar (androidx.core:core:1.12.0) with ExtractAarTransform
Transforming core-1.12.0.aar (androidx.core:core:1.12.0) with LibrarySymbolTableTransform
Transforming core-1.12.0.aar (androidx.core:core:1.12.0) with ExtractAarTransform
Transforming core-1.12.0.aar (androidx.core:core:1.12.0) with LibrarySymbolTableTransform
Transforming core-1.12.0.aar (androidx.core:core:1.12.0) with ExtractAarTransform
Transforming core-1.12.0.aar (androidx.core:core:1.12.0) with LibrarySymbolTableTransform
Transforming customview-poolingcontainer-1.0.0.aar (androidx.customview:customview-poolingcontainer:1.0.0) with ExtractAarTransform
Transforming customview-poolingcontainer-1.0.0.aar (androidx.customview:customview-poolingcontainer:1.0.0) with LibrarySymbolTableTransform
Transforming core-ktx-1.12.0.aar (androidx.core:core-ktx:1.12.0) with ExtractAarTransform
Transforming core-ktx-1.12.0.aar (androidx.core:core-ktx:1.12.0) with LibrarySymbolTableTransform
Transforming annotation-experimental-1.3.1.aar (androidx.annotation:annotation-experimental:1.3.1) with ExtractAarTransform
Transforming annotation-experimental-1.3.1.aar (androidx.annotation:annotation-experimental:1.3.1) with LibrarySymbolTableTransform
Transforming cardview-1.0.0.aar (androidx.cardview:cardview:1.0.0) with ExtractAarTransform
Transforming cardview-1.0.0.aar (androidx.cardview:cardview:1.0.0) with LibrarySymbolTableTransform
Transforming gifdecoder-4.16.0.aar (com.github.bumptech.glide:gifdecoder:4.16.0) with ExtractAarTransform
Transforming gifdecoder-4.16.0.aar (com.github.bumptech.glide:gifdecoder:4.16.0) with LibrarySymbolTableTransform
Transforming exifinterface-1.3.6.aar (androidx.exifinterface:exifinterface:1.3.6) with ExtractAarTransform
Transforming exifinterface-1.3.6.aar (androidx.exifinterface:exifinterface:1.3.6) with LibrarySymbolTableTransform
Transforming tracing-1.0.0.aar (androidx.tracing:tracing:1.0.0) with ExtractAarTransform
Transforming tracing-1.0.0.aar (androidx.tracing:tracing:1.0.0) with LibrarySymbolTableTransform
Transforming versionedparcelable-1.1.1.aar (androidx.versionedparcelable:versionedparcelable:1.1.1) with ExtractAarTransform
Transforming versionedparcelable-1.1.1.aar (androidx.versionedparcelable:versionedparcelable:1.1.1) with LibrarySymbolTableTransform
Transforming firebase-components-18.0.0.aar (com.google.firebase:firebase-components:18.0.0) with ExtractAarTransform
Transforming firebase-components-18.0.0.aar (com.google.firebase:firebase-components:18.0.0) with LibrarySymbolTableTransform
Transforming firebase-components-18.0.0.aar (com.google.firebase:firebase-components:18.0.0) with ExtractAarTransform
Transforming firebase-components-18.0.0.aar (com.google.firebase:firebase-components:18.0.0) with LibrarySymbolTableTransform
Transforming firebase-components-18.0.0.aar (com.google.firebase:firebase-components:18.0.0) with ExtractAarTransform
Transforming firebase-components-18.0.0.aar (com.google.firebase:firebase-components:18.0.0) with LibrarySymbolTableTransform
Transforming firebase-config-interop-16.0.1.aar (com.google.firebase:firebase-config-interop:16.0.1) with ExtractAarTransform
Transforming firebase-config-interop-16.0.1.aar (com.google.firebase:firebase-config-interop:16.0.1) with LibrarySymbolTableTransform
Transforming firebase-datatransport-19.0.0.aar (com.google.firebase:firebase-datatransport:19.0.0) with ExtractAarTransform
Transforming firebase-datatransport-19.0.0.aar (com.google.firebase:firebase-datatransport:19.0.0) with LibrarySymbolTableTransform
Transforming transport-backend-cct-3.3.0.aar (com.google.android.datatransport:transport-backend-cct:3.3.0) with ExtractAarTransform
Transforming transport-backend-cct-3.3.0.aar (com.google.android.datatransport:transport-backend-cct:3.3.0) with LibrarySymbolTableTransform
Transforming transport-backend-cct-3.3.0.aar (com.google.android.datatransport:transport-backend-cct:3.3.0) with ExtractAarTransform
Transforming transport-backend-cct-3.3.0.aar (com.google.android.datatransport:transport-backend-cct:3.3.0) with LibrarySymbolTableTransform
Transforming firebase-encoders-json-18.0.1.aar (com.google.firebase:firebase-encoders-json:18.0.1) with ExtractAarTransform
Transforming firebase-encoders-json-18.0.1.aar (com.google.firebase:firebase-encoders-json:18.0.1) with LibrarySymbolTableTransform
Transforming firebase-encoders-json-18.0.1.aar (com.google.firebase:firebase-encoders-json:18.0.1) with ExtractAarTransform
Transforming firebase-encoders-json-18.0.1.aar (com.google.firebase:firebase-encoders-json:18.0.1) with LibrarySymbolTableTransform
Transforming firebase-encoders-json-18.0.1.aar (com.google.firebase:firebase-encoders-json:18.0.1) with ExtractAarTransform
Transforming firebase-encoders-json-18.0.1.aar (com.google.firebase:firebase-encoders-json:18.0.1) with LibrarySymbolTableTransform
Transforming firebase-encoders-json-18.0.1.aar (com.google.firebase:firebase-encoders-json:18.0.1) with ExtractAarTransform
Transforming firebase-encoders-json-18.0.1.aar (com.google.firebase:firebase-encoders-json:18.0.1) with LibrarySymbolTableTransform
Transforming transport-runtime-3.3.0.aar (com.google.android.datatransport:transport-runtime:3.3.0) with ExtractAarTransform
Transforming transport-runtime-3.3.0.aar (com.google.android.datatransport:transport-runtime:3.3.0) with LibrarySymbolTableTransform
Transforming transport-runtime-3.3.0.aar (com.google.android.datatransport:transport-runtime:3.3.0) with ExtractAarTransform
Transforming transport-runtime-3.3.0.aar (com.google.android.datatransport:transport-runtime:3.3.0) with LibrarySymbolTableTransform
Transforming transport-runtime-3.3.0.aar (com.google.android.datatransport:transport-runtime:3.3.0) with ExtractAarTransform
Transforming transport-runtime-3.3.0.aar (com.google.android.datatransport:transport-runtime:3.3.0) with LibrarySymbolTableTransform
Transforming transport-api-3.2.0.aar (com.google.android.datatransport:transport-api:3.2.0) with ExtractAarTransform
Transforming transport-api-3.2.0.aar (com.google.android.datatransport:transport-api:3.2.0) with LibrarySymbolTableTransform
Transforming transport-api-3.2.0.aar (com.google.android.datatransport:transport-api:3.2.0) with ExtractAarTransform
Transforming transport-api-3.2.0.aar (com.google.android.datatransport:transport-api:3.2.0) with LibrarySymbolTableTransform
Transforming transport-api-3.2.0.aar (com.google.android.datatransport:transport-api:3.2.0) with ExtractAarTransform
Transforming transport-api-3.2.0.aar (com.google.android.datatransport:transport-api:3.2.0) with LibrarySymbolTableTransform
Transforming transport-api-3.2.0.aar (com.google.android.datatransport:transport-api:3.2.0) with ExtractAarTransform
Transforming transport-api-3.2.0.aar (com.google.android.datatransport:transport-api:3.2.0) with LibrarySymbolTableTransform
Transforming transport-api-3.2.0.aar (com.google.android.datatransport:transport-api:3.2.0) with ExtractAarTransform
Transforming transport-api-3.2.0.aar (com.google.android.datatransport:transport-api:3.2.0) with LibrarySymbolTableTransform
Transforming interpolator-1.0.0.aar (androidx.interpolator:interpolator:1.0.0) with ExtractAarTransform
Transforming interpolator-1.0.0.aar (androidx.interpolator:interpolator:1.0.0) with LibrarySymbolTableTransform
Transforming interpolator-1.0.0.aar (androidx.interpolator:interpolator:1.0.0) with ExtractAarTransform
Transforming interpolator-1.0.0.aar (androidx.interpolator:interpolator:1.0.0) with LibrarySymbolTableTransform
Transforming interpolator-1.0.0.aar (androidx.interpolator:interpolator:1.0.0) with ExtractAarTransform
Transforming interpolator-1.0.0.aar (androidx.interpolator:interpolator:1.0.0) with LibrarySymbolTableTransform
Transforming interpolator-1.0.0.aar (androidx.interpolator:interpolator:1.0.0) with ExtractAarTransform
Transforming interpolator-1.0.0.aar (androidx.interpolator:interpolator:1.0.0) with LibrarySymbolTableTransform
Transforming lifecycle-runtime-2.3.1.aar (androidx.lifecycle:lifecycle-runtime:2.3.1) with ExtractAarTransform
Transforming lifecycle-runtime-2.3.1.aar (androidx.lifecycle:lifecycle-runtime:2.3.1) with LibrarySymbolTableTransform
Transforming lifecycle-viewmodel-savedstate-2.3.1.aar (androidx.lifecycle:lifecycle-viewmodel-savedstate:2.3.1) with ExtractAarTransform
Transforming lifecycle-viewmodel-savedstate-2.3.1.aar (androidx.lifecycle:lifecycle-viewmodel-savedstate:2.3.1) with LibrarySymbolTableTransform
Transforming lifecycle-viewmodel-2.3.1.aar (androidx.lifecycle:lifecycle-viewmodel:2.3.1) with ExtractAarTransform
Transforming lifecycle-viewmodel-2.3.1.aar (androidx.lifecycle:lifecycle-viewmodel:2.3.1) with LibrarySymbolTableTransform
Transforming lifecycle-viewmodel-2.3.1.aar (androidx.lifecycle:lifecycle-viewmodel:2.3.1) with ExtractAarTransform
Transforming lifecycle-viewmodel-2.3.1.aar (androidx.lifecycle:lifecycle-viewmodel:2.3.1) with LibrarySymbolTableTransform
Transforming savedstate-1.1.0.aar (androidx.savedstate:savedstate:1.1.0) with ExtractAarTransform
Transforming savedstate-1.1.0.aar (androidx.savedstate:savedstate:1.1.0) with LibrarySymbolTableTransform
Transforming cursoradapter-1.0.0.aar (androidx.cursoradapter:cursoradapter:1.0.0) with ExtractAarTransform
Transforming cursoradapter-1.0.0.aar (androidx.cursoradapter:cursoradapter:1.0.0) with LibrarySymbolTableTransform
Transforming cursoradapter-1.0.0.aar (androidx.cursoradapter:cursoradapter:1.0.0) with ExtractAarTransform
Transforming cursoradapter-1.0.0.aar (androidx.cursoradapter:cursoradapter:1.0.0) with LibrarySymbolTableTransform
Transforming lifecycle-livedata-2.0.0.aar (androidx.lifecycle:lifecycle-livedata:2.0.0) with ExtractAarTransform
Transforming lifecycle-livedata-2.0.0.aar (androidx.lifecycle:lifecycle-livedata:2.0.0) with LibrarySymbolTableTransform
Transforming lifecycle-livedata-core-2.3.1.aar (androidx.lifecycle:lifecycle-livedata-core:2.3.1) with ExtractAarTransform
Transforming lifecycle-livedata-core-2.3.1.aar (androidx.lifecycle:lifecycle-livedata-core:2.3.1) with LibrarySymbolTableTransform
Transforming lifecycle-livedata-core-2.3.1.aar (androidx.lifecycle:lifecycle-livedata-core:2.3.1) with ExtractAarTransform
Transforming lifecycle-livedata-core-2.3.1.aar (androidx.lifecycle:lifecycle-livedata-core:2.3.1) with LibrarySymbolTableTransform
Transforming core-runtime-2.1.0.aar (androidx.arch.core:core-runtime:2.1.0) with ExtractAarTransform
Transforming core-runtime-2.1.0.aar (androidx.arch.core:core-runtime:2.1.0) with LibrarySymbolTableTransform
Transforming core-runtime-2.1.0.aar (androidx.arch.core:core-runtime:2.1.0) with ExtractAarTransform
Transforming core-runtime-2.1.0.aar (androidx.arch.core:core-runtime:2.1.0) with LibrarySymbolTableTransform
Transforming documentfile-1.0.0.aar (androidx.documentfile:documentfile:1.0.0) with ExtractAarTransform
Transforming documentfile-1.0.0.aar (androidx.documentfile:documentfile:1.0.0) with LibrarySymbolTableTransform
Transforming localbroadcastmanager-1.0.0.aar (androidx.localbroadcastmanager:localbroadcastmanager:1.0.0) with ExtractAarTransform
Transforming localbroadcastmanager-1.0.0.aar (androidx.localbroadcastmanager:localbroadcastmanager:1.0.0) with LibrarySymbolTableTransform
Transforming print-1.0.0.aar (androidx.print:print:1.0.0) with ExtractAarTransform
Transforming print-1.0.0.aar (androidx.print:print:1.0.0) with LibrarySymbolTableTransform
Transforming multidex-2.0.1.aar (androidx.multidex:multidex:2.0.1) with ExtractAarTransform
Transforming multidex-2.0.1.aar (androidx.multidex:multidex:2.0.1) with LibrarySymbolTableTransform
Transforming rtmp-client-3.2.0.aar (io.antmedia:rtmp-client:3.2.0) with ExtractAarTransform
Transforming rtmp-client-3.2.0.aar (io.antmedia:rtmp-client:3.2.0) with LibrarySymbolTableTransform
Transforming viewbinding-8.3.1.aar (androidx.databinding:viewbinding:8.3.1) with ExtractAarTransform
Transforming viewbinding-8.3.1.aar (androidx.databinding:viewbinding:8.3.1) with AarTransform
Transforming firebase-crashlytics-19.0.3.aar (com.google.firebase:firebase-crashlytics:19.0.3) with ExtractAarTransform
Transforming firebase-crashlytics-19.0.3.aar (com.google.firebase:firebase-crashlytics:19.0.3) with AarTransform
Transforming core-ktx-1.12.0.aar (androidx.core:core-ktx:1.12.0) with ExtractAarTransform
Transforming core-ktx-1.12.0.aar (androidx.core:core-ktx:1.12.0) with AarTransform
Transforming firebase-analytics-22.0.2.aar (com.google.firebase:firebase-analytics:22.0.2) with ExtractAarTransform
Transforming firebase-analytics-22.0.2.aar (com.google.firebase:firebase-analytics:22.0.2) with AarTransform
Transforming play-services-measurement-api-22.0.2.aar (com.google.android.gms:play-services-measurement-api:22.0.2) with ExtractAarTransform
Transforming play-services-measurement-api-22.0.2.aar (com.google.android.gms:play-services-measurement-api:22.0.2) with AarTransform
Transforming firebase-installations-18.0.0.aar (com.google.firebase:firebase-installations:18.0.0) with ExtractAarTransform
Transforming firebase-installations-18.0.0.aar (com.google.firebase:firebase-installations:18.0.0) with AarTransform
Transforming firebase-installations-18.0.0.aar (com.google.firebase:firebase-installations:18.0.0) with ExtractAarTransform
Transforming firebase-installations-18.0.0.aar (com.google.firebase:firebase-installations:18.0.0) with AarTransform
Transforming firebase-sessions-2.0.3.aar (com.google.firebase:firebase-sessions:2.0.3) with ExtractAarTransform
Transforming firebase-sessions-2.0.3.aar (com.google.firebase:firebase-sessions:2.0.3) with AarTransform
Transforming firebase-common-ktx-21.0.0.aar (com.google.firebase:firebase-common-ktx:21.0.0) with ExtractAarTransform
Transforming firebase-common-ktx-21.0.0.aar (com.google.firebase:firebase-common-ktx:21.0.0) with AarTransform
Transforming firebase-common-ktx-21.0.0.aar (com.google.firebase:firebase-common-ktx:21.0.0) with ExtractAarTransform
Transforming firebase-common-ktx-21.0.0.aar (com.google.firebase:firebase-common-ktx:21.0.0) with AarTransform
Transforming firebase-common-ktx-21.0.0.aar (com.google.firebase:firebase-common-ktx:21.0.0) with ExtractAarTransform
Transforming firebase-common-ktx-21.0.0.aar (com.google.firebase:firebase-common-ktx:21.0.0) with AarTransform
Transforming firebase-common-ktx-21.0.0.aar (com.google.firebase:firebase-common-ktx:21.0.0) with ExtractAarTransform
Transforming firebase-common-ktx-21.0.0.aar (com.google.firebase:firebase-common-ktx:21.0.0) with AarTransform
Transforming firebase-common-21.0.0.aar (com.google.firebase:firebase-common:21.0.0) with ExtractAarTransform
Transforming firebase-common-21.0.0.aar (com.google.firebase:firebase-common:21.0.0) with AarTransform
Transforming firebase-common-21.0.0.aar (com.google.firebase:firebase-common:21.0.0) with ExtractAarTransform
Transforming firebase-common-21.0.0.aar (com.google.firebase:firebase-common:21.0.0) with AarTransform
Transforming firebase-common-21.0.0.aar (com.google.firebase:firebase-common:21.0.0) with ExtractAarTransform
Transforming firebase-common-21.0.0.aar (com.google.firebase:firebase-common:21.0.0) with AarTransform
Transforming firebase-common-21.0.0.aar (com.google.firebase:firebase-common:21.0.0) with ExtractAarTransform
Transforming firebase-common-21.0.0.aar (com.google.firebase:firebase-common:21.0.0) with AarTransform
Transforming firebase-common-21.0.0.aar (com.google.firebase:firebase-common:21.0.0) with ExtractAarTransform
Transforming firebase-common-21.0.0.aar (com.google.firebase:firebase-common:21.0.0) with AarTransform
Transforming play-services-measurement-22.0.2.aar (com.google.android.gms:play-services-measurement:22.0.2) with ExtractAarTransform
Transforming play-services-measurement-22.0.2.aar (com.google.android.gms:play-services-measurement:22.0.2) with AarTransform
Transforming play-services-measurement-sdk-22.0.2.aar (com.google.android.gms:play-services-measurement-sdk:22.0.2) with ExtractAarTransform
Transforming play-services-measurement-sdk-22.0.2.aar (com.google.android.gms:play-services-measurement-sdk:22.0.2) with AarTransform
Transforming play-services-measurement-impl-22.0.2.aar (com.google.android.gms:play-services-measurement-impl:22.0.2) with ExtractAarTransform
Transforming play-services-measurement-impl-22.0.2.aar (com.google.android.gms:play-services-measurement-impl:22.0.2) with AarTransform
Transforming play-services-measurement-impl-22.0.2.aar (com.google.android.gms:play-services-measurement-impl:22.0.2) with ExtractAarTransform
Transforming play-services-measurement-impl-22.0.2.aar (com.google.android.gms:play-services-measurement-impl:22.0.2) with AarTransform
Transforming ads-adservices-java-1.0.0-beta05.aar (androidx.privacysandbox.ads:ads-adservices-java:1.0.0-beta05) with ExtractAarTransform
Transforming ads-adservices-java-1.0.0-beta05.aar (androidx.privacysandbox.ads:ads-adservices-java:1.0.0-beta05) with AarTransform
Transforming ads-adservices-1.0.0-beta05.aar (androidx.privacysandbox.ads:ads-adservices:1.0.0-beta05) with ExtractAarTransform
Transforming ads-adservices-1.0.0-beta05.aar (androidx.privacysandbox.ads:ads-adservices:1.0.0-beta05) with AarTransform
Transforming leanback-1.0.0.aar (androidx.leanback:leanback:1.0.0) with ExtractAarTransform
Transforming leanback-1.0.0.aar (androidx.leanback:leanback:1.0.0) with AarTransform
Transforming recyclerview-1.3.2.aar (androidx.recyclerview:recyclerview:1.3.2) with ExtractAarTransform
Transforming recyclerview-1.3.2.aar (androidx.recyclerview:recyclerview:1.3.2) with AarTransform
Transforming recyclerview-1.3.2.aar (androidx.recyclerview:recyclerview:1.3.2) with ExtractAarTransform
Transforming recyclerview-1.3.2.aar (androidx.recyclerview:recyclerview:1.3.2) with AarTransform
Transforming cardview-1.0.0.aar (androidx.cardview:cardview:1.0.0) with ExtractAarTransform
Transforming cardview-1.0.0.aar (androidx.cardview:cardview:1.0.0) with AarTransform
Transforming legacy-support-core-ui-1.0.0.aar (androidx.legacy:legacy-support-core-ui:1.0.0) with ExtractAarTransform
Transforming legacy-support-core-ui-1.0.0.aar (androidx.legacy:legacy-support-core-ui:1.0.0) with AarTransform
Transforming glide-4.16.0.aar (com.github.bumptech.glide:glide:4.16.0) with ExtractAarTransform
Transforming glide-4.16.0.aar (com.github.bumptech.glide:glide:4.16.0) with AarTransform
Transforming firebase-installations-interop-17.2.0.aar (com.google.firebase:firebase-installations-interop:17.2.0) with ExtractAarTransform
Transforming firebase-installations-interop-17.2.0.aar (com.google.firebase:firebase-installations-interop:17.2.0) with AarTransform
Transforming firebase-installations-interop-17.2.0.aar (com.google.firebase:firebase-installations-interop:17.2.0) with ExtractAarTransform
Transforming firebase-installations-interop-17.2.0.aar (com.google.firebase:firebase-installations-interop:17.2.0) with AarTransform
Transforming firebase-installations-interop-17.2.0.aar (com.google.firebase:firebase-installations-interop:17.2.0) with ExtractAarTransform
Transforming firebase-installations-interop-17.2.0.aar (com.google.firebase:firebase-installations-interop:17.2.0) with AarTransform
Transforming firebase-installations-interop-17.2.0.aar (com.google.firebase:firebase-installations-interop:17.2.0) with ExtractAarTransform
Transforming firebase-installations-interop-17.2.0.aar (com.google.firebase:firebase-installations-interop:17.2.0) with AarTransform
Transforming play-services-tasks-18.2.0.aar (com.google.android.gms:play-services-tasks:18.2.0) with ExtractAarTransform
Transforming play-services-tasks-18.2.0.aar (com.google.android.gms:play-services-tasks:18.2.0) with AarTransform
Transforming play-services-tasks-18.2.0.aar (com.google.android.gms:play-services-tasks:18.2.0) with ExtractAarTransform
Transforming play-services-tasks-18.2.0.aar (com.google.android.gms:play-services-tasks:18.2.0) with AarTransform
Transforming play-services-tasks-18.2.0.aar (com.google.android.gms:play-services-tasks:18.2.0) with ExtractAarTransform
Transforming play-services-tasks-18.2.0.aar (com.google.android.gms:play-services-tasks:18.2.0) with AarTransform
Transforming play-services-tasks-18.2.0.aar (com.google.android.gms:play-services-tasks:18.2.0) with ExtractAarTransform
Transforming play-services-tasks-18.2.0.aar (com.google.android.gms:play-services-tasks:18.2.0) with AarTransform
Transforming play-services-tasks-18.2.0.aar (com.google.android.gms:play-services-tasks:18.2.0) with ExtractAarTransform
Transforming play-services-tasks-18.2.0.aar (com.google.android.gms:play-services-tasks:18.2.0) with AarTransform
Transforming firebase-measurement-connector-20.0.1.aar (com.google.firebase:firebase-measurement-connector:20.0.1) with ExtractAarTransform
Transforming firebase-measurement-connector-20.0.1.aar (com.google.firebase:firebase-measurement-connector:20.0.1) with AarTransform
Transforming firebase-measurement-connector-20.0.1.aar (com.google.firebase:firebase-measurement-connector:20.0.1) with ExtractAarTransform
Transforming firebase-measurement-connector-20.0.1.aar (com.google.firebase:firebase-measurement-connector:20.0.1) with AarTransform
Transforming play-services-ads-identifier-18.0.0.aar (com.google.android.gms:play-services-ads-identifier:18.0.0) with ExtractAarTransform
Transforming play-services-ads-identifier-18.0.0.aar (com.google.android.gms:play-services-ads-identifier:18.0.0) with AarTransform
Transforming play-services-ads-identifier-18.0.0.aar (com.google.android.gms:play-services-ads-identifier:18.0.0) with ExtractAarTransform
Transforming play-services-ads-identifier-18.0.0.aar (com.google.android.gms:play-services-ads-identifier:18.0.0) with AarTransform
Transforming play-services-ads-identifier-18.0.0.aar (com.google.android.gms:play-services-ads-identifier:18.0.0) with ExtractAarTransform
Transforming play-services-ads-identifier-18.0.0.aar (com.google.android.gms:play-services-ads-identifier:18.0.0) with AarTransform
Transforming play-services-measurement-sdk-api-22.0.2.aar (com.google.android.gms:play-services-measurement-sdk-api:22.0.2) with ExtractAarTransform
Transforming play-services-measurement-sdk-api-22.0.2.aar (com.google.android.gms:play-services-measurement-sdk-api:22.0.2) with AarTransform
Transforming play-services-measurement-base-22.0.2.aar (com.google.android.gms:play-services-measurement-base:22.0.2) with ExtractAarTransform
Transforming play-services-measurement-base-22.0.2.aar (com.google.android.gms:play-services-measurement-base:22.0.2) with AarTransform
Transforming play-services-measurement-base-22.0.2.aar (com.google.android.gms:play-services-measurement-base:22.0.2) with ExtractAarTransform
Transforming play-services-measurement-base-22.0.2.aar (com.google.android.gms:play-services-measurement-base:22.0.2) with AarTransform
Transforming play-services-measurement-base-22.0.2.aar (com.google.android.gms:play-services-measurement-base:22.0.2) with ExtractAarTransform
Transforming play-services-measurement-base-22.0.2.aar (com.google.android.gms:play-services-measurement-base:22.0.2) with AarTransform
Transforming play-services-measurement-base-22.0.2.aar (com.google.android.gms:play-services-measurement-base:22.0.2) with ExtractAarTransform
Transforming play-services-measurement-base-22.0.2.aar (com.google.android.gms:play-services-measurement-base:22.0.2) with AarTransform
Transforming play-services-measurement-base-22.0.2.aar (com.google.android.gms:play-services-measurement-base:22.0.2) with ExtractAarTransform
Transforming play-services-measurement-base-22.0.2.aar (com.google.android.gms:play-services-measurement-base:22.0.2) with AarTransform
Transforming play-services-stats-17.0.2.aar (com.google.android.gms:play-services-stats:17.0.2) with ExtractAarTransform
Transforming play-services-stats-17.0.2.aar (com.google.android.gms:play-services-stats:17.0.2) with AarTransform
Transforming play-services-stats-17.0.2.aar (com.google.android.gms:play-services-stats:17.0.2) with ExtractAarTransform
Transforming play-services-stats-17.0.2.aar (com.google.android.gms:play-services-stats:17.0.2) with AarTransform
Transforming play-services-basement-18.4.0.aar (com.google.android.gms:play-services-basement:18.4.0) with ExtractAarTransform
Transforming play-services-basement-18.4.0.aar (com.google.android.gms:play-services-basement:18.4.0) with AarTransform
Transforming play-services-basement-18.4.0.aar (com.google.android.gms:play-services-basement:18.4.0) with ExtractAarTransform
Transforming play-services-basement-18.4.0.aar (com.google.android.gms:play-services-basement:18.4.0) with AarTransform
Transforming play-services-basement-18.4.0.aar (com.google.android.gms:play-services-basement:18.4.0) with ExtractAarTransform
Transforming play-services-basement-18.4.0.aar (com.google.android.gms:play-services-basement:18.4.0) with AarTransform
Transforming play-services-basement-18.4.0.aar (com.google.android.gms:play-services-basement:18.4.0) with ExtractAarTransform
Transforming play-services-basement-18.4.0.aar (com.google.android.gms:play-services-basement:18.4.0) with AarTransform
Transforming play-services-basement-18.4.0.aar (com.google.android.gms:play-services-basement:18.4.0) with ExtractAarTransform
Transforming play-services-basement-18.4.0.aar (com.google.android.gms:play-services-basement:18.4.0) with AarTransform
Transforming play-services-basement-18.4.0.aar (com.google.android.gms:play-services-basement:18.4.0) with ExtractAarTransform
Transforming play-services-basement-18.4.0.aar (com.google.android.gms:play-services-basement:18.4.0) with AarTransform
Transforming play-services-basement-18.4.0.aar (com.google.android.gms:play-services-basement:18.4.0) with ExtractAarTransform
Transforming play-services-basement-18.4.0.aar (com.google.android.gms:play-services-basement:18.4.0) with AarTransform
Transforming play-services-basement-18.4.0.aar (com.google.android.gms:play-services-basement:18.4.0) with ExtractAarTransform
Transforming play-services-basement-18.4.0.aar (com.google.android.gms:play-services-basement:18.4.0) with AarTransform
Transforming play-services-basement-18.4.0.aar (com.google.android.gms:play-services-basement:18.4.0) with ExtractAarTransform
Transforming play-services-basement-18.4.0.aar (com.google.android.gms:play-services-basement:18.4.0) with AarTransform
Transforming play-services-basement-18.4.0.aar (com.google.android.gms:play-services-basement:18.4.0) with ExtractAarTransform
Transforming play-services-basement-18.4.0.aar (com.google.android.gms:play-services-basement:18.4.0) with AarTransform
Transforming fragment-1.3.6.aar (androidx.fragment:fragment:1.3.6) with ExtractAarTransform
Transforming fragment-1.3.6.aar (androidx.fragment:fragment:1.3.6) with AarTransform
Transforming fragment-1.3.6.aar (androidx.fragment:fragment:1.3.6) with ExtractAarTransform
Transforming fragment-1.3.6.aar (androidx.fragment:fragment:1.3.6) with AarTransform
Transforming fragment-1.3.6.aar (androidx.fragment:fragment:1.3.6) with ExtractAarTransform
Transforming fragment-1.3.6.aar (androidx.fragment:fragment:1.3.6) with AarTransform
Transforming viewpager-1.0.0.aar (androidx.viewpager:viewpager:1.0.0) with ExtractAarTransform
Transforming viewpager-1.0.0.aar (androidx.viewpager:viewpager:1.0.0) with AarTransform
Transforming viewpager-1.0.0.aar (androidx.viewpager:viewpager:1.0.0) with ExtractAarTransform
Transforming viewpager-1.0.0.aar (androidx.viewpager:viewpager:1.0.0) with AarTransform
Transforming coordinatorlayout-1.0.0.aar (androidx.coordinatorlayout:coordinatorlayout:1.0.0) with ExtractAarTransform
Transforming coordinatorlayout-1.0.0.aar (androidx.coordinatorlayout:coordinatorlayout:1.0.0) with AarTransform
Transforming drawerlayout-1.0.0.aar (androidx.drawerlayout:drawerlayout:1.0.0) with ExtractAarTransform
Transforming drawerlayout-1.0.0.aar (androidx.drawerlayout:drawerlayout:1.0.0) with AarTransform
Transforming slidingpanelayout-1.0.0.aar (androidx.slidingpanelayout:slidingpanelayout:1.0.0) with ExtractAarTransform
Transforming slidingpanelayout-1.0.0.aar (androidx.slidingpanelayout:slidingpanelayout:1.0.0) with AarTransform
Transforming customview-1.0.0.aar (androidx.customview:customview:1.0.0) with ExtractAarTransform
Transforming customview-1.0.0.aar (androidx.customview:customview:1.0.0) with AarTransform
Transforming customview-1.0.0.aar (androidx.customview:customview:1.0.0) with ExtractAarTransform
Transforming customview-1.0.0.aar (androidx.customview:customview:1.0.0) with AarTransform
Transforming customview-1.0.0.aar (androidx.customview:customview:1.0.0) with ExtractAarTransform
Transforming customview-1.0.0.aar (androidx.customview:customview:1.0.0) with AarTransform
Transforming customview-1.0.0.aar (androidx.customview:customview:1.0.0) with ExtractAarTransform
Transforming customview-1.0.0.aar (androidx.customview:customview:1.0.0) with AarTransform
Transforming customview-1.0.0.aar (androidx.customview:customview:1.0.0) with ExtractAarTransform
Transforming customview-1.0.0.aar (androidx.customview:customview:1.0.0) with AarTransform
Transforming customview-1.0.0.aar (androidx.customview:customview:1.0.0) with ExtractAarTransform
Transforming customview-1.0.0.aar (androidx.customview:customview:1.0.0) with AarTransform
Transforming media-1.7.0.aar (androidx.media:media:1.7.0) with ExtractAarTransform
Transforming media-1.7.0.aar (androidx.media:media:1.7.0) with AarTransform
Transforming legacy-support-core-utils-1.0.0.aar (androidx.legacy:legacy-support-core-utils:1.0.0) with ExtractAarTransform
Transforming legacy-support-core-utils-1.0.0.aar (androidx.legacy:legacy-support-core-utils:1.0.0) with AarTransform
Transforming legacy-support-core-utils-1.0.0.aar (androidx.legacy:legacy-support-core-utils:1.0.0) with ExtractAarTransform
Transforming legacy-support-core-utils-1.0.0.aar (androidx.legacy:legacy-support-core-utils:1.0.0) with AarTransform
Transforming legacy-support-core-utils-1.0.0.aar (androidx.legacy:legacy-support-core-utils:1.0.0) with ExtractAarTransform
Transforming legacy-support-core-utils-1.0.0.aar (androidx.legacy:legacy-support-core-utils:1.0.0) with AarTransform
Transforming loader-1.0.0.aar (androidx.loader:loader:1.0.0) with ExtractAarTransform
Transforming loader-1.0.0.aar (androidx.loader:loader:1.0.0) with AarTransform
Transforming loader-1.0.0.aar (androidx.loader:loader:1.0.0) with ExtractAarTransform
Transforming loader-1.0.0.aar (androidx.loader:loader:1.0.0) with AarTransform
Transforming activity-1.2.4.aar (androidx.activity:activity:1.2.4) with ExtractAarTransform
Transforming activity-1.2.4.aar (androidx.activity:activity:1.2.4) with AarTransform
Transforming vectordrawable-animated-1.1.0.aar (androidx.vectordrawable:vectordrawable-animated:1.1.0) with ExtractAarTransform
Transforming vectordrawable-animated-1.1.0.aar (androidx.vectordrawable:vectordrawable-animated:1.1.0) with AarTransform
Transforming vectordrawable-1.1.0.aar (androidx.vectordrawable:vectordrawable:1.1.0) with ExtractAarTransform
Transforming vectordrawable-1.1.0.aar (androidx.vectordrawable:vectordrawable:1.1.0) with AarTransform
Transforming swiperefreshlayout-1.0.0.aar (androidx.swiperefreshlayout:swiperefreshlayout:1.0.0) with ExtractAarTransform
Transforming swiperefreshlayout-1.0.0.aar (androidx.swiperefreshlayout:swiperefreshlayout:1.0.0) with AarTransform
Transforming asynclayoutinflater-1.0.0.aar (androidx.asynclayoutinflater:asynclayoutinflater:1.0.0) with ExtractAarTransform
Transforming asynclayoutinflater-1.0.0.aar (androidx.asynclayoutinflater:asynclayoutinflater:1.0.0) with AarTransform
Transforming core-1.12.0.aar (androidx.core:core:1.12.0) with ExtractAarTransform
Transforming core-1.12.0.aar (androidx.core:core:1.12.0) with AarTransform
Transforming core-1.12.0.aar (androidx.core:core:1.12.0) with ExtractAarTransform
Transforming core-1.12.0.aar (androidx.core:core:1.12.0) with AarTransform
Transforming core-1.12.0.aar (androidx.core:core:1.12.0) with ExtractAarTransform
Transforming core-1.12.0.aar (androidx.core:core:1.12.0) with AarTransform
Transforming core-1.12.0.aar (androidx.core:core:1.12.0) with ExtractAarTransform
Transforming core-1.12.0.aar (androidx.core:core:1.12.0) with AarTransform
Transforming core-1.12.0.aar (androidx.core:core:1.12.0) with ExtractAarTransform
Transforming core-1.12.0.aar (androidx.core:core:1.12.0) with AarTransform
Transforming core-1.12.0.aar (androidx.core:core:1.12.0) with ExtractAarTransform
Transforming core-1.12.0.aar (androidx.core:core:1.12.0) with AarTransform
Transforming core-1.12.0.aar (androidx.core:core:1.12.0) with ExtractAarTransform
Transforming core-1.12.0.aar (androidx.core:core:1.12.0) with AarTransform
Transforming core-1.12.0.aar (androidx.core:core:1.12.0) with ExtractAarTransform
Transforming core-1.12.0.aar (androidx.core:core:1.12.0) with AarTransform
Transforming core-1.12.0.aar (androidx.core:core:1.12.0) with ExtractAarTransform
Transforming core-1.12.0.aar (androidx.core:core:1.12.0) with AarTransform
Transforming core-1.12.0.aar (androidx.core:core:1.12.0) with ExtractAarTransform
Transforming core-1.12.0.aar (androidx.core:core:1.12.0) with AarTransform
Transforming core-1.12.0.aar (androidx.core:core:1.12.0) with ExtractAarTransform
Transforming core-1.12.0.aar (androidx.core:core:1.12.0) with AarTransform
Transforming core-1.12.0.aar (androidx.core:core:1.12.0) with ExtractAarTransform
Transforming core-1.12.0.aar (androidx.core:core:1.12.0) with AarTransform
Transforming core-1.12.0.aar (androidx.core:core:1.12.0) with ExtractAarTransform
Transforming core-1.12.0.aar (androidx.core:core:1.12.0) with AarTransform
Transforming core-1.12.0.aar (androidx.core:core:1.12.0) with ExtractAarTransform
Transforming core-1.12.0.aar (androidx.core:core:1.12.0) with AarTransform
Transforming core-1.12.0.aar (androidx.core:core:1.12.0) with ExtractAarTransform
Transforming core-1.12.0.aar (androidx.core:core:1.12.0) with AarTransform
Transforming gifdecoder-4.16.0.aar (com.github.bumptech.glide:gifdecoder:4.16.0) with ExtractAarTransform
Transforming gifdecoder-4.16.0.aar (com.github.bumptech.glide:gifdecoder:4.16.0) with AarTransform
Transforming firebase-config-interop-16.0.1.aar (com.google.firebase:firebase-config-interop:16.0.1) with ExtractAarTransform
Transforming firebase-config-interop-16.0.1.aar (com.google.firebase:firebase-config-interop:16.0.1) with AarTransform
Transforming firebase-encoders-json-18.0.1.aar (com.google.firebase:firebase-encoders-json:18.0.1) with ExtractAarTransform
Transforming firebase-encoders-json-18.0.1.aar (com.google.firebase:firebase-encoders-json:18.0.1) with AarTransform
Transforming firebase-encoders-json-18.0.1.aar (com.google.firebase:firebase-encoders-json:18.0.1) with ExtractAarTransform
Transforming firebase-encoders-json-18.0.1.aar (com.google.firebase:firebase-encoders-json:18.0.1) with AarTransform
Transforming firebase-encoders-json-18.0.1.aar (com.google.firebase:firebase-encoders-json:18.0.1) with ExtractAarTransform
Transforming firebase-encoders-json-18.0.1.aar (com.google.firebase:firebase-encoders-json:18.0.1) with AarTransform
Transforming lifecycle-runtime-2.3.1.aar (androidx.lifecycle:lifecycle-runtime:2.3.1) with ExtractAarTransform
Transforming lifecycle-runtime-2.3.1.aar (androidx.lifecycle:lifecycle-runtime:2.3.1) with AarTransform
Transforming versionedparcelable-1.1.1.aar (androidx.versionedparcelable:versionedparcelable:1.1.1) with ExtractAarTransform
Transforming versionedparcelable-1.1.1.aar (androidx.versionedparcelable:versionedparcelable:1.1.1) with AarTransform
Transforming lifecycle-viewmodel-savedstate-2.3.1.aar (androidx.lifecycle:lifecycle-viewmodel-savedstate:2.3.1) with ExtractAarTransform
Transforming lifecycle-viewmodel-savedstate-2.3.1.aar (androidx.lifecycle:lifecycle-viewmodel-savedstate:2.3.1) with AarTransform
Transforming lifecycle-viewmodel-2.3.1.aar (androidx.lifecycle:lifecycle-viewmodel:2.3.1) with ExtractAarTransform
Transforming lifecycle-viewmodel-2.3.1.aar (androidx.lifecycle:lifecycle-viewmodel:2.3.1) with AarTransform
Transforming lifecycle-viewmodel-2.3.1.aar (androidx.lifecycle:lifecycle-viewmodel:2.3.1) with ExtractAarTransform
Transforming lifecycle-viewmodel-2.3.1.aar (androidx.lifecycle:lifecycle-viewmodel:2.3.1) with AarTransform
Transforming savedstate-1.1.0.aar (androidx.savedstate:savedstate:1.1.0) with ExtractAarTransform
Transforming savedstate-1.1.0.aar (androidx.savedstate:savedstate:1.1.0) with AarTransform
Transforming interpolator-1.0.0.aar (androidx.interpolator:interpolator:1.0.0) with ExtractAarTransform
Transforming interpolator-1.0.0.aar (androidx.interpolator:interpolator:1.0.0) with AarTransform
Transforming interpolator-1.0.0.aar (androidx.interpolator:interpolator:1.0.0) with ExtractAarTransform
Transforming interpolator-1.0.0.aar (androidx.interpolator:interpolator:1.0.0) with AarTransform
Transforming interpolator-1.0.0.aar (androidx.interpolator:interpolator:1.0.0) with ExtractAarTransform
Transforming interpolator-1.0.0.aar (androidx.interpolator:interpolator:1.0.0) with AarTransform
Transforming cursoradapter-1.0.0.aar (androidx.cursoradapter:cursoradapter:1.0.0) with ExtractAarTransform
Transforming cursoradapter-1.0.0.aar (androidx.cursoradapter:cursoradapter:1.0.0) with AarTransform
Transforming lifecycle-livedata-2.0.0.aar (androidx.lifecycle:lifecycle-livedata:2.0.0) with ExtractAarTransform
Transforming lifecycle-livedata-2.0.0.aar (androidx.lifecycle:lifecycle-livedata:2.0.0) with AarTransform
Transforming lifecycle-livedata-core-2.3.1.aar (androidx.lifecycle:lifecycle-livedata-core:2.3.1) with ExtractAarTransform
Transforming lifecycle-livedata-core-2.3.1.aar (androidx.lifecycle:lifecycle-livedata-core:2.3.1) with AarTransform
Transforming lifecycle-livedata-core-2.3.1.aar (androidx.lifecycle:lifecycle-livedata-core:2.3.1) with ExtractAarTransform
Transforming lifecycle-livedata-core-2.3.1.aar (androidx.lifecycle:lifecycle-livedata-core:2.3.1) with AarTransform
Transforming core-runtime-2.1.0.aar (androidx.arch.core:core-runtime:2.1.0) with ExtractAarTransform
Transforming core-runtime-2.1.0.aar (androidx.arch.core:core-runtime:2.1.0) with AarTransform
Transforming documentfile-1.0.0.aar (androidx.documentfile:documentfile:1.0.0) with ExtractAarTransform
Transforming documentfile-1.0.0.aar (androidx.documentfile:documentfile:1.0.0) with AarTransform
Transforming localbroadcastmanager-1.0.0.aar (androidx.localbroadcastmanager:localbroadcastmanager:1.0.0) with ExtractAarTransform
Transforming localbroadcastmanager-1.0.0.aar (androidx.localbroadcastmanager:localbroadcastmanager:1.0.0) with AarTransform
Transforming print-1.0.0.aar (androidx.print:print:1.0.0) with ExtractAarTransform
Transforming print-1.0.0.aar (androidx.print:print:1.0.0) with AarTransform
Transforming media3-exoplayer-1.4.1.aar (androidx.media3:media3-exoplayer:1.4.1) with ExtractAarTransform
Transforming media3-exoplayer-1.4.1.aar (androidx.media3:media3-exoplayer:1.4.1) with AarTransform
Transforming media3-container-1.4.1.aar (androidx.media3:media3-container:1.4.1) with ExtractAarTransform
Transforming media3-container-1.4.1.aar (androidx.media3:media3-container:1.4.1) with AarTransform
Transforming media3-common-1.4.1.aar (androidx.media3:media3-common:1.4.1) with ExtractAarTransform
Transforming media3-common-1.4.1.aar (androidx.media3:media3-common:1.4.1) with AarTransform
Transforming annotation-experimental-1.3.1.aar (androidx.annotation:annotation-experimental:1.3.1) with ExtractAarTransform
Transforming annotation-experimental-1.3.1.aar (androidx.annotation:annotation-experimental:1.3.1) with AarTransform
Transforming multidex-2.0.1.aar (androidx.multidex:multidex:2.0.1) with ExtractAarTransform
Transforming multidex-2.0.1.aar (androidx.multidex:multidex:2.0.1) with AarTransform
Transforming constraintlayout-2.1.4.aar (androidx.constraintlayout:constraintlayout:2.1.4) with ExtractAarTransform
Transforming constraintlayout-2.1.4.aar (androidx.constraintlayout:constraintlayout:2.1.4) with AarTransform
Transforming media3-ui-1.4.1.aar (androidx.media3:media3-ui:1.4.1) with ExtractAarTransform
Transforming media3-ui-1.4.1.aar (androidx.media3:media3-ui:1.4.1) with AarTransform
Transforming media3-exoplayer-hls-1.4.1.aar (androidx.media3:media3-exoplayer-hls:1.4.1) with ExtractAarTransform
Transforming media3-exoplayer-hls-1.4.1.aar (androidx.media3:media3-exoplayer-hls:1.4.1) with AarTransform
Transforming media3-exoplayer-rtsp-1.4.1.aar (androidx.media3:media3-exoplayer-rtsp:1.4.1) with ExtractAarTransform
Transforming media3-exoplayer-rtsp-1.4.1.aar (androidx.media3:media3-exoplayer-rtsp:1.4.1) with AarTransform
Transforming media3-exoplayer-dash-1.4.1.aar (androidx.media3:media3-exoplayer-dash:1.4.1) with ExtractAarTransform
Transforming media3-exoplayer-dash-1.4.1.aar (androidx.media3:media3-exoplayer-dash:1.4.1) with AarTransform
Transforming media3-datasource-rtmp-1.4.1.aar (androidx.media3:media3-datasource-rtmp:1.4.1) with ExtractAarTransform
Transforming media3-datasource-rtmp-1.4.1.aar (androidx.media3:media3-datasource-rtmp:1.4.1) with AarTransform
Transforming tracing-1.0.0.aar (androidx.tracing:tracing:1.0.0) with ExtractAarTransform
Transforming tracing-1.0.0.aar (androidx.tracing:tracing:1.0.0) with AarTransform
Transforming exifinterface-1.3.6.aar (androidx.exifinterface:exifinterface:1.3.6) with ExtractAarTransform
Transforming exifinterface-1.3.6.aar (androidx.exifinterface:exifinterface:1.3.6) with AarTransform
Transforming media3-database-1.4.1.aar (androidx.media3:media3-database:1.4.1) with ExtractAarTransform
Transforming media3-database-1.4.1.aar (androidx.media3:media3-database:1.4.1) with AarTransform
Transforming media3-datasource-1.4.1.aar (androidx.media3:media3-datasource:1.4.1) with ExtractAarTransform
Transforming media3-datasource-1.4.1.aar (androidx.media3:media3-datasource:1.4.1) with AarTransform
Transforming media3-decoder-1.4.1.aar (androidx.media3:media3-decoder:1.4.1) with ExtractAarTransform
Transforming media3-decoder-1.4.1.aar (androidx.media3:media3-decoder:1.4.1) with AarTransform
Transforming media3-extractor-1.4.1.aar (androidx.media3:media3-extractor:1.4.1) with ExtractAarTransform
Transforming media3-extractor-1.4.1.aar (androidx.media3:media3-extractor:1.4.1) with AarTransform
Transforming firebase-components-18.0.0.aar (com.google.firebase:firebase-components:18.0.0) with ExtractAarTransform
Transforming firebase-components-18.0.0.aar (com.google.firebase:firebase-components:18.0.0) with AarTransform
Transforming firebase-components-18.0.0.aar (com.google.firebase:firebase-components:18.0.0) with ExtractAarTransform
Transforming firebase-components-18.0.0.aar (com.google.firebase:firebase-components:18.0.0) with AarTransform
Transforming firebase-components-18.0.0.aar (com.google.firebase:firebase-components:18.0.0) with ExtractAarTransform
Transforming firebase-components-18.0.0.aar (com.google.firebase:firebase-components:18.0.0) with AarTransform
Transforming firebase-components-18.0.0.aar (com.google.firebase:firebase-components:18.0.0) with ExtractAarTransform
Transforming firebase-components-18.0.0.aar (com.google.firebase:firebase-components:18.0.0) with AarTransform
Transforming firebase-components-18.0.0.aar (com.google.firebase:firebase-components:18.0.0) with ExtractAarTransform
Transforming firebase-components-18.0.0.aar (com.google.firebase:firebase-components:18.0.0) with AarTransform
Caching disabled for task ':app:dataBindingGenBaseClassesDebug' because:
  Build cache is disabled
Skipping task ':app:dataBindingGenBaseClassesDebug' as it is up-to-date.
Resolve mutations for :app:generateDebugBuildConfig (Thread[Execution worker Thread 7,5,main]) started.
:app:generateDebugBuildConfig (Thread[Execution worker Thread 7,5,main]) started.

> Task :app:generateDebugBuildConfig UP-TO-DATE
Caching disabled for task ':app:generateDebugBuildConfig' because:
  Build cache is disabled
Skipping task ':app:generateDebugBuildConfig' as it is up-to-date.
Resolve mutations for :app:checkDebugAarMetadata (Thread[Execution worker Thread 7,5,main]) started.
:app:checkDebugAarMetadata (Thread[Execution worker Thread 7,5,main]) started.

> Task :app:checkDebugAarMetadata UP-TO-DATE
Transforming viewbinding-8.3.1.aar (androidx.databinding:viewbinding:8.3.1) with ExtractAarTransform
Transforming viewbinding-8.3.1.aar (androidx.databinding:viewbinding:8.3.1) with AarTransform
Transforming firebase-crashlytics-19.0.3.aar (com.google.firebase:firebase-crashlytics:19.0.3) with ExtractAarTransform
Transforming firebase-crashlytics-19.0.3.aar (com.google.firebase:firebase-crashlytics:19.0.3) with AarTransform
Transforming leanback-1.0.0.aar (androidx.leanback:leanback:1.0.0) with ExtractAarTransform
Transforming leanback-1.0.0.aar (androidx.leanback:leanback:1.0.0) with AarTransform
Transforming media3-exoplayer-hls-1.4.1.aar (androidx.media3:media3-exoplayer-hls:1.4.1) with ExtractAarTransform
Transforming media3-exoplayer-hls-1.4.1.aar (androidx.media3:media3-exoplayer-hls:1.4.1) with AarTransform
Transforming media3-exoplayer-rtsp-1.4.1.aar (androidx.media3:media3-exoplayer-rtsp:1.4.1) with ExtractAarTransform
Transforming media3-exoplayer-rtsp-1.4.1.aar (androidx.media3:media3-exoplayer-rtsp:1.4.1) with AarTransform
Transforming media3-exoplayer-dash-1.4.1.aar (androidx.media3:media3-exoplayer-dash:1.4.1) with ExtractAarTransform
Transforming media3-exoplayer-dash-1.4.1.aar (androidx.media3:media3-exoplayer-dash:1.4.1) with AarTransform
Transforming media3-exoplayer-1.4.1.aar (androidx.media3:media3-exoplayer:1.4.1) with ExtractAarTransform
Transforming media3-exoplayer-1.4.1.aar (androidx.media3:media3-exoplayer:1.4.1) with AarTransform
Transforming media3-datasource-rtmp-1.4.1.aar (androidx.media3:media3-datasource-rtmp:1.4.1) with ExtractAarTransform
Transforming media3-datasource-rtmp-1.4.1.aar (androidx.media3:media3-datasource-rtmp:1.4.1) with AarTransform
Transforming media3-extractor-1.4.1.aar (androidx.media3:media3-extractor:1.4.1) with ExtractAarTransform
Transforming media3-extractor-1.4.1.aar (androidx.media3:media3-extractor:1.4.1) with AarTransform
Transforming media3-container-1.4.1.aar (androidx.media3:media3-container:1.4.1) with ExtractAarTransform
Transforming media3-container-1.4.1.aar (androidx.media3:media3-container:1.4.1) with AarTransform
Transforming media3-datasource-1.4.1.aar (androidx.media3:media3-datasource:1.4.1) with ExtractAarTransform
Transforming media3-datasource-1.4.1.aar (androidx.media3:media3-datasource:1.4.1) with AarTransform
Transforming media3-decoder-1.4.1.aar (androidx.media3:media3-decoder:1.4.1) with ExtractAarTransform
Transforming media3-decoder-1.4.1.aar (androidx.media3:media3-decoder:1.4.1) with AarTransform
Transforming media3-database-1.4.1.aar (androidx.media3:media3-database:1.4.1) with ExtractAarTransform
Transforming media3-database-1.4.1.aar (androidx.media3:media3-database:1.4.1) with AarTransform
Transforming media3-common-1.4.1.aar (androidx.media3:media3-common:1.4.1) with ExtractAarTransform
Transforming media3-common-1.4.1.aar (androidx.media3:media3-common:1.4.1) with AarTransform
Transforming media3-ui-1.4.1.aar (androidx.media3:media3-ui:1.4.1) with ExtractAarTransform
Transforming media3-ui-1.4.1.aar (androidx.media3:media3-ui:1.4.1) with AarTransform
Transforming recyclerview-1.3.2.aar (androidx.recyclerview:recyclerview:1.3.2) with ExtractAarTransform
Transforming recyclerview-1.3.2.aar (androidx.recyclerview:recyclerview:1.3.2) with AarTransform
Transforming recyclerview-1.3.2.aar (androidx.recyclerview:recyclerview:1.3.2) with ExtractAarTransform
Transforming recyclerview-1.3.2.aar (androidx.recyclerview:recyclerview:1.3.2) with AarTransform
Transforming constraintlayout-2.1.4.aar (androidx.constraintlayout:constraintlayout:2.1.4) with ExtractAarTransform
Transforming constraintlayout-2.1.4.aar (androidx.constraintlayout:constraintlayout:2.1.4) with AarTransform
Transforming legacy-support-core-ui-1.0.0.aar (androidx.legacy:legacy-support-core-ui:1.0.0) with ExtractAarTransform
Transforming legacy-support-core-ui-1.0.0.aar (androidx.legacy:legacy-support-core-ui:1.0.0) with AarTransform
Transforming glide-4.16.0.aar (com.github.bumptech.glide:glide:4.16.0) with ExtractAarTransform
Transforming glide-4.16.0.aar (com.github.bumptech.glide:glide:4.16.0) with AarTransform
Transforming appcompat-1.2.0.aar (androidx.appcompat:appcompat:1.2.0) with ExtractAarTransform
Transforming appcompat-1.2.0.aar (androidx.appcompat:appcompat:1.2.0) with AarTransform
Transforming firebase-analytics-22.0.2.aar (com.google.firebase:firebase-analytics:22.0.2) with ExtractAarTransform
Transforming firebase-analytics-22.0.2.aar (com.google.firebase:firebase-analytics:22.0.2) with AarTransform
Transforming play-services-measurement-22.0.2.aar (com.google.android.gms:play-services-measurement:22.0.2) with ExtractAarTransform
Transforming play-services-measurement-22.0.2.aar (com.google.android.gms:play-services-measurement:22.0.2) with AarTransform
Transforming play-services-measurement-api-22.0.2.aar (com.google.android.gms:play-services-measurement-api:22.0.2) with ExtractAarTransform
Transforming play-services-measurement-api-22.0.2.aar (com.google.android.gms:play-services-measurement-api:22.0.2) with AarTransform
Transforming play-services-measurement-sdk-22.0.2.aar (com.google.android.gms:play-services-measurement-sdk:22.0.2) with ExtractAarTransform
Transforming play-services-measurement-sdk-22.0.2.aar (com.google.android.gms:play-services-measurement-sdk:22.0.2) with AarTransform
Transforming firebase-measurement-connector-20.0.1.aar (com.google.firebase:firebase-measurement-connector:20.0.1) with ExtractAarTransform
Transforming firebase-measurement-connector-20.0.1.aar (com.google.firebase:firebase-measurement-connector:20.0.1) with AarTransform
Transforming firebase-measurement-connector-20.0.1.aar (com.google.firebase:firebase-measurement-connector:20.0.1) with ExtractAarTransform
Transforming firebase-measurement-connector-20.0.1.aar (com.google.firebase:firebase-measurement-connector:20.0.1) with AarTransform
Transforming firebase-sessions-2.0.3.aar (com.google.firebase:firebase-sessions:2.0.3) with ExtractAarTransform
Transforming firebase-sessions-2.0.3.aar (com.google.firebase:firebase-sessions:2.0.3) with AarTransform
Transforming firebase-installations-18.0.0.aar (com.google.firebase:firebase-installations:18.0.0) with ExtractAarTransform
Transforming firebase-installations-18.0.0.aar (com.google.firebase:firebase-installations:18.0.0) with AarTransform
Transforming firebase-installations-18.0.0.aar (com.google.firebase:firebase-installations:18.0.0) with ExtractAarTransform
Transforming firebase-installations-18.0.0.aar (com.google.firebase:firebase-installations:18.0.0) with AarTransform
Transforming firebase-installations-18.0.0.aar (com.google.firebase:firebase-installations:18.0.0) with ExtractAarTransform
Transforming firebase-installations-18.0.0.aar (com.google.firebase:firebase-installations:18.0.0) with AarTransform
Transforming firebase-common-ktx-21.0.0.aar (com.google.firebase:firebase-common-ktx:21.0.0) with ExtractAarTransform
Transforming firebase-common-ktx-21.0.0.aar (com.google.firebase:firebase-common-ktx:21.0.0) with AarTransform
Transforming firebase-common-ktx-21.0.0.aar (com.google.firebase:firebase-common-ktx:21.0.0) with ExtractAarTransform
Transforming firebase-common-ktx-21.0.0.aar (com.google.firebase:firebase-common-ktx:21.0.0) with AarTransform
Transforming firebase-common-ktx-21.0.0.aar (com.google.firebase:firebase-common-ktx:21.0.0) with ExtractAarTransform
Transforming firebase-common-ktx-21.0.0.aar (com.google.firebase:firebase-common-ktx:21.0.0) with AarTransform
Transforming firebase-common-ktx-21.0.0.aar (com.google.firebase:firebase-common-ktx:21.0.0) with ExtractAarTransform
Transforming firebase-common-ktx-21.0.0.aar (com.google.firebase:firebase-common-ktx:21.0.0) with AarTransform
Transforming firebase-common-21.0.0.aar (com.google.firebase:firebase-common:21.0.0) with ExtractAarTransform
Transforming firebase-common-21.0.0.aar (com.google.firebase:firebase-common:21.0.0) with AarTransform
Transforming firebase-common-21.0.0.aar (com.google.firebase:firebase-common:21.0.0) with ExtractAarTransform
Transforming firebase-common-21.0.0.aar (com.google.firebase:firebase-common:21.0.0) with AarTransform
Transforming firebase-common-21.0.0.aar (com.google.firebase:firebase-common:21.0.0) with ExtractAarTransform
Transforming firebase-common-21.0.0.aar (com.google.firebase:firebase-common:21.0.0) with AarTransform
Transforming firebase-common-21.0.0.aar (com.google.firebase:firebase-common:21.0.0) with ExtractAarTransform
Transforming firebase-common-21.0.0.aar (com.google.firebase:firebase-common:21.0.0) with AarTransform
Transforming firebase-common-21.0.0.aar (com.google.firebase:firebase-common:21.0.0) with ExtractAarTransform
Transforming firebase-common-21.0.0.aar (com.google.firebase:firebase-common:21.0.0) with AarTransform
Transforming play-services-measurement-impl-22.0.2.aar (com.google.android.gms:play-services-measurement-impl:22.0.2) with ExtractAarTransform
Transforming play-services-measurement-impl-22.0.2.aar (com.google.android.gms:play-services-measurement-impl:22.0.2) with AarTransform
Transforming play-services-measurement-impl-22.0.2.aar (com.google.android.gms:play-services-measurement-impl:22.0.2) with ExtractAarTransform
Transforming play-services-measurement-impl-22.0.2.aar (com.google.android.gms:play-services-measurement-impl:22.0.2) with AarTransform
Transforming play-services-ads-identifier-18.0.0.aar (com.google.android.gms:play-services-ads-identifier:18.0.0) with ExtractAarTransform
Transforming play-services-ads-identifier-18.0.0.aar (com.google.android.gms:play-services-ads-identifier:18.0.0) with AarTransform
Transforming play-services-ads-identifier-18.0.0.aar (com.google.android.gms:play-services-ads-identifier:18.0.0) with ExtractAarTransform
Transforming play-services-ads-identifier-18.0.0.aar (com.google.android.gms:play-services-ads-identifier:18.0.0) with AarTransform
Transforming play-services-ads-identifier-18.0.0.aar (com.google.android.gms:play-services-ads-identifier:18.0.0) with ExtractAarTransform
Transforming play-services-ads-identifier-18.0.0.aar (com.google.android.gms:play-services-ads-identifier:18.0.0) with AarTransform
Transforming play-services-measurement-sdk-api-22.0.2.aar (com.google.android.gms:play-services-measurement-sdk-api:22.0.2) with ExtractAarTransform
Transforming play-services-measurement-sdk-api-22.0.2.aar (com.google.android.gms:play-services-measurement-sdk-api:22.0.2) with AarTransform
Transforming play-services-measurement-base-22.0.2.aar (com.google.android.gms:play-services-measurement-base:22.0.2) with ExtractAarTransform
Transforming play-services-measurement-base-22.0.2.aar (com.google.android.gms:play-services-measurement-base:22.0.2) with AarTransform
Transforming play-services-measurement-base-22.0.2.aar (com.google.android.gms:play-services-measurement-base:22.0.2) with ExtractAarTransform
Transforming play-services-measurement-base-22.0.2.aar (com.google.android.gms:play-services-measurement-base:22.0.2) with AarTransform
Transforming play-services-measurement-base-22.0.2.aar (com.google.android.gms:play-services-measurement-base:22.0.2) with ExtractAarTransform
Transforming play-services-measurement-base-22.0.2.aar (com.google.android.gms:play-services-measurement-base:22.0.2) with AarTransform
Transforming play-services-measurement-base-22.0.2.aar (com.google.android.gms:play-services-measurement-base:22.0.2) with ExtractAarTransform
Transforming play-services-measurement-base-22.0.2.aar (com.google.android.gms:play-services-measurement-base:22.0.2) with AarTransform
Transforming play-services-measurement-base-22.0.2.aar (com.google.android.gms:play-services-measurement-base:22.0.2) with ExtractAarTransform
Transforming play-services-measurement-base-22.0.2.aar (com.google.android.gms:play-services-measurement-base:22.0.2) with AarTransform
Transforming play-services-stats-17.0.2.aar (com.google.android.gms:play-services-stats:17.0.2) with ExtractAarTransform
Transforming play-services-stats-17.0.2.aar (com.google.android.gms:play-services-stats:17.0.2) with AarTransform
Transforming play-services-stats-17.0.2.aar (com.google.android.gms:play-services-stats:17.0.2) with ExtractAarTransform
Transforming play-services-stats-17.0.2.aar (com.google.android.gms:play-services-stats:17.0.2) with AarTransform
Transforming firebase-installations-interop-17.2.0.aar (com.google.firebase:firebase-installations-interop:17.2.0) with ExtractAarTransform
Transforming firebase-installations-interop-17.2.0.aar (com.google.firebase:firebase-installations-interop:17.2.0) with AarTransform
Transforming firebase-installations-interop-17.2.0.aar (com.google.firebase:firebase-installations-interop:17.2.0) with ExtractAarTransform
Transforming firebase-installations-interop-17.2.0.aar (com.google.firebase:firebase-installations-interop:17.2.0) with AarTransform
Transforming firebase-installations-interop-17.2.0.aar (com.google.firebase:firebase-installations-interop:17.2.0) with ExtractAarTransform
Transforming firebase-installations-interop-17.2.0.aar (com.google.firebase:firebase-installations-interop:17.2.0) with AarTransform
Transforming firebase-installations-interop-17.2.0.aar (com.google.firebase:firebase-installations-interop:17.2.0) with ExtractAarTransform
Transforming firebase-installations-interop-17.2.0.aar (com.google.firebase:firebase-installations-interop:17.2.0) with AarTransform
Transforming ads-adservices-java-1.0.0-beta05.aar (androidx.privacysandbox.ads:ads-adservices-java:1.0.0-beta05) with ExtractAarTransform
Transforming ads-adservices-java-1.0.0-beta05.aar (androidx.privacysandbox.ads:ads-adservices-java:1.0.0-beta05) with AarTransform
Transforming ads-adservices-1.0.0-beta05.aar (androidx.privacysandbox.ads:ads-adservices:1.0.0-beta05) with ExtractAarTransform
Transforming ads-adservices-1.0.0-beta05.aar (androidx.privacysandbox.ads:ads-adservices:1.0.0-beta05) with AarTransform
Transforming ads-adservices-1.0.0-beta05.aar (androidx.privacysandbox.ads:ads-adservices:1.0.0-beta05) with ExtractAarTransform
Transforming ads-adservices-1.0.0-beta05.aar (androidx.privacysandbox.ads:ads-adservices:1.0.0-beta05) with AarTransform
Transforming datastore-preferences-1.0.0.aar (androidx.datastore:datastore-preferences:1.0.0) with ExtractAarTransform
Transforming datastore-preferences-1.0.0.aar (androidx.datastore:datastore-preferences:1.0.0) with AarTransform
Transforming datastore-1.0.0.aar (androidx.datastore:datastore:1.0.0) with ExtractAarTransform
Transforming datastore-1.0.0.aar (androidx.datastore:datastore:1.0.0) with AarTransform
Transforming play-services-tasks-18.2.0.aar (com.google.android.gms:play-services-tasks:18.2.0) with ExtractAarTransform
Transforming play-services-tasks-18.2.0.aar (com.google.android.gms:play-services-tasks:18.2.0) with AarTransform
Transforming play-services-tasks-18.2.0.aar (com.google.android.gms:play-services-tasks:18.2.0) with ExtractAarTransform
Transforming play-services-tasks-18.2.0.aar (com.google.android.gms:play-services-tasks:18.2.0) with AarTransform
Transforming play-services-tasks-18.2.0.aar (com.google.android.gms:play-services-tasks:18.2.0) with ExtractAarTransform
Transforming play-services-tasks-18.2.0.aar (com.google.android.gms:play-services-tasks:18.2.0) with AarTransform
Transforming play-services-tasks-18.2.0.aar (com.google.android.gms:play-services-tasks:18.2.0) with ExtractAarTransform
Transforming play-services-tasks-18.2.0.aar (com.google.android.gms:play-services-tasks:18.2.0) with AarTransform
Transforming play-services-tasks-18.2.0.aar (com.google.android.gms:play-services-tasks:18.2.0) with ExtractAarTransform
Transforming play-services-tasks-18.2.0.aar (com.google.android.gms:play-services-tasks:18.2.0) with AarTransform
Transforming play-services-tasks-18.2.0.aar (com.google.android.gms:play-services-tasks:18.2.0) with ExtractAarTransform
Transforming play-services-tasks-18.2.0.aar (com.google.android.gms:play-services-tasks:18.2.0) with AarTransform
Transforming play-services-basement-18.4.0.aar (com.google.android.gms:play-services-basement:18.4.0) with ExtractAarTransform
Transforming play-services-basement-18.4.0.aar (com.google.android.gms:play-services-basement:18.4.0) with AarTransform
Transforming play-services-basement-18.4.0.aar (com.google.android.gms:play-services-basement:18.4.0) with ExtractAarTransform
Transforming play-services-basement-18.4.0.aar (com.google.android.gms:play-services-basement:18.4.0) with AarTransform
Transforming play-services-basement-18.4.0.aar (com.google.android.gms:play-services-basement:18.4.0) with ExtractAarTransform
Transforming play-services-basement-18.4.0.aar (com.google.android.gms:play-services-basement:18.4.0) with AarTransform
Transforming play-services-basement-18.4.0.aar (com.google.android.gms:play-services-basement:18.4.0) with ExtractAarTransform
Transforming play-services-basement-18.4.0.aar (com.google.android.gms:play-services-basement:18.4.0) with AarTransform
Transforming play-services-basement-18.4.0.aar (com.google.android.gms:play-services-basement:18.4.0) with ExtractAarTransform
Transforming play-services-basement-18.4.0.aar (com.google.android.gms:play-services-basement:18.4.0) with AarTransform
Transforming play-services-basement-18.4.0.aar (com.google.android.gms:play-services-basement:18.4.0) with ExtractAarTransform
Transforming play-services-basement-18.4.0.aar (com.google.android.gms:play-services-basement:18.4.0) with AarTransform
Transforming play-services-basement-18.4.0.aar (com.google.android.gms:play-services-basement:18.4.0) with ExtractAarTransform
Transforming play-services-basement-18.4.0.aar (com.google.android.gms:play-services-basement:18.4.0) with AarTransform
Transforming play-services-basement-18.4.0.aar (com.google.android.gms:play-services-basement:18.4.0) with ExtractAarTransform
Transforming play-services-basement-18.4.0.aar (com.google.android.gms:play-services-basement:18.4.0) with AarTransform
Transforming play-services-basement-18.4.0.aar (com.google.android.gms:play-services-basement:18.4.0) with ExtractAarTransform
Transforming play-services-basement-18.4.0.aar (com.google.android.gms:play-services-basement:18.4.0) with AarTransform
Transforming play-services-basement-18.4.0.aar (com.google.android.gms:play-services-basement:18.4.0) with ExtractAarTransform
Transforming play-services-basement-18.4.0.aar (com.google.android.gms:play-services-basement:18.4.0) with AarTransform
Transforming play-services-basement-18.4.0.aar (com.google.android.gms:play-services-basement:18.4.0) with ExtractAarTransform
Transforming play-services-basement-18.4.0.aar (com.google.android.gms:play-services-basement:18.4.0) with AarTransform
Transforming fragment-1.3.6.aar (androidx.fragment:fragment:1.3.6) with ExtractAarTransform
Transforming fragment-1.3.6.aar (androidx.fragment:fragment:1.3.6) with AarTransform
Transforming fragment-1.3.6.aar (androidx.fragment:fragment:1.3.6) with ExtractAarTransform
Transforming fragment-1.3.6.aar (androidx.fragment:fragment:1.3.6) with AarTransform
Transforming fragment-1.3.6.aar (androidx.fragment:fragment:1.3.6) with ExtractAarTransform
Transforming fragment-1.3.6.aar (androidx.fragment:fragment:1.3.6) with AarTransform
Transforming viewpager-1.0.0.aar (androidx.viewpager:viewpager:1.0.0) with ExtractAarTransform
Transforming viewpager-1.0.0.aar (androidx.viewpager:viewpager:1.0.0) with AarTransform
Transforming viewpager-1.0.0.aar (androidx.viewpager:viewpager:1.0.0) with ExtractAarTransform
Transforming viewpager-1.0.0.aar (androidx.viewpager:viewpager:1.0.0) with AarTransform
Transforming drawerlayout-1.0.0.aar (androidx.drawerlayout:drawerlayout:1.0.0) with ExtractAarTransform
Transforming drawerlayout-1.0.0.aar (androidx.drawerlayout:drawerlayout:1.0.0) with AarTransform
Transforming drawerlayout-1.0.0.aar (androidx.drawerlayout:drawerlayout:1.0.0) with ExtractAarTransform
Transforming drawerlayout-1.0.0.aar (androidx.drawerlayout:drawerlayout:1.0.0) with AarTransform
Transforming coordinatorlayout-1.0.0.aar (androidx.coordinatorlayout:coordinatorlayout:1.0.0) with ExtractAarTransform
Transforming coordinatorlayout-1.0.0.aar (androidx.coordinatorlayout:coordinatorlayout:1.0.0) with AarTransform
Transforming slidingpanelayout-1.0.0.aar (androidx.slidingpanelayout:slidingpanelayout:1.0.0) with ExtractAarTransform
Transforming slidingpanelayout-1.0.0.aar (androidx.slidingpanelayout:slidingpanelayout:1.0.0) with AarTransform
Transforming customview-1.0.0.aar (androidx.customview:customview:1.0.0) with ExtractAarTransform
Transforming customview-1.0.0.aar (androidx.customview:customview:1.0.0) with AarTransform
Transforming customview-1.0.0.aar (androidx.customview:customview:1.0.0) with ExtractAarTransform
Transforming customview-1.0.0.aar (androidx.customview:customview:1.0.0) with AarTransform
Transforming customview-1.0.0.aar (androidx.customview:customview:1.0.0) with ExtractAarTransform
Transforming customview-1.0.0.aar (androidx.customview:customview:1.0.0) with AarTransform
Transforming customview-1.0.0.aar (androidx.customview:customview:1.0.0) with ExtractAarTransform
Transforming customview-1.0.0.aar (androidx.customview:customview:1.0.0) with AarTransform
Transforming customview-1.0.0.aar (androidx.customview:customview:1.0.0) with ExtractAarTransform
Transforming customview-1.0.0.aar (androidx.customview:customview:1.0.0) with AarTransform
Transforming customview-1.0.0.aar (androidx.customview:customview:1.0.0) with ExtractAarTransform
Transforming customview-1.0.0.aar (androidx.customview:customview:1.0.0) with AarTransform
Transforming media-1.7.0.aar (androidx.media:media:1.7.0) with ExtractAarTransform
Transforming media-1.7.0.aar (androidx.media:media:1.7.0) with AarTransform
Transforming media-1.7.0.aar (androidx.media:media:1.7.0) with ExtractAarTransform
Transforming media-1.7.0.aar (androidx.media:media:1.7.0) with AarTransform
Transforming legacy-support-core-utils-1.0.0.aar (androidx.legacy:legacy-support-core-utils:1.0.0) with ExtractAarTransform
Transforming legacy-support-core-utils-1.0.0.aar (androidx.legacy:legacy-support-core-utils:1.0.0) with AarTransform
Transforming legacy-support-core-utils-1.0.0.aar (androidx.legacy:legacy-support-core-utils:1.0.0) with ExtractAarTransform
Transforming legacy-support-core-utils-1.0.0.aar (androidx.legacy:legacy-support-core-utils:1.0.0) with AarTransform
Transforming legacy-support-core-utils-1.0.0.aar (androidx.legacy:legacy-support-core-utils:1.0.0) with ExtractAarTransform
Transforming legacy-support-core-utils-1.0.0.aar (androidx.legacy:legacy-support-core-utils:1.0.0) with AarTransform
Transforming loader-1.0.0.aar (androidx.loader:loader:1.0.0) with ExtractAarTransform
Transforming loader-1.0.0.aar (androidx.loader:loader:1.0.0) with AarTransform
Transforming loader-1.0.0.aar (androidx.loader:loader:1.0.0) with ExtractAarTransform
Transforming loader-1.0.0.aar (androidx.loader:loader:1.0.0) with AarTransform
Transforming activity-1.2.4.aar (androidx.activity:activity:1.2.4) with ExtractAarTransform
Transforming activity-1.2.4.aar (androidx.activity:activity:1.2.4) with AarTransform
Transforming appcompat-resources-1.2.0.aar (androidx.appcompat:appcompat-resources:1.2.0) with ExtractAarTransform
Transforming appcompat-resources-1.2.0.aar (androidx.appcompat:appcompat-resources:1.2.0) with AarTransform
Transforming vectordrawable-animated-1.1.0.aar (androidx.vectordrawable:vectordrawable-animated:1.1.0) with ExtractAarTransform
Transforming vectordrawable-animated-1.1.0.aar (androidx.vectordrawable:vectordrawable-animated:1.1.0) with AarTransform
Transforming vectordrawable-1.1.0.aar (androidx.vectordrawable:vectordrawable:1.1.0) with ExtractAarTransform
Transforming vectordrawable-1.1.0.aar (androidx.vectordrawable:vectordrawable:1.1.0) with AarTransform
Transforming vectordrawable-1.1.0.aar (androidx.vectordrawable:vectordrawable:1.1.0) with ExtractAarTransform
Transforming vectordrawable-1.1.0.aar (androidx.vectordrawable:vectordrawable:1.1.0) with AarTransform
Transforming swiperefreshlayout-1.0.0.aar (androidx.swiperefreshlayout:swiperefreshlayout:1.0.0) with ExtractAarTransform
Transforming swiperefreshlayout-1.0.0.aar (androidx.swiperefreshlayout:swiperefreshlayout:1.0.0) with AarTransform
Transforming asynclayoutinflater-1.0.0.aar (androidx.asynclayoutinflater:asynclayoutinflater:1.0.0) with ExtractAarTransform
Transforming asynclayoutinflater-1.0.0.aar (androidx.asynclayoutinflater:asynclayoutinflater:1.0.0) with AarTransform
Transforming core-1.12.0.aar (androidx.core:core:1.12.0) with ExtractAarTransform
Transforming core-1.12.0.aar (androidx.core:core:1.12.0) with AarTransform
Transforming core-1.12.0.aar (androidx.core:core:1.12.0) with ExtractAarTransform
Transforming core-1.12.0.aar (androidx.core:core:1.12.0) with AarTransform
Transforming core-1.12.0.aar (androidx.core:core:1.12.0) with ExtractAarTransform
Transforming core-1.12.0.aar (androidx.core:core:1.12.0) with AarTransform
Transforming core-1.12.0.aar (androidx.core:core:1.12.0) with ExtractAarTransform
Transforming core-1.12.0.aar (androidx.core:core:1.12.0) with AarTransform
Transforming core-1.12.0.aar (androidx.core:core:1.12.0) with ExtractAarTransform
Transforming core-1.12.0.aar (androidx.core:core:1.12.0) with AarTransform
Transforming core-1.12.0.aar (androidx.core:core:1.12.0) with ExtractAarTransform
Transforming core-1.12.0.aar (androidx.core:core:1.12.0) with AarTransform
Transforming core-1.12.0.aar (androidx.core:core:1.12.0) with ExtractAarTransform
Transforming core-1.12.0.aar (androidx.core:core:1.12.0) with AarTransform
Transforming core-1.12.0.aar (androidx.core:core:1.12.0) with ExtractAarTransform
Transforming core-1.12.0.aar (androidx.core:core:1.12.0) with AarTransform
Transforming core-1.12.0.aar (androidx.core:core:1.12.0) with ExtractAarTransform
Transforming core-1.12.0.aar (androidx.core:core:1.12.0) with AarTransform
Transforming core-1.12.0.aar (androidx.core:core:1.12.0) with ExtractAarTransform
Transforming core-1.12.0.aar (androidx.core:core:1.12.0) with AarTransform
Transforming core-1.12.0.aar (androidx.core:core:1.12.0) with ExtractAarTransform
Transforming core-1.12.0.aar (androidx.core:core:1.12.0) with AarTransform
Transforming core-1.12.0.aar (androidx.core:core:1.12.0) with ExtractAarTransform
Transforming core-1.12.0.aar (androidx.core:core:1.12.0) with AarTransform
Transforming core-1.12.0.aar (androidx.core:core:1.12.0) with ExtractAarTransform
Transforming core-1.12.0.aar (androidx.core:core:1.12.0) with AarTransform
Transforming core-1.12.0.aar (androidx.core:core:1.12.0) with ExtractAarTransform
Transforming core-1.12.0.aar (androidx.core:core:1.12.0) with AarTransform
Transforming core-1.12.0.aar (androidx.core:core:1.12.0) with ExtractAarTransform
Transforming core-1.12.0.aar (androidx.core:core:1.12.0) with AarTransform
Transforming customview-poolingcontainer-1.0.0.aar (androidx.customview:customview-poolingcontainer:1.0.0) with ExtractAarTransform
Transforming customview-poolingcontainer-1.0.0.aar (androidx.customview:customview-poolingcontainer:1.0.0) with AarTransform
Transforming core-ktx-1.12.0.aar (androidx.core:core-ktx:1.12.0) with ExtractAarTransform
Transforming core-ktx-1.12.0.aar (androidx.core:core-ktx:1.12.0) with AarTransform
Transforming annotation-experimental-1.3.1.aar (androidx.annotation:annotation-experimental:1.3.1) with ExtractAarTransform
Transforming annotation-experimental-1.3.1.aar (androidx.annotation:annotation-experimental:1.3.1) with AarTransform
Transforming cardview-1.0.0.aar (androidx.cardview:cardview:1.0.0) with ExtractAarTransform
Transforming cardview-1.0.0.aar (androidx.cardview:cardview:1.0.0) with AarTransform
Transforming gifdecoder-4.16.0.aar (com.github.bumptech.glide:gifdecoder:4.16.0) with ExtractAarTransform
Transforming gifdecoder-4.16.0.aar (com.github.bumptech.glide:gifdecoder:4.16.0) with AarTransform
Transforming exifinterface-1.3.6.aar (androidx.exifinterface:exifinterface:1.3.6) with ExtractAarTransform
Transforming exifinterface-1.3.6.aar (androidx.exifinterface:exifinterface:1.3.6) with AarTransform
Transforming tracing-1.0.0.aar (androidx.tracing:tracing:1.0.0) with ExtractAarTransform
Transforming tracing-1.0.0.aar (androidx.tracing:tracing:1.0.0) with AarTransform
Transforming versionedparcelable-1.1.1.aar (androidx.versionedparcelable:versionedparcelable:1.1.1) with ExtractAarTransform
Transforming versionedparcelable-1.1.1.aar (androidx.versionedparcelable:versionedparcelable:1.1.1) with AarTransform
Transforming firebase-components-18.0.0.aar (com.google.firebase:firebase-components:18.0.0) with ExtractAarTransform
Transforming firebase-components-18.0.0.aar (com.google.firebase:firebase-components:18.0.0) with AarTransform
Transforming firebase-components-18.0.0.aar (com.google.firebase:firebase-components:18.0.0) with ExtractAarTransform
Transforming firebase-components-18.0.0.aar (com.google.firebase:firebase-components:18.0.0) with AarTransform
Transforming firebase-components-18.0.0.aar (com.google.firebase:firebase-components:18.0.0) with ExtractAarTransform
Transforming firebase-components-18.0.0.aar (com.google.firebase:firebase-components:18.0.0) with AarTransform
Transforming firebase-components-18.0.0.aar (com.google.firebase:firebase-components:18.0.0) with ExtractAarTransform
Transforming firebase-components-18.0.0.aar (com.google.firebase:firebase-components:18.0.0) with AarTransform
Transforming firebase-config-interop-16.0.1.aar (com.google.firebase:firebase-config-interop:16.0.1) with ExtractAarTransform
Transforming firebase-config-interop-16.0.1.aar (com.google.firebase:firebase-config-interop:16.0.1) with AarTransform
Transforming firebase-datatransport-19.0.0.aar (com.google.firebase:firebase-datatransport:19.0.0) with ExtractAarTransform
Transforming firebase-datatransport-19.0.0.aar (com.google.firebase:firebase-datatransport:19.0.0) with AarTransform
Transforming transport-backend-cct-3.3.0.aar (com.google.android.datatransport:transport-backend-cct:3.3.0) with ExtractAarTransform
Transforming transport-backend-cct-3.3.0.aar (com.google.android.datatransport:transport-backend-cct:3.3.0) with AarTransform
Transforming transport-backend-cct-3.3.0.aar (com.google.android.datatransport:transport-backend-cct:3.3.0) with ExtractAarTransform
Transforming transport-backend-cct-3.3.0.aar (com.google.android.datatransport:transport-backend-cct:3.3.0) with AarTransform
Transforming firebase-encoders-json-18.0.1.aar (com.google.firebase:firebase-encoders-json:18.0.1) with ExtractAarTransform
Transforming firebase-encoders-json-18.0.1.aar (com.google.firebase:firebase-encoders-json:18.0.1) with AarTransform
Transforming firebase-encoders-json-18.0.1.aar (com.google.firebase:firebase-encoders-json:18.0.1) with ExtractAarTransform
Transforming firebase-encoders-json-18.0.1.aar (com.google.firebase:firebase-encoders-json:18.0.1) with AarTransform
Transforming firebase-encoders-json-18.0.1.aar (com.google.firebase:firebase-encoders-json:18.0.1) with ExtractAarTransform
Transforming firebase-encoders-json-18.0.1.aar (com.google.firebase:firebase-encoders-json:18.0.1) with AarTransform
Transforming firebase-encoders-json-18.0.1.aar (com.google.firebase:firebase-encoders-json:18.0.1) with ExtractAarTransform
Transforming firebase-encoders-json-18.0.1.aar (com.google.firebase:firebase-encoders-json:18.0.1) with AarTransform
Transforming transport-runtime-3.3.0.aar (com.google.android.datatransport:transport-runtime:3.3.0) with ExtractAarTransform
Transforming transport-runtime-3.3.0.aar (com.google.android.datatransport:transport-runtime:3.3.0) with AarTransform
Transforming transport-runtime-3.3.0.aar (com.google.android.datatransport:transport-runtime:3.3.0) with ExtractAarTransform
Transforming transport-runtime-3.3.0.aar (com.google.android.datatransport:transport-runtime:3.3.0) with AarTransform
Transforming transport-runtime-3.3.0.aar (com.google.android.datatransport:transport-runtime:3.3.0) with ExtractAarTransform
Transforming transport-runtime-3.3.0.aar (com.google.android.datatransport:transport-runtime:3.3.0) with AarTransform
Transforming transport-api-3.2.0.aar (com.google.android.datatransport:transport-api:3.2.0) with ExtractAarTransform
Transforming transport-api-3.2.0.aar (com.google.android.datatransport:transport-api:3.2.0) with AarTransform
Transforming transport-api-3.2.0.aar (com.google.android.datatransport:transport-api:3.2.0) with ExtractAarTransform
Transforming transport-api-3.2.0.aar (com.google.android.datatransport:transport-api:3.2.0) with AarTransform
Transforming transport-api-3.2.0.aar (com.google.android.datatransport:transport-api:3.2.0) with ExtractAarTransform
Transforming transport-api-3.2.0.aar (com.google.android.datatransport:transport-api:3.2.0) with AarTransform
Transforming interpolator-1.0.0.aar (androidx.interpolator:interpolator:1.0.0) with ExtractAarTransform
Transforming interpolator-1.0.0.aar (androidx.interpolator:interpolator:1.0.0) with AarTransform
Transforming interpolator-1.0.0.aar (androidx.interpolator:interpolator:1.0.0) with ExtractAarTransform
Transforming interpolator-1.0.0.aar (androidx.interpolator:interpolator:1.0.0) with AarTransform
Transforming interpolator-1.0.0.aar (androidx.interpolator:interpolator:1.0.0) with ExtractAarTransform
Transforming interpolator-1.0.0.aar (androidx.interpolator:interpolator:1.0.0) with AarTransform
Transforming lifecycle-runtime-2.3.1.aar (androidx.lifecycle:lifecycle-runtime:2.3.1) with ExtractAarTransform
Transforming lifecycle-runtime-2.3.1.aar (androidx.lifecycle:lifecycle-runtime:2.3.1) with AarTransform
Transforming lifecycle-viewmodel-savedstate-2.3.1.aar (androidx.lifecycle:lifecycle-viewmodel-savedstate:2.3.1) with ExtractAarTransform
Transforming lifecycle-viewmodel-savedstate-2.3.1.aar (androidx.lifecycle:lifecycle-viewmodel-savedstate:2.3.1) with AarTransform
Transforming lifecycle-viewmodel-2.3.1.aar (androidx.lifecycle:lifecycle-viewmodel:2.3.1) with ExtractAarTransform
Transforming lifecycle-viewmodel-2.3.1.aar (androidx.lifecycle:lifecycle-viewmodel:2.3.1) with AarTransform
Transforming lifecycle-viewmodel-2.3.1.aar (androidx.lifecycle:lifecycle-viewmodel:2.3.1) with ExtractAarTransform
Transforming lifecycle-viewmodel-2.3.1.aar (androidx.lifecycle:lifecycle-viewmodel:2.3.1) with AarTransform
Transforming savedstate-1.1.0.aar (androidx.savedstate:savedstate:1.1.0) with ExtractAarTransform
Transforming savedstate-1.1.0.aar (androidx.savedstate:savedstate:1.1.0) with AarTransform
Transforming cursoradapter-1.0.0.aar (androidx.cursoradapter:cursoradapter:1.0.0) with ExtractAarTransform
Transforming cursoradapter-1.0.0.aar (androidx.cursoradapter:cursoradapter:1.0.0) with AarTransform
Transforming cursoradapter-1.0.0.aar (androidx.cursoradapter:cursoradapter:1.0.0) with ExtractAarTransform
Transforming cursoradapter-1.0.0.aar (androidx.cursoradapter:cursoradapter:1.0.0) with AarTransform
Transforming lifecycle-livedata-2.0.0.aar (androidx.lifecycle:lifecycle-livedata:2.0.0) with ExtractAarTransform
Transforming lifecycle-livedata-2.0.0.aar (androidx.lifecycle:lifecycle-livedata:2.0.0) with AarTransform
Transforming lifecycle-livedata-core-2.3.1.aar (androidx.lifecycle:lifecycle-livedata-core:2.3.1) with ExtractAarTransform
Transforming lifecycle-livedata-core-2.3.1.aar (androidx.lifecycle:lifecycle-livedata-core:2.3.1) with AarTransform
Transforming lifecycle-livedata-core-2.3.1.aar (androidx.lifecycle:lifecycle-livedata-core:2.3.1) with ExtractAarTransform
Transforming lifecycle-livedata-core-2.3.1.aar (androidx.lifecycle:lifecycle-livedata-core:2.3.1) with AarTransform
Transforming core-runtime-2.1.0.aar (androidx.arch.core:core-runtime:2.1.0) with ExtractAarTransform
Transforming core-runtime-2.1.0.aar (androidx.arch.core:core-runtime:2.1.0) with AarTransform
Transforming core-runtime-2.1.0.aar (androidx.arch.core:core-runtime:2.1.0) with ExtractAarTransform
Transforming core-runtime-2.1.0.aar (androidx.arch.core:core-runtime:2.1.0) with AarTransform
Transforming documentfile-1.0.0.aar (androidx.documentfile:documentfile:1.0.0) with ExtractAarTransform
Transforming documentfile-1.0.0.aar (androidx.documentfile:documentfile:1.0.0) with AarTransform
Transforming localbroadcastmanager-1.0.0.aar (androidx.localbroadcastmanager:localbroadcastmanager:1.0.0) with ExtractAarTransform
Transforming localbroadcastmanager-1.0.0.aar (androidx.localbroadcastmanager:localbroadcastmanager:1.0.0) with AarTransform
Transforming print-1.0.0.aar (androidx.print:print:1.0.0) with ExtractAarTransform
Transforming print-1.0.0.aar (androidx.print:print:1.0.0) with AarTransform
Transforming multidex-2.0.1.aar (androidx.multidex:multidex:2.0.1) with ExtractAarTransform
Transforming multidex-2.0.1.aar (androidx.multidex:multidex:2.0.1) with AarTransform
Transforming rtmp-client-3.2.0.aar (io.antmedia:rtmp-client:3.2.0) with ExtractAarTransform
Transforming rtmp-client-3.2.0.aar (io.antmedia:rtmp-client:3.2.0) with AarTransform
Caching disabled for task ':app:checkDebugAarMetadata' because:
  Build cache is disabled
Skipping task ':app:checkDebugAarMetadata' as it is up-to-date.
Resolve mutations for :app:mapDebugSourceSetPaths (Thread[Execution worker Thread 7,5,main]) started.
:app:mapDebugSourceSetPaths (Thread[Execution worker Thread 7,5,main]) started.

> Task :app:mapDebugSourceSetPaths UP-TO-DATE
Caching disabled for task ':app:mapDebugSourceSetPaths' because:
  Build cache is disabled
Skipping task ':app:mapDebugSourceSetPaths' as it is up-to-date.
Resolve mutations for :app:createDebugCompatibleScreenManifests (Thread[Execution worker Thread 7,5,main]) started.
:app:createDebugCompatibleScreenManifests (Thread[Execution worker Thread 7,5,main]) started.

> Task :app:createDebugCompatibleScreenManifests UP-TO-DATE
Caching disabled for task ':app:createDebugCompatibleScreenManifests' because:
  Build cache is disabled
Skipping task ':app:createDebugCompatibleScreenManifests' as it is up-to-date.
Resolve mutations for :app:extractDeepLinksDebug (Thread[Execution worker Thread 7,5,main]) started.
:app:extractDeepLinksDebug (Thread[Execution worker Thread 7,5,main]) started.

> Task :app:extractDeepLinksDebug UP-TO-DATE
Caching disabled for task ':app:extractDeepLinksDebug' because:
  Build cache is disabled
Skipping task ':app:extractDeepLinksDebug' as it is up-to-date.
Resolve mutations for :app:processDebugMainManifest (Thread[Execution worker Thread 7,5,main]) started.
:app:processDebugMainManifest (Thread[Execution worker Thread 7,5,main]) started.

> Task :app:processDebugMainManifest UP-TO-DATE
Transforming viewbinding-8.3.1.aar (androidx.databinding:viewbinding:8.3.1) with ExtractAarTransform
Transforming viewbinding-8.3.1.aar (androidx.databinding:viewbinding:8.3.1) with AarTransform
Transforming firebase-crashlytics-19.0.3.aar (com.google.firebase:firebase-crashlytics:19.0.3) with ExtractAarTransform
Transforming firebase-crashlytics-19.0.3.aar (com.google.firebase:firebase-crashlytics:19.0.3) with AarTransform
Transforming leanback-1.0.0.aar (androidx.leanback:leanback:1.0.0) with ExtractAarTransform
Transforming leanback-1.0.0.aar (androidx.leanback:leanback:1.0.0) with AarTransform
Transforming media3-exoplayer-hls-1.4.1.aar (androidx.media3:media3-exoplayer-hls:1.4.1) with ExtractAarTransform
Transforming media3-exoplayer-hls-1.4.1.aar (androidx.media3:media3-exoplayer-hls:1.4.1) with AarTransform
Transforming media3-exoplayer-rtsp-1.4.1.aar (androidx.media3:media3-exoplayer-rtsp:1.4.1) with ExtractAarTransform
Transforming media3-exoplayer-rtsp-1.4.1.aar (androidx.media3:media3-exoplayer-rtsp:1.4.1) with AarTransform
Transforming media3-exoplayer-dash-1.4.1.aar (androidx.media3:media3-exoplayer-dash:1.4.1) with ExtractAarTransform
Transforming media3-exoplayer-dash-1.4.1.aar (androidx.media3:media3-exoplayer-dash:1.4.1) with AarTransform
Transforming media3-exoplayer-1.4.1.aar (androidx.media3:media3-exoplayer:1.4.1) with ExtractAarTransform
Transforming media3-exoplayer-1.4.1.aar (androidx.media3:media3-exoplayer:1.4.1) with AarTransform
Transforming media3-datasource-rtmp-1.4.1.aar (androidx.media3:media3-datasource-rtmp:1.4.1) with ExtractAarTransform
Transforming media3-datasource-rtmp-1.4.1.aar (androidx.media3:media3-datasource-rtmp:1.4.1) with AarTransform
Transforming media3-extractor-1.4.1.aar (androidx.media3:media3-extractor:1.4.1) with ExtractAarTransform
Transforming media3-extractor-1.4.1.aar (androidx.media3:media3-extractor:1.4.1) with AarTransform
Transforming media3-container-1.4.1.aar (androidx.media3:media3-container:1.4.1) with ExtractAarTransform
Transforming media3-container-1.4.1.aar (androidx.media3:media3-container:1.4.1) with AarTransform
Transforming media3-datasource-1.4.1.aar (androidx.media3:media3-datasource:1.4.1) with ExtractAarTransform
Transforming media3-datasource-1.4.1.aar (androidx.media3:media3-datasource:1.4.1) with AarTransform
Transforming media3-decoder-1.4.1.aar (androidx.media3:media3-decoder:1.4.1) with ExtractAarTransform
Transforming media3-decoder-1.4.1.aar (androidx.media3:media3-decoder:1.4.1) with AarTransform
Transforming media3-database-1.4.1.aar (androidx.media3:media3-database:1.4.1) with ExtractAarTransform
Transforming media3-database-1.4.1.aar (androidx.media3:media3-database:1.4.1) with AarTransform
Transforming media3-common-1.4.1.aar (androidx.media3:media3-common:1.4.1) with ExtractAarTransform
Transforming media3-common-1.4.1.aar (androidx.media3:media3-common:1.4.1) with AarTransform
Transforming media3-ui-1.4.1.aar (androidx.media3:media3-ui:1.4.1) with ExtractAarTransform
Transforming media3-ui-1.4.1.aar (androidx.media3:media3-ui:1.4.1) with AarTransform
Transforming recyclerview-1.3.2.aar (androidx.recyclerview:recyclerview:1.3.2) with ExtractAarTransform
Transforming recyclerview-1.3.2.aar (androidx.recyclerview:recyclerview:1.3.2) with AarTransform
Transforming recyclerview-1.3.2.aar (androidx.recyclerview:recyclerview:1.3.2) with ExtractAarTransform
Transforming recyclerview-1.3.2.aar (androidx.recyclerview:recyclerview:1.3.2) with AarTransform
Transforming constraintlayout-2.1.4.aar (androidx.constraintlayout:constraintlayout:2.1.4) with ExtractAarTransform
Transforming constraintlayout-2.1.4.aar (androidx.constraintlayout:constraintlayout:2.1.4) with AarTransform
Transforming legacy-support-core-ui-1.0.0.aar (androidx.legacy:legacy-support-core-ui:1.0.0) with ExtractAarTransform
Transforming legacy-support-core-ui-1.0.0.aar (androidx.legacy:legacy-support-core-ui:1.0.0) with AarTransform
Transforming glide-4.16.0.aar (com.github.bumptech.glide:glide:4.16.0) with ExtractAarTransform
Transforming glide-4.16.0.aar (com.github.bumptech.glide:glide:4.16.0) with AarTransform
Transforming appcompat-1.2.0.aar (androidx.appcompat:appcompat:1.2.0) with ExtractAarTransform
Transforming appcompat-1.2.0.aar (androidx.appcompat:appcompat:1.2.0) with AarTransform
Transforming firebase-analytics-22.0.2.aar (com.google.firebase:firebase-analytics:22.0.2) with ExtractAarTransform
Transforming firebase-analytics-22.0.2.aar (com.google.firebase:firebase-analytics:22.0.2) with AarTransform
Transforming play-services-measurement-22.0.2.aar (com.google.android.gms:play-services-measurement:22.0.2) with ExtractAarTransform
Transforming play-services-measurement-22.0.2.aar (com.google.android.gms:play-services-measurement:22.0.2) with AarTransform
Transforming play-services-measurement-api-22.0.2.aar (com.google.android.gms:play-services-measurement-api:22.0.2) with ExtractAarTransform
Transforming play-services-measurement-api-22.0.2.aar (com.google.android.gms:play-services-measurement-api:22.0.2) with AarTransform
Transforming play-services-measurement-sdk-22.0.2.aar (com.google.android.gms:play-services-measurement-sdk:22.0.2) with ExtractAarTransform
Transforming play-services-measurement-sdk-22.0.2.aar (com.google.android.gms:play-services-measurement-sdk:22.0.2) with AarTransform
Transforming firebase-measurement-connector-20.0.1.aar (com.google.firebase:firebase-measurement-connector:20.0.1) with ExtractAarTransform
Transforming firebase-measurement-connector-20.0.1.aar (com.google.firebase:firebase-measurement-connector:20.0.1) with AarTransform
Transforming firebase-measurement-connector-20.0.1.aar (com.google.firebase:firebase-measurement-connector:20.0.1) with ExtractAarTransform
Transforming firebase-measurement-connector-20.0.1.aar (com.google.firebase:firebase-measurement-connector:20.0.1) with AarTransform
Transforming firebase-sessions-2.0.3.aar (com.google.firebase:firebase-sessions:2.0.3) with ExtractAarTransform
Transforming firebase-sessions-2.0.3.aar (com.google.firebase:firebase-sessions:2.0.3) with AarTransform
Transforming firebase-installations-18.0.0.aar (com.google.firebase:firebase-installations:18.0.0) with ExtractAarTransform
Transforming firebase-installations-18.0.0.aar (com.google.firebase:firebase-installations:18.0.0) with AarTransform
Transforming firebase-installations-18.0.0.aar (com.google.firebase:firebase-installations:18.0.0) with ExtractAarTransform
Transforming firebase-installations-18.0.0.aar (com.google.firebase:firebase-installations:18.0.0) with AarTransform
Transforming firebase-installations-18.0.0.aar (com.google.firebase:firebase-installations:18.0.0) with ExtractAarTransform
Transforming firebase-installations-18.0.0.aar (com.google.firebase:firebase-installations:18.0.0) with AarTransform
Transforming firebase-common-ktx-21.0.0.aar (com.google.firebase:firebase-common-ktx:21.0.0) with ExtractAarTransform
Transforming firebase-common-ktx-21.0.0.aar (com.google.firebase:firebase-common-ktx:21.0.0) with AarTransform
Transforming firebase-common-ktx-21.0.0.aar (com.google.firebase:firebase-common-ktx:21.0.0) with ExtractAarTransform
Transforming firebase-common-ktx-21.0.0.aar (com.google.firebase:firebase-common-ktx:21.0.0) with AarTransform
Transforming firebase-common-ktx-21.0.0.aar (com.google.firebase:firebase-common-ktx:21.0.0) with ExtractAarTransform
Transforming firebase-common-ktx-21.0.0.aar (com.google.firebase:firebase-common-ktx:21.0.0) with AarTransform
Transforming firebase-common-ktx-21.0.0.aar (com.google.firebase:firebase-common-ktx:21.0.0) with ExtractAarTransform
Transforming firebase-common-ktx-21.0.0.aar (com.google.firebase:firebase-common-ktx:21.0.0) with AarTransform
Transforming firebase-common-21.0.0.aar (com.google.firebase:firebase-common:21.0.0) with ExtractAarTransform
Transforming firebase-common-21.0.0.aar (com.google.firebase:firebase-common:21.0.0) with AarTransform
Transforming firebase-common-21.0.0.aar (com.google.firebase:firebase-common:21.0.0) with ExtractAarTransform
Transforming firebase-common-21.0.0.aar (com.google.firebase:firebase-common:21.0.0) with AarTransform
Transforming firebase-common-21.0.0.aar (com.google.firebase:firebase-common:21.0.0) with ExtractAarTransform
Transforming firebase-common-21.0.0.aar (com.google.firebase:firebase-common:21.0.0) with AarTransform
Transforming firebase-common-21.0.0.aar (com.google.firebase:firebase-common:21.0.0) with ExtractAarTransform
Transforming firebase-common-21.0.0.aar (com.google.firebase:firebase-common:21.0.0) with AarTransform
Transforming firebase-common-21.0.0.aar (com.google.firebase:firebase-common:21.0.0) with ExtractAarTransform
Transforming firebase-common-21.0.0.aar (com.google.firebase:firebase-common:21.0.0) with AarTransform
Transforming play-services-measurement-impl-22.0.2.aar (com.google.android.gms:play-services-measurement-impl:22.0.2) with ExtractAarTransform
Transforming play-services-measurement-impl-22.0.2.aar (com.google.android.gms:play-services-measurement-impl:22.0.2) with AarTransform
Transforming play-services-measurement-impl-22.0.2.aar (com.google.android.gms:play-services-measurement-impl:22.0.2) with ExtractAarTransform
Transforming play-services-measurement-impl-22.0.2.aar (com.google.android.gms:play-services-measurement-impl:22.0.2) with AarTransform
Transforming play-services-ads-identifier-18.0.0.aar (com.google.android.gms:play-services-ads-identifier:18.0.0) with ExtractAarTransform
Transforming play-services-ads-identifier-18.0.0.aar (com.google.android.gms:play-services-ads-identifier:18.0.0) with AarTransform
Transforming play-services-ads-identifier-18.0.0.aar (com.google.android.gms:play-services-ads-identifier:18.0.0) with ExtractAarTransform
Transforming play-services-ads-identifier-18.0.0.aar (com.google.android.gms:play-services-ads-identifier:18.0.0) with AarTransform
Transforming play-services-ads-identifier-18.0.0.aar (com.google.android.gms:play-services-ads-identifier:18.0.0) with ExtractAarTransform
Transforming play-services-ads-identifier-18.0.0.aar (com.google.android.gms:play-services-ads-identifier:18.0.0) with AarTransform
Transforming play-services-measurement-sdk-api-22.0.2.aar (com.google.android.gms:play-services-measurement-sdk-api:22.0.2) with ExtractAarTransform
Transforming play-services-measurement-sdk-api-22.0.2.aar (com.google.android.gms:play-services-measurement-sdk-api:22.0.2) with AarTransform
Transforming play-services-measurement-base-22.0.2.aar (com.google.android.gms:play-services-measurement-base:22.0.2) with ExtractAarTransform
Transforming play-services-measurement-base-22.0.2.aar (com.google.android.gms:play-services-measurement-base:22.0.2) with AarTransform
Transforming play-services-measurement-base-22.0.2.aar (com.google.android.gms:play-services-measurement-base:22.0.2) with ExtractAarTransform
Transforming play-services-measurement-base-22.0.2.aar (com.google.android.gms:play-services-measurement-base:22.0.2) with AarTransform
Transforming play-services-measurement-base-22.0.2.aar (com.google.android.gms:play-services-measurement-base:22.0.2) with ExtractAarTransform
Transforming play-services-measurement-base-22.0.2.aar (com.google.android.gms:play-services-measurement-base:22.0.2) with AarTransform
Transforming play-services-measurement-base-22.0.2.aar (com.google.android.gms:play-services-measurement-base:22.0.2) with ExtractAarTransform
Transforming play-services-measurement-base-22.0.2.aar (com.google.android.gms:play-services-measurement-base:22.0.2) with AarTransform
Transforming play-services-measurement-base-22.0.2.aar (com.google.android.gms:play-services-measurement-base:22.0.2) with ExtractAarTransform
Transforming play-services-measurement-base-22.0.2.aar (com.google.android.gms:play-services-measurement-base:22.0.2) with AarTransform
Transforming play-services-stats-17.0.2.aar (com.google.android.gms:play-services-stats:17.0.2) with ExtractAarTransform
Transforming play-services-stats-17.0.2.aar (com.google.android.gms:play-services-stats:17.0.2) with AarTransform
Transforming play-services-stats-17.0.2.aar (com.google.android.gms:play-services-stats:17.0.2) with ExtractAarTransform
Transforming play-services-stats-17.0.2.aar (com.google.android.gms:play-services-stats:17.0.2) with AarTransform
Transforming firebase-installations-interop-17.2.0.aar (com.google.firebase:firebase-installations-interop:17.2.0) with ExtractAarTransform
Transforming firebase-installations-interop-17.2.0.aar (com.google.firebase:firebase-installations-interop:17.2.0) with AarTransform
Transforming firebase-installations-interop-17.2.0.aar (com.google.firebase:firebase-installations-interop:17.2.0) with ExtractAarTransform
Transforming firebase-installations-interop-17.2.0.aar (com.google.firebase:firebase-installations-interop:17.2.0) with AarTransform
Transforming firebase-installations-interop-17.2.0.aar (com.google.firebase:firebase-installations-interop:17.2.0) with ExtractAarTransform
Transforming firebase-installations-interop-17.2.0.aar (com.google.firebase:firebase-installations-interop:17.2.0) with AarTransform
Transforming firebase-installations-interop-17.2.0.aar (com.google.firebase:firebase-installations-interop:17.2.0) with ExtractAarTransform
Transforming firebase-installations-interop-17.2.0.aar (com.google.firebase:firebase-installations-interop:17.2.0) with AarTransform
Transforming ads-adservices-java-1.0.0-beta05.aar (androidx.privacysandbox.ads:ads-adservices-java:1.0.0-beta05) with ExtractAarTransform
Transforming ads-adservices-java-1.0.0-beta05.aar (androidx.privacysandbox.ads:ads-adservices-java:1.0.0-beta05) with AarTransform
Transforming ads-adservices-1.0.0-beta05.aar (androidx.privacysandbox.ads:ads-adservices:1.0.0-beta05) with ExtractAarTransform
Transforming ads-adservices-1.0.0-beta05.aar (androidx.privacysandbox.ads:ads-adservices:1.0.0-beta05) with AarTransform
Transforming ads-adservices-1.0.0-beta05.aar (androidx.privacysandbox.ads:ads-adservices:1.0.0-beta05) with ExtractAarTransform
Transforming ads-adservices-1.0.0-beta05.aar (androidx.privacysandbox.ads:ads-adservices:1.0.0-beta05) with AarTransform
Transforming datastore-preferences-1.0.0.aar (androidx.datastore:datastore-preferences:1.0.0) with ExtractAarTransform
Transforming datastore-preferences-1.0.0.aar (androidx.datastore:datastore-preferences:1.0.0) with AarTransform
Transforming datastore-1.0.0.aar (androidx.datastore:datastore:1.0.0) with ExtractAarTransform
Transforming datastore-1.0.0.aar (androidx.datastore:datastore:1.0.0) with AarTransform
Transforming play-services-tasks-18.2.0.aar (com.google.android.gms:play-services-tasks:18.2.0) with ExtractAarTransform
Transforming play-services-tasks-18.2.0.aar (com.google.android.gms:play-services-tasks:18.2.0) with AarTransform
Transforming play-services-tasks-18.2.0.aar (com.google.android.gms:play-services-tasks:18.2.0) with ExtractAarTransform
Transforming play-services-tasks-18.2.0.aar (com.google.android.gms:play-services-tasks:18.2.0) with AarTransform
Transforming play-services-tasks-18.2.0.aar (com.google.android.gms:play-services-tasks:18.2.0) with ExtractAarTransform
Transforming play-services-tasks-18.2.0.aar (com.google.android.gms:play-services-tasks:18.2.0) with AarTransform
Transforming play-services-tasks-18.2.0.aar (com.google.android.gms:play-services-tasks:18.2.0) with ExtractAarTransform
Transforming play-services-tasks-18.2.0.aar (com.google.android.gms:play-services-tasks:18.2.0) with AarTransform
Transforming play-services-tasks-18.2.0.aar (com.google.android.gms:play-services-tasks:18.2.0) with ExtractAarTransform
Transforming play-services-tasks-18.2.0.aar (com.google.android.gms:play-services-tasks:18.2.0) with AarTransform
Transforming play-services-tasks-18.2.0.aar (com.google.android.gms:play-services-tasks:18.2.0) with ExtractAarTransform
Transforming play-services-tasks-18.2.0.aar (com.google.android.gms:play-services-tasks:18.2.0) with AarTransform
Transforming play-services-basement-18.4.0.aar (com.google.android.gms:play-services-basement:18.4.0) with ExtractAarTransform
Transforming play-services-basement-18.4.0.aar (com.google.android.gms:play-services-basement:18.4.0) with AarTransform
Transforming play-services-basement-18.4.0.aar (com.google.android.gms:play-services-basement:18.4.0) with ExtractAarTransform
Transforming play-services-basement-18.4.0.aar (com.google.android.gms:play-services-basement:18.4.0) with AarTransform
Transforming play-services-basement-18.4.0.aar (com.google.android.gms:play-services-basement:18.4.0) with ExtractAarTransform
Transforming play-services-basement-18.4.0.aar (com.google.android.gms:play-services-basement:18.4.0) with AarTransform
Transforming play-services-basement-18.4.0.aar (com.google.android.gms:play-services-basement:18.4.0) with ExtractAarTransform
Transforming play-services-basement-18.4.0.aar (com.google.android.gms:play-services-basement:18.4.0) with AarTransform
Transforming play-services-basement-18.4.0.aar (com.google.android.gms:play-services-basement:18.4.0) with ExtractAarTransform
Transforming play-services-basement-18.4.0.aar (com.google.android.gms:play-services-basement:18.4.0) with AarTransform
Transforming play-services-basement-18.4.0.aar (com.google.android.gms:play-services-basement:18.4.0) with ExtractAarTransform
Transforming play-services-basement-18.4.0.aar (com.google.android.gms:play-services-basement:18.4.0) with AarTransform
Transforming play-services-basement-18.4.0.aar (com.google.android.gms:play-services-basement:18.4.0) with ExtractAarTransform
Transforming play-services-basement-18.4.0.aar (com.google.android.gms:play-services-basement:18.4.0) with AarTransform
Transforming play-services-basement-18.4.0.aar (com.google.android.gms:play-services-basement:18.4.0) with ExtractAarTransform
Transforming play-services-basement-18.4.0.aar (com.google.android.gms:play-services-basement:18.4.0) with AarTransform
Transforming play-services-basement-18.4.0.aar (com.google.android.gms:play-services-basement:18.4.0) with ExtractAarTransform
Transforming play-services-basement-18.4.0.aar (com.google.android.gms:play-services-basement:18.4.0) with AarTransform
Transforming play-services-basement-18.4.0.aar (com.google.android.gms:play-services-basement:18.4.0) with ExtractAarTransform
Transforming play-services-basement-18.4.0.aar (com.google.android.gms:play-services-basement:18.4.0) with AarTransform
Transforming play-services-basement-18.4.0.aar (com.google.android.gms:play-services-basement:18.4.0) with ExtractAarTransform
Transforming play-services-basement-18.4.0.aar (com.google.android.gms:play-services-basement:18.4.0) with AarTransform
Transforming fragment-1.3.6.aar (androidx.fragment:fragment:1.3.6) with ExtractAarTransform
Transforming fragment-1.3.6.aar (androidx.fragment:fragment:1.3.6) with AarTransform
Transforming fragment-1.3.6.aar (androidx.fragment:fragment:1.3.6) with ExtractAarTransform
Transforming fragment-1.3.6.aar (androidx.fragment:fragment:1.3.6) with AarTransform
Transforming fragment-1.3.6.aar (androidx.fragment:fragment:1.3.6) with ExtractAarTransform
Transforming fragment-1.3.6.aar (androidx.fragment:fragment:1.3.6) with AarTransform
Transforming viewpager-1.0.0.aar (androidx.viewpager:viewpager:1.0.0) with ExtractAarTransform
Transforming viewpager-1.0.0.aar (androidx.viewpager:viewpager:1.0.0) with AarTransform
Transforming viewpager-1.0.0.aar (androidx.viewpager:viewpager:1.0.0) with ExtractAarTransform
Transforming viewpager-1.0.0.aar (androidx.viewpager:viewpager:1.0.0) with AarTransform
Transforming drawerlayout-1.0.0.aar (androidx.drawerlayout:drawerlayout:1.0.0) with ExtractAarTransform
Transforming drawerlayout-1.0.0.aar (androidx.drawerlayout:drawerlayout:1.0.0) with AarTransform
Transforming drawerlayout-1.0.0.aar (androidx.drawerlayout:drawerlayout:1.0.0) with ExtractAarTransform
Transforming drawerlayout-1.0.0.aar (androidx.drawerlayout:drawerlayout:1.0.0) with AarTransform
Transforming coordinatorlayout-1.0.0.aar (androidx.coordinatorlayout:coordinatorlayout:1.0.0) with ExtractAarTransform
Transforming coordinatorlayout-1.0.0.aar (androidx.coordinatorlayout:coordinatorlayout:1.0.0) with AarTransform
Transforming slidingpanelayout-1.0.0.aar (androidx.slidingpanelayout:slidingpanelayout:1.0.0) with ExtractAarTransform
Transforming slidingpanelayout-1.0.0.aar (androidx.slidingpanelayout:slidingpanelayout:1.0.0) with AarTransform
Transforming customview-1.0.0.aar (androidx.customview:customview:1.0.0) with ExtractAarTransform
Transforming customview-1.0.0.aar (androidx.customview:customview:1.0.0) with AarTransform
Transforming customview-1.0.0.aar (androidx.customview:customview:1.0.0) with ExtractAarTransform
Transforming customview-1.0.0.aar (androidx.customview:customview:1.0.0) with AarTransform
Transforming customview-1.0.0.aar (androidx.customview:customview:1.0.0) with ExtractAarTransform
Transforming customview-1.0.0.aar (androidx.customview:customview:1.0.0) with AarTransform
Transforming customview-1.0.0.aar (androidx.customview:customview:1.0.0) with ExtractAarTransform
Transforming customview-1.0.0.aar (androidx.customview:customview:1.0.0) with AarTransform
Transforming customview-1.0.0.aar (androidx.customview:customview:1.0.0) with ExtractAarTransform
Transforming customview-1.0.0.aar (androidx.customview:customview:1.0.0) with AarTransform
Transforming customview-1.0.0.aar (androidx.customview:customview:1.0.0) with ExtractAarTransform
Transforming customview-1.0.0.aar (androidx.customview:customview:1.0.0) with AarTransform
Transforming media-1.7.0.aar (androidx.media:media:1.7.0) with ExtractAarTransform
Transforming media-1.7.0.aar (androidx.media:media:1.7.0) with AarTransform
Transforming media-1.7.0.aar (androidx.media:media:1.7.0) with ExtractAarTransform
Transforming media-1.7.0.aar (androidx.media:media:1.7.0) with AarTransform
Transforming legacy-support-core-utils-1.0.0.aar (androidx.legacy:legacy-support-core-utils:1.0.0) with ExtractAarTransform
Transforming legacy-support-core-utils-1.0.0.aar (androidx.legacy:legacy-support-core-utils:1.0.0) with AarTransform
Transforming legacy-support-core-utils-1.0.0.aar (androidx.legacy:legacy-support-core-utils:1.0.0) with ExtractAarTransform
Transforming legacy-support-core-utils-1.0.0.aar (androidx.legacy:legacy-support-core-utils:1.0.0) with AarTransform
Transforming legacy-support-core-utils-1.0.0.aar (androidx.legacy:legacy-support-core-utils:1.0.0) with ExtractAarTransform
Transforming legacy-support-core-utils-1.0.0.aar (androidx.legacy:legacy-support-core-utils:1.0.0) with AarTransform
Transforming loader-1.0.0.aar (androidx.loader:loader:1.0.0) with ExtractAarTransform
Transforming loader-1.0.0.aar (androidx.loader:loader:1.0.0) with AarTransform
Transforming loader-1.0.0.aar (androidx.loader:loader:1.0.0) with ExtractAarTransform
Transforming loader-1.0.0.aar (androidx.loader:loader:1.0.0) with AarTransform
Transforming activity-1.2.4.aar (androidx.activity:activity:1.2.4) with ExtractAarTransform
Transforming activity-1.2.4.aar (androidx.activity:activity:1.2.4) with AarTransform
Transforming appcompat-resources-1.2.0.aar (androidx.appcompat:appcompat-resources:1.2.0) with ExtractAarTransform
Transforming appcompat-resources-1.2.0.aar (androidx.appcompat:appcompat-resources:1.2.0) with AarTransform
Transforming vectordrawable-animated-1.1.0.aar (androidx.vectordrawable:vectordrawable-animated:1.1.0) with ExtractAarTransform
Transforming vectordrawable-animated-1.1.0.aar (androidx.vectordrawable:vectordrawable-animated:1.1.0) with AarTransform
Transforming vectordrawable-1.1.0.aar (androidx.vectordrawable:vectordrawable:1.1.0) with ExtractAarTransform
Transforming vectordrawable-1.1.0.aar (androidx.vectordrawable:vectordrawable:1.1.0) with AarTransform
Transforming vectordrawable-1.1.0.aar (androidx.vectordrawable:vectordrawable:1.1.0) with ExtractAarTransform
Transforming vectordrawable-1.1.0.aar (androidx.vectordrawable:vectordrawable:1.1.0) with AarTransform
Transforming swiperefreshlayout-1.0.0.aar (androidx.swiperefreshlayout:swiperefreshlayout:1.0.0) with ExtractAarTransform
Transforming swiperefreshlayout-1.0.0.aar (androidx.swiperefreshlayout:swiperefreshlayout:1.0.0) with AarTransform
Transforming asynclayoutinflater-1.0.0.aar (androidx.asynclayoutinflater:asynclayoutinflater:1.0.0) with ExtractAarTransform
Transforming asynclayoutinflater-1.0.0.aar (androidx.asynclayoutinflater:asynclayoutinflater:1.0.0) with AarTransform
Transforming core-1.12.0.aar (androidx.core:core:1.12.0) with ExtractAarTransform
Transforming core-1.12.0.aar (androidx.core:core:1.12.0) with AarTransform
Transforming core-1.12.0.aar (androidx.core:core:1.12.0) with ExtractAarTransform
Transforming core-1.12.0.aar (androidx.core:core:1.12.0) with AarTransform
Transforming core-1.12.0.aar (androidx.core:core:1.12.0) with ExtractAarTransform
Transforming core-1.12.0.aar (androidx.core:core:1.12.0) with AarTransform
Transforming core-1.12.0.aar (androidx.core:core:1.12.0) with ExtractAarTransform
Transforming core-1.12.0.aar (androidx.core:core:1.12.0) with AarTransform
Transforming core-1.12.0.aar (androidx.core:core:1.12.0) with ExtractAarTransform
Transforming core-1.12.0.aar (androidx.core:core:1.12.0) with AarTransform
Transforming core-1.12.0.aar (androidx.core:core:1.12.0) with ExtractAarTransform
Transforming core-1.12.0.aar (androidx.core:core:1.12.0) with AarTransform
Transforming core-1.12.0.aar (androidx.core:core:1.12.0) with ExtractAarTransform
Transforming core-1.12.0.aar (androidx.core:core:1.12.0) with AarTransform
Transforming core-1.12.0.aar (androidx.core:core:1.12.0) with ExtractAarTransform
Transforming core-1.12.0.aar (androidx.core:core:1.12.0) with AarTransform
Transforming core-1.12.0.aar (androidx.core:core:1.12.0) with ExtractAarTransform
Transforming core-1.12.0.aar (androidx.core:core:1.12.0) with AarTransform
Transforming core-1.12.0.aar (androidx.core:core:1.12.0) with ExtractAarTransform
Transforming core-1.12.0.aar (androidx.core:core:1.12.0) with AarTransform
Transforming core-1.12.0.aar (androidx.core:core:1.12.0) with ExtractAarTransform
Transforming core-1.12.0.aar (androidx.core:core:1.12.0) with AarTransform
Transforming core-1.12.0.aar (androidx.core:core:1.12.0) with ExtractAarTransform
Transforming core-1.12.0.aar (androidx.core:core:1.12.0) with AarTransform
Transforming core-1.12.0.aar (androidx.core:core:1.12.0) with ExtractAarTransform
Transforming core-1.12.0.aar (androidx.core:core:1.12.0) with AarTransform
Transforming core-1.12.0.aar (androidx.core:core:1.12.0) with ExtractAarTransform
Transforming core-1.12.0.aar (androidx.core:core:1.12.0) with AarTransform
Transforming core-1.12.0.aar (androidx.core:core:1.12.0) with ExtractAarTransform
Transforming core-1.12.0.aar (androidx.core:core:1.12.0) with AarTransform
Transforming customview-poolingcontainer-1.0.0.aar (androidx.customview:customview-poolingcontainer:1.0.0) with ExtractAarTransform
Transforming customview-poolingcontainer-1.0.0.aar (androidx.customview:customview-poolingcontainer:1.0.0) with AarTransform
Transforming core-ktx-1.12.0.aar (androidx.core:core-ktx:1.12.0) with ExtractAarTransform
Transforming core-ktx-1.12.0.aar (androidx.core:core-ktx:1.12.0) with AarTransform
Transforming annotation-experimental-1.3.1.aar (androidx.annotation:annotation-experimental:1.3.1) with ExtractAarTransform
Transforming annotation-experimental-1.3.1.aar (androidx.annotation:annotation-experimental:1.3.1) with AarTransform
Transforming cardview-1.0.0.aar (androidx.cardview:cardview:1.0.0) with ExtractAarTransform
Transforming cardview-1.0.0.aar (androidx.cardview:cardview:1.0.0) with AarTransform
Transforming gifdecoder-4.16.0.aar (com.github.bumptech.glide:gifdecoder:4.16.0) with ExtractAarTransform
Transforming gifdecoder-4.16.0.aar (com.github.bumptech.glide:gifdecoder:4.16.0) with AarTransform
Transforming exifinterface-1.3.6.aar (androidx.exifinterface:exifinterface:1.3.6) with ExtractAarTransform
Transforming exifinterface-1.3.6.aar (androidx.exifinterface:exifinterface:1.3.6) with AarTransform
Transforming tracing-1.0.0.aar (androidx.tracing:tracing:1.0.0) with ExtractAarTransform
Transforming tracing-1.0.0.aar (androidx.tracing:tracing:1.0.0) with AarTransform
Transforming versionedparcelable-1.1.1.aar (androidx.versionedparcelable:versionedparcelable:1.1.1) with ExtractAarTransform
Transforming versionedparcelable-1.1.1.aar (androidx.versionedparcelable:versionedparcelable:1.1.1) with AarTransform
Transforming firebase-components-18.0.0.aar (com.google.firebase:firebase-components:18.0.0) with ExtractAarTransform
Transforming firebase-components-18.0.0.aar (com.google.firebase:firebase-components:18.0.0) with AarTransform
Transforming firebase-components-18.0.0.aar (com.google.firebase:firebase-components:18.0.0) with ExtractAarTransform
Transforming firebase-components-18.0.0.aar (com.google.firebase:firebase-components:18.0.0) with AarTransform
Transforming firebase-components-18.0.0.aar (com.google.firebase:firebase-components:18.0.0) with ExtractAarTransform
Transforming firebase-components-18.0.0.aar (com.google.firebase:firebase-components:18.0.0) with AarTransform
Transforming firebase-components-18.0.0.aar (com.google.firebase:firebase-components:18.0.0) with ExtractAarTransform
Transforming firebase-components-18.0.0.aar (com.google.firebase:firebase-components:18.0.0) with AarTransform
Transforming firebase-components-18.0.0.aar (com.google.firebase:firebase-components:18.0.0) with ExtractAarTransform
Transforming firebase-components-18.0.0.aar (com.google.firebase:firebase-components:18.0.0) with AarTransform
Transforming firebase-components-18.0.0.aar (com.google.firebase:firebase-components:18.0.0) with ExtractAarTransform
Transforming firebase-components-18.0.0.aar (com.google.firebase:firebase-components:18.0.0) with AarTransform
Transforming firebase-config-interop-16.0.1.aar (com.google.firebase:firebase-config-interop:16.0.1) with ExtractAarTransform
Transforming firebase-config-interop-16.0.1.aar (com.google.firebase:firebase-config-interop:16.0.1) with AarTransform
Transforming firebase-datatransport-19.0.0.aar (com.google.firebase:firebase-datatransport:19.0.0) with ExtractAarTransform
Transforming firebase-datatransport-19.0.0.aar (com.google.firebase:firebase-datatransport:19.0.0) with AarTransform
Transforming transport-backend-cct-3.3.0.aar (com.google.android.datatransport:transport-backend-cct:3.3.0) with ExtractAarTransform
Transforming transport-backend-cct-3.3.0.aar (com.google.android.datatransport:transport-backend-cct:3.3.0) with AarTransform
Transforming transport-backend-cct-3.3.0.aar (com.google.android.datatransport:transport-backend-cct:3.3.0) with ExtractAarTransform
Transforming transport-backend-cct-3.3.0.aar (com.google.android.datatransport:transport-backend-cct:3.3.0) with AarTransform
Transforming firebase-encoders-json-18.0.1.aar (com.google.firebase:firebase-encoders-json:18.0.1) with ExtractAarTransform
Transforming firebase-encoders-json-18.0.1.aar (com.google.firebase:firebase-encoders-json:18.0.1) with AarTransform
Transforming firebase-encoders-json-18.0.1.aar (com.google.firebase:firebase-encoders-json:18.0.1) with ExtractAarTransform
Transforming firebase-encoders-json-18.0.1.aar (com.google.firebase:firebase-encoders-json:18.0.1) with AarTransform
Transforming firebase-encoders-json-18.0.1.aar (com.google.firebase:firebase-encoders-json:18.0.1) with ExtractAarTransform
Transforming firebase-encoders-json-18.0.1.aar (com.google.firebase:firebase-encoders-json:18.0.1) with AarTransform
Transforming firebase-encoders-json-18.0.1.aar (com.google.firebase:firebase-encoders-json:18.0.1) with ExtractAarTransform
Transforming firebase-encoders-json-18.0.1.aar (com.google.firebase:firebase-encoders-json:18.0.1) with AarTransform
Transforming transport-runtime-3.3.0.aar (com.google.android.datatransport:transport-runtime:3.3.0) with ExtractAarTransform
Transforming transport-runtime-3.3.0.aar (com.google.android.datatransport:transport-runtime:3.3.0) with AarTransform
Transforming transport-runtime-3.3.0.aar (com.google.android.datatransport:transport-runtime:3.3.0) with ExtractAarTransform
Transforming transport-runtime-3.3.0.aar (com.google.android.datatransport:transport-runtime:3.3.0) with AarTransform
Transforming transport-runtime-3.3.0.aar (com.google.android.datatransport:transport-runtime:3.3.0) with ExtractAarTransform
Transforming transport-runtime-3.3.0.aar (com.google.android.datatransport:transport-runtime:3.3.0) with AarTransform
Transforming transport-api-3.2.0.aar (com.google.android.datatransport:transport-api:3.2.0) with ExtractAarTransform
Transforming transport-api-3.2.0.aar (com.google.android.datatransport:transport-api:3.2.0) with AarTransform
Transforming transport-api-3.2.0.aar (com.google.android.datatransport:transport-api:3.2.0) with ExtractAarTransform
Transforming transport-api-3.2.0.aar (com.google.android.datatransport:transport-api:3.2.0) with AarTransform
Transforming transport-api-3.2.0.aar (com.google.android.datatransport:transport-api:3.2.0) with ExtractAarTransform
Transforming transport-api-3.2.0.aar (com.google.android.datatransport:transport-api:3.2.0) with AarTransform
Transforming transport-api-3.2.0.aar (com.google.android.datatransport:transport-api:3.2.0) with ExtractAarTransform
Transforming transport-api-3.2.0.aar (com.google.android.datatransport:transport-api:3.2.0) with AarTransform
Transforming transport-api-3.2.0.aar (com.google.android.datatransport:transport-api:3.2.0) with ExtractAarTransform
Transforming transport-api-3.2.0.aar (com.google.android.datatransport:transport-api:3.2.0) with AarTransform
Transforming interpolator-1.0.0.aar (androidx.interpolator:interpolator:1.0.0) with ExtractAarTransform
Transforming interpolator-1.0.0.aar (androidx.interpolator:interpolator:1.0.0) with AarTransform
Transforming interpolator-1.0.0.aar (androidx.interpolator:interpolator:1.0.0) with ExtractAarTransform
Transforming interpolator-1.0.0.aar (androidx.interpolator:interpolator:1.0.0) with AarTransform
Transforming interpolator-1.0.0.aar (androidx.interpolator:interpolator:1.0.0) with ExtractAarTransform
Transforming interpolator-1.0.0.aar (androidx.interpolator:interpolator:1.0.0) with AarTransform
Transforming interpolator-1.0.0.aar (androidx.interpolator:interpolator:1.0.0) with ExtractAarTransform
Transforming interpolator-1.0.0.aar (androidx.interpolator:interpolator:1.0.0) with AarTransform
Transforming lifecycle-runtime-2.3.1.aar (androidx.lifecycle:lifecycle-runtime:2.3.1) with ExtractAarTransform
Transforming lifecycle-runtime-2.3.1.aar (androidx.lifecycle:lifecycle-runtime:2.3.1) with AarTransform
Transforming lifecycle-viewmodel-savedstate-2.3.1.aar (androidx.lifecycle:lifecycle-viewmodel-savedstate:2.3.1) with ExtractAarTransform
Transforming lifecycle-viewmodel-savedstate-2.3.1.aar (androidx.lifecycle:lifecycle-viewmodel-savedstate:2.3.1) with AarTransform
Transforming lifecycle-viewmodel-2.3.1.aar (androidx.lifecycle:lifecycle-viewmodel:2.3.1) with ExtractAarTransform
Transforming lifecycle-viewmodel-2.3.1.aar (androidx.lifecycle:lifecycle-viewmodel:2.3.1) with AarTransform
Transforming lifecycle-viewmodel-2.3.1.aar (androidx.lifecycle:lifecycle-viewmodel:2.3.1) with ExtractAarTransform
Transforming lifecycle-viewmodel-2.3.1.aar (androidx.lifecycle:lifecycle-viewmodel:2.3.1) with AarTransform
Transforming savedstate-1.1.0.aar (androidx.savedstate:savedstate:1.1.0) with ExtractAarTransform
Transforming savedstate-1.1.0.aar (androidx.savedstate:savedstate:1.1.0) with AarTransform
Transforming cursoradapter-1.0.0.aar (androidx.cursoradapter:cursoradapter:1.0.0) with ExtractAarTransform
Transforming cursoradapter-1.0.0.aar (androidx.cursoradapter:cursoradapter:1.0.0) with AarTransform
Transforming cursoradapter-1.0.0.aar (androidx.cursoradapter:cursoradapter:1.0.0) with ExtractAarTransform
Transforming cursoradapter-1.0.0.aar (androidx.cursoradapter:cursoradapter:1.0.0) with AarTransform
Transforming lifecycle-livedata-2.0.0.aar (androidx.lifecycle:lifecycle-livedata:2.0.0) with ExtractAarTransform
Transforming lifecycle-livedata-2.0.0.aar (androidx.lifecycle:lifecycle-livedata:2.0.0) with AarTransform
Transforming lifecycle-livedata-core-2.3.1.aar (androidx.lifecycle:lifecycle-livedata-core:2.3.1) with ExtractAarTransform
Transforming lifecycle-livedata-core-2.3.1.aar (androidx.lifecycle:lifecycle-livedata-core:2.3.1) with AarTransform
Transforming lifecycle-livedata-core-2.3.1.aar (androidx.lifecycle:lifecycle-livedata-core:2.3.1) with ExtractAarTransform
Transforming lifecycle-livedata-core-2.3.1.aar (androidx.lifecycle:lifecycle-livedata-core:2.3.1) with AarTransform
Transforming core-runtime-2.1.0.aar (androidx.arch.core:core-runtime:2.1.0) with ExtractAarTransform
Transforming core-runtime-2.1.0.aar (androidx.arch.core:core-runtime:2.1.0) with AarTransform
Transforming core-runtime-2.1.0.aar (androidx.arch.core:core-runtime:2.1.0) with ExtractAarTransform
Transforming core-runtime-2.1.0.aar (androidx.arch.core:core-runtime:2.1.0) with AarTransform
Transforming documentfile-1.0.0.aar (androidx.documentfile:documentfile:1.0.0) with ExtractAarTransform
Transforming documentfile-1.0.0.aar (androidx.documentfile:documentfile:1.0.0) with AarTransform
Transforming localbroadcastmanager-1.0.0.aar (androidx.localbroadcastmanager:localbroadcastmanager:1.0.0) with ExtractAarTransform
Transforming localbroadcastmanager-1.0.0.aar (androidx.localbroadcastmanager:localbroadcastmanager:1.0.0) with AarTransform
Transforming print-1.0.0.aar (androidx.print:print:1.0.0) with ExtractAarTransform
Transforming print-1.0.0.aar (androidx.print:print:1.0.0) with AarTransform
Transforming multidex-2.0.1.aar (androidx.multidex:multidex:2.0.1) with ExtractAarTransform
Transforming multidex-2.0.1.aar (androidx.multidex:multidex:2.0.1) with AarTransform
Transforming rtmp-client-3.2.0.aar (io.antmedia:rtmp-client:3.2.0) with ExtractAarTransform
Transforming rtmp-client-3.2.0.aar (io.antmedia:rtmp-client:3.2.0) with AarTransform
Transforming viewbinding-8.3.1.aar (androidx.databinding:viewbinding:8.3.1) with ExtractAarTransform
Transforming viewbinding-8.3.1.aar (androidx.databinding:viewbinding:8.3.1) with AarTransform
Transforming firebase-crashlytics-19.0.3.aar (com.google.firebase:firebase-crashlytics:19.0.3) with ExtractAarTransform
Transforming firebase-crashlytics-19.0.3.aar (com.google.firebase:firebase-crashlytics:19.0.3) with AarTransform
Transforming leanback-1.0.0.aar (androidx.leanback:leanback:1.0.0) with ExtractAarTransform
Transforming leanback-1.0.0.aar (androidx.leanback:leanback:1.0.0) with AarTransform
Transforming media3-exoplayer-hls-1.4.1.aar (androidx.media3:media3-exoplayer-hls:1.4.1) with ExtractAarTransform
Transforming media3-exoplayer-hls-1.4.1.aar (androidx.media3:media3-exoplayer-hls:1.4.1) with AarTransform
Transforming media3-exoplayer-rtsp-1.4.1.aar (androidx.media3:media3-exoplayer-rtsp:1.4.1) with ExtractAarTransform
Transforming media3-exoplayer-rtsp-1.4.1.aar (androidx.media3:media3-exoplayer-rtsp:1.4.1) with AarTransform
Transforming media3-exoplayer-dash-1.4.1.aar (androidx.media3:media3-exoplayer-dash:1.4.1) with ExtractAarTransform
Transforming media3-exoplayer-dash-1.4.1.aar (androidx.media3:media3-exoplayer-dash:1.4.1) with AarTransform
Transforming media3-exoplayer-1.4.1.aar (androidx.media3:media3-exoplayer:1.4.1) with ExtractAarTransform
Transforming media3-exoplayer-1.4.1.aar (androidx.media3:media3-exoplayer:1.4.1) with AarTransform
Transforming media3-datasource-rtmp-1.4.1.aar (androidx.media3:media3-datasource-rtmp:1.4.1) with ExtractAarTransform
Transforming media3-datasource-rtmp-1.4.1.aar (androidx.media3:media3-datasource-rtmp:1.4.1) with AarTransform
Transforming media3-extractor-1.4.1.aar (androidx.media3:media3-extractor:1.4.1) with ExtractAarTransform
Transforming media3-extractor-1.4.1.aar (androidx.media3:media3-extractor:1.4.1) with AarTransform
Transforming media3-container-1.4.1.aar (androidx.media3:media3-container:1.4.1) with ExtractAarTransform
Transforming media3-container-1.4.1.aar (androidx.media3:media3-container:1.4.1) with AarTransform
Transforming media3-datasource-1.4.1.aar (androidx.media3:media3-datasource:1.4.1) with ExtractAarTransform
Transforming media3-datasource-1.4.1.aar (androidx.media3:media3-datasource:1.4.1) with AarTransform
Transforming media3-decoder-1.4.1.aar (androidx.media3:media3-decoder:1.4.1) with ExtractAarTransform
Transforming media3-decoder-1.4.1.aar (androidx.media3:media3-decoder:1.4.1) with AarTransform
Transforming media3-database-1.4.1.aar (androidx.media3:media3-database:1.4.1) with ExtractAarTransform
Transforming media3-database-1.4.1.aar (androidx.media3:media3-database:1.4.1) with AarTransform
Transforming media3-common-1.4.1.aar (androidx.media3:media3-common:1.4.1) with ExtractAarTransform
Transforming media3-common-1.4.1.aar (androidx.media3:media3-common:1.4.1) with AarTransform
Transforming media3-ui-1.4.1.aar (androidx.media3:media3-ui:1.4.1) with ExtractAarTransform
Transforming media3-ui-1.4.1.aar (androidx.media3:media3-ui:1.4.1) with AarTransform
Transforming recyclerview-1.3.2.aar (androidx.recyclerview:recyclerview:1.3.2) with ExtractAarTransform
Transforming recyclerview-1.3.2.aar (androidx.recyclerview:recyclerview:1.3.2) with AarTransform
Transforming recyclerview-1.3.2.aar (androidx.recyclerview:recyclerview:1.3.2) with ExtractAarTransform
Transforming recyclerview-1.3.2.aar (androidx.recyclerview:recyclerview:1.3.2) with AarTransform
Transforming constraintlayout-2.1.4.aar (androidx.constraintlayout:constraintlayout:2.1.4) with ExtractAarTransform
Transforming constraintlayout-2.1.4.aar (androidx.constraintlayout:constraintlayout:2.1.4) with AarTransform
Transforming legacy-support-core-ui-1.0.0.aar (androidx.legacy:legacy-support-core-ui:1.0.0) with ExtractAarTransform
Transforming legacy-support-core-ui-1.0.0.aar (androidx.legacy:legacy-support-core-ui:1.0.0) with AarTransform
Transforming glide-4.16.0.aar (com.github.bumptech.glide:glide:4.16.0) with ExtractAarTransform
Transforming glide-4.16.0.aar (com.github.bumptech.glide:glide:4.16.0) with AarTransform
Transforming appcompat-1.2.0.aar (androidx.appcompat:appcompat:1.2.0) with ExtractAarTransform
Transforming appcompat-1.2.0.aar (androidx.appcompat:appcompat:1.2.0) with AarTransform
Transforming firebase-analytics-22.0.2.aar (com.google.firebase:firebase-analytics:22.0.2) with ExtractAarTransform
Transforming firebase-analytics-22.0.2.aar (com.google.firebase:firebase-analytics:22.0.2) with AarTransform
Transforming play-services-measurement-22.0.2.aar (com.google.android.gms:play-services-measurement:22.0.2) with ExtractAarTransform
Transforming play-services-measurement-22.0.2.aar (com.google.android.gms:play-services-measurement:22.0.2) with AarTransform
Transforming play-services-measurement-api-22.0.2.aar (com.google.android.gms:play-services-measurement-api:22.0.2) with ExtractAarTransform
Transforming play-services-measurement-api-22.0.2.aar (com.google.android.gms:play-services-measurement-api:22.0.2) with AarTransform
Transforming play-services-measurement-sdk-22.0.2.aar (com.google.android.gms:play-services-measurement-sdk:22.0.2) with ExtractAarTransform
Transforming play-services-measurement-sdk-22.0.2.aar (com.google.android.gms:play-services-measurement-sdk:22.0.2) with AarTransform
Transforming firebase-measurement-connector-20.0.1.aar (com.google.firebase:firebase-measurement-connector:20.0.1) with ExtractAarTransform
Transforming firebase-measurement-connector-20.0.1.aar (com.google.firebase:firebase-measurement-connector:20.0.1) with AarTransform
Transforming firebase-measurement-connector-20.0.1.aar (com.google.firebase:firebase-measurement-connector:20.0.1) with ExtractAarTransform
Transforming firebase-measurement-connector-20.0.1.aar (com.google.firebase:firebase-measurement-connector:20.0.1) with AarTransform
Transforming firebase-sessions-2.0.3.aar (com.google.firebase:firebase-sessions:2.0.3) with ExtractAarTransform
Transforming firebase-sessions-2.0.3.aar (com.google.firebase:firebase-sessions:2.0.3) with AarTransform
Transforming firebase-installations-18.0.0.aar (com.google.firebase:firebase-installations:18.0.0) with ExtractAarTransform
Transforming firebase-installations-18.0.0.aar (com.google.firebase:firebase-installations:18.0.0) with AarTransform
Transforming firebase-installations-18.0.0.aar (com.google.firebase:firebase-installations:18.0.0) with ExtractAarTransform
Transforming firebase-installations-18.0.0.aar (com.google.firebase:firebase-installations:18.0.0) with AarTransform
Transforming firebase-installations-18.0.0.aar (com.google.firebase:firebase-installations:18.0.0) with ExtractAarTransform
Transforming firebase-installations-18.0.0.aar (com.google.firebase:firebase-installations:18.0.0) with AarTransform
Transforming firebase-common-ktx-21.0.0.aar (com.google.firebase:firebase-common-ktx:21.0.0) with ExtractAarTransform
Transforming firebase-common-ktx-21.0.0.aar (com.google.firebase:firebase-common-ktx:21.0.0) with AarTransform
Transforming firebase-common-ktx-21.0.0.aar (com.google.firebase:firebase-common-ktx:21.0.0) with ExtractAarTransform
Transforming firebase-common-ktx-21.0.0.aar (com.google.firebase:firebase-common-ktx:21.0.0) with AarTransform
Transforming firebase-common-ktx-21.0.0.aar (com.google.firebase:firebase-common-ktx:21.0.0) with ExtractAarTransform
Transforming firebase-common-ktx-21.0.0.aar (com.google.firebase:firebase-common-ktx:21.0.0) with AarTransform
Transforming firebase-common-ktx-21.0.0.aar (com.google.firebase:firebase-common-ktx:21.0.0) with ExtractAarTransform
Transforming firebase-common-ktx-21.0.0.aar (com.google.firebase:firebase-common-ktx:21.0.0) with AarTransform
Transforming firebase-common-21.0.0.aar (com.google.firebase:firebase-common:21.0.0) with ExtractAarTransform
Transforming firebase-common-21.0.0.aar (com.google.firebase:firebase-common:21.0.0) with AarTransform
Transforming firebase-common-21.0.0.aar (com.google.firebase:firebase-common:21.0.0) with ExtractAarTransform
Transforming firebase-common-21.0.0.aar (com.google.firebase:firebase-common:21.0.0) with AarTransform
Transforming firebase-common-21.0.0.aar (com.google.firebase:firebase-common:21.0.0) with ExtractAarTransform
Transforming firebase-common-21.0.0.aar (com.google.firebase:firebase-common:21.0.0) with AarTransform
Transforming firebase-common-21.0.0.aar (com.google.firebase:firebase-common:21.0.0) with ExtractAarTransform
Transforming firebase-common-21.0.0.aar (com.google.firebase:firebase-common:21.0.0) with AarTransform
Transforming firebase-common-21.0.0.aar (com.google.firebase:firebase-common:21.0.0) with ExtractAarTransform
Transforming firebase-common-21.0.0.aar (com.google.firebase:firebase-common:21.0.0) with AarTransform
Transforming play-services-measurement-impl-22.0.2.aar (com.google.android.gms:play-services-measurement-impl:22.0.2) with ExtractAarTransform
Transforming play-services-measurement-impl-22.0.2.aar (com.google.android.gms:play-services-measurement-impl:22.0.2) with AarTransform
Transforming play-services-measurement-impl-22.0.2.aar (com.google.android.gms:play-services-measurement-impl:22.0.2) with ExtractAarTransform
Transforming play-services-measurement-impl-22.0.2.aar (com.google.android.gms:play-services-measurement-impl:22.0.2) with AarTransform
Transforming play-services-ads-identifier-18.0.0.aar (com.google.android.gms:play-services-ads-identifier:18.0.0) with ExtractAarTransform
Transforming play-services-ads-identifier-18.0.0.aar (com.google.android.gms:play-services-ads-identifier:18.0.0) with AarTransform
Transforming play-services-ads-identifier-18.0.0.aar (com.google.android.gms:play-services-ads-identifier:18.0.0) with ExtractAarTransform
Transforming play-services-ads-identifier-18.0.0.aar (com.google.android.gms:play-services-ads-identifier:18.0.0) with AarTransform
Transforming play-services-ads-identifier-18.0.0.aar (com.google.android.gms:play-services-ads-identifier:18.0.0) with ExtractAarTransform
Transforming play-services-ads-identifier-18.0.0.aar (com.google.android.gms:play-services-ads-identifier:18.0.0) with AarTransform
Transforming play-services-measurement-sdk-api-22.0.2.aar (com.google.android.gms:play-services-measurement-sdk-api:22.0.2) with ExtractAarTransform
Transforming play-services-measurement-sdk-api-22.0.2.aar (com.google.android.gms:play-services-measurement-sdk-api:22.0.2) with AarTransform
Transforming play-services-measurement-base-22.0.2.aar (com.google.android.gms:play-services-measurement-base:22.0.2) with ExtractAarTransform
Transforming play-services-measurement-base-22.0.2.aar (com.google.android.gms:play-services-measurement-base:22.0.2) with AarTransform
Transforming play-services-measurement-base-22.0.2.aar (com.google.android.gms:play-services-measurement-base:22.0.2) with ExtractAarTransform
Transforming play-services-measurement-base-22.0.2.aar (com.google.android.gms:play-services-measurement-base:22.0.2) with AarTransform
Transforming play-services-measurement-base-22.0.2.aar (com.google.android.gms:play-services-measurement-base:22.0.2) with ExtractAarTransform
Transforming play-services-measurement-base-22.0.2.aar (com.google.android.gms:play-services-measurement-base:22.0.2) with AarTransform
Transforming play-services-measurement-base-22.0.2.aar (com.google.android.gms:play-services-measurement-base:22.0.2) with ExtractAarTransform
Transforming play-services-measurement-base-22.0.2.aar (com.google.android.gms:play-services-measurement-base:22.0.2) with AarTransform
Transforming play-services-measurement-base-22.0.2.aar (com.google.android.gms:play-services-measurement-base:22.0.2) with ExtractAarTransform
Transforming play-services-measurement-base-22.0.2.aar (com.google.android.gms:play-services-measurement-base:22.0.2) with AarTransform
Transforming play-services-stats-17.0.2.aar (com.google.android.gms:play-services-stats:17.0.2) with ExtractAarTransform
Transforming play-services-stats-17.0.2.aar (com.google.android.gms:play-services-stats:17.0.2) with AarTransform
Transforming play-services-stats-17.0.2.aar (com.google.android.gms:play-services-stats:17.0.2) with ExtractAarTransform
Transforming play-services-stats-17.0.2.aar (com.google.android.gms:play-services-stats:17.0.2) with AarTransform
Transforming firebase-installations-interop-17.2.0.aar (com.google.firebase:firebase-installations-interop:17.2.0) with ExtractAarTransform
Transforming firebase-installations-interop-17.2.0.aar (com.google.firebase:firebase-installations-interop:17.2.0) with AarTransform
Transforming firebase-installations-interop-17.2.0.aar (com.google.firebase:firebase-installations-interop:17.2.0) with ExtractAarTransform
Transforming firebase-installations-interop-17.2.0.aar (com.google.firebase:firebase-installations-interop:17.2.0) with AarTransform
Transforming firebase-installations-interop-17.2.0.aar (com.google.firebase:firebase-installations-interop:17.2.0) with ExtractAarTransform
Transforming firebase-installations-interop-17.2.0.aar (com.google.firebase:firebase-installations-interop:17.2.0) with AarTransform
Transforming firebase-installations-interop-17.2.0.aar (com.google.firebase:firebase-installations-interop:17.2.0) with ExtractAarTransform
Transforming firebase-installations-interop-17.2.0.aar (com.google.firebase:firebase-installations-interop:17.2.0) with AarTransform
Transforming ads-adservices-java-1.0.0-beta05.aar (androidx.privacysandbox.ads:ads-adservices-java:1.0.0-beta05) with ExtractAarTransform
Transforming ads-adservices-java-1.0.0-beta05.aar (androidx.privacysandbox.ads:ads-adservices-java:1.0.0-beta05) with AarTransform
Transforming ads-adservices-1.0.0-beta05.aar (androidx.privacysandbox.ads:ads-adservices:1.0.0-beta05) with ExtractAarTransform
Transforming ads-adservices-1.0.0-beta05.aar (androidx.privacysandbox.ads:ads-adservices:1.0.0-beta05) with AarTransform
Transforming ads-adservices-1.0.0-beta05.aar (androidx.privacysandbox.ads:ads-adservices:1.0.0-beta05) with ExtractAarTransform
Transforming ads-adservices-1.0.0-beta05.aar (androidx.privacysandbox.ads:ads-adservices:1.0.0-beta05) with AarTransform
Transforming datastore-preferences-1.0.0.aar (androidx.datastore:datastore-preferences:1.0.0) with ExtractAarTransform
Transforming datastore-preferences-1.0.0.aar (androidx.datastore:datastore-preferences:1.0.0) with AarTransform
Transforming datastore-1.0.0.aar (androidx.datastore:datastore:1.0.0) with ExtractAarTransform
Transforming datastore-1.0.0.aar (androidx.datastore:datastore:1.0.0) with AarTransform
Transforming play-services-tasks-18.2.0.aar (com.google.android.gms:play-services-tasks:18.2.0) with ExtractAarTransform
Transforming play-services-tasks-18.2.0.aar (com.google.android.gms:play-services-tasks:18.2.0) with AarTransform
Transforming play-services-tasks-18.2.0.aar (com.google.android.gms:play-services-tasks:18.2.0) with ExtractAarTransform
Transforming play-services-tasks-18.2.0.aar (com.google.android.gms:play-services-tasks:18.2.0) with AarTransform
Transforming play-services-tasks-18.2.0.aar (com.google.android.gms:play-services-tasks:18.2.0) with ExtractAarTransform
Transforming play-services-tasks-18.2.0.aar (com.google.android.gms:play-services-tasks:18.2.0) with AarTransform
Transforming play-services-tasks-18.2.0.aar (com.google.android.gms:play-services-tasks:18.2.0) with ExtractAarTransform
Transforming play-services-tasks-18.2.0.aar (com.google.android.gms:play-services-tasks:18.2.0) with AarTransform
Transforming play-services-tasks-18.2.0.aar (com.google.android.gms:play-services-tasks:18.2.0) with ExtractAarTransform
Transforming play-services-tasks-18.2.0.aar (com.google.android.gms:play-services-tasks:18.2.0) with AarTransform
Transforming play-services-tasks-18.2.0.aar (com.google.android.gms:play-services-tasks:18.2.0) with ExtractAarTransform
Transforming play-services-tasks-18.2.0.aar (com.google.android.gms:play-services-tasks:18.2.0) with AarTransform
Transforming play-services-basement-18.4.0.aar (com.google.android.gms:play-services-basement:18.4.0) with ExtractAarTransform
Transforming play-services-basement-18.4.0.aar (com.google.android.gms:play-services-basement:18.4.0) with AarTransform
Transforming play-services-basement-18.4.0.aar (com.google.android.gms:play-services-basement:18.4.0) with ExtractAarTransform
Transforming play-services-basement-18.4.0.aar (com.google.android.gms:play-services-basement:18.4.0) with AarTransform
Transforming play-services-basement-18.4.0.aar (com.google.android.gms:play-services-basement:18.4.0) with ExtractAarTransform
Transforming play-services-basement-18.4.0.aar (com.google.android.gms:play-services-basement:18.4.0) with AarTransform
Transforming play-services-basement-18.4.0.aar (com.google.android.gms:play-services-basement:18.4.0) with ExtractAarTransform
Transforming play-services-basement-18.4.0.aar (com.google.android.gms:play-services-basement:18.4.0) with AarTransform
Transforming play-services-basement-18.4.0.aar (com.google.android.gms:play-services-basement:18.4.0) with ExtractAarTransform
Transforming play-services-basement-18.4.0.aar (com.google.android.gms:play-services-basement:18.4.0) with AarTransform
Transforming play-services-basement-18.4.0.aar (com.google.android.gms:play-services-basement:18.4.0) with ExtractAarTransform
Transforming play-services-basement-18.4.0.aar (com.google.android.gms:play-services-basement:18.4.0) with AarTransform
Transforming play-services-basement-18.4.0.aar (com.google.android.gms:play-services-basement:18.4.0) with ExtractAarTransform
Transforming play-services-basement-18.4.0.aar (com.google.android.gms:play-services-basement:18.4.0) with AarTransform
Transforming play-services-basement-18.4.0.aar (com.google.android.gms:play-services-basement:18.4.0) with ExtractAarTransform
Transforming play-services-basement-18.4.0.aar (com.google.android.gms:play-services-basement:18.4.0) with AarTransform
Transforming play-services-basement-18.4.0.aar (com.google.android.gms:play-services-basement:18.4.0) with ExtractAarTransform
Transforming play-services-basement-18.4.0.aar (com.google.android.gms:play-services-basement:18.4.0) with AarTransform
Transforming play-services-basement-18.4.0.aar (com.google.android.gms:play-services-basement:18.4.0) with ExtractAarTransform
Transforming play-services-basement-18.4.0.aar (com.google.android.gms:play-services-basement:18.4.0) with AarTransform
Transforming play-services-basement-18.4.0.aar (com.google.android.gms:play-services-basement:18.4.0) with ExtractAarTransform
Transforming play-services-basement-18.4.0.aar (com.google.android.gms:play-services-basement:18.4.0) with AarTransform
Transforming fragment-1.3.6.aar (androidx.fragment:fragment:1.3.6) with ExtractAarTransform
Transforming fragment-1.3.6.aar (androidx.fragment:fragment:1.3.6) with AarTransform
Transforming fragment-1.3.6.aar (androidx.fragment:fragment:1.3.6) with ExtractAarTransform
Transforming fragment-1.3.6.aar (androidx.fragment:fragment:1.3.6) with AarTransform
Transforming fragment-1.3.6.aar (androidx.fragment:fragment:1.3.6) with ExtractAarTransform
Transforming fragment-1.3.6.aar (androidx.fragment:fragment:1.3.6) with AarTransform
Transforming viewpager-1.0.0.aar (androidx.viewpager:viewpager:1.0.0) with ExtractAarTransform
Transforming viewpager-1.0.0.aar (androidx.viewpager:viewpager:1.0.0) with AarTransform
Transforming viewpager-1.0.0.aar (androidx.viewpager:viewpager:1.0.0) with ExtractAarTransform
Transforming viewpager-1.0.0.aar (androidx.viewpager:viewpager:1.0.0) with AarTransform
Transforming drawerlayout-1.0.0.aar (androidx.drawerlayout:drawerlayout:1.0.0) with ExtractAarTransform
Transforming drawerlayout-1.0.0.aar (androidx.drawerlayout:drawerlayout:1.0.0) with AarTransform
Transforming drawerlayout-1.0.0.aar (androidx.drawerlayout:drawerlayout:1.0.0) with ExtractAarTransform
Transforming drawerlayout-1.0.0.aar (androidx.drawerlayout:drawerlayout:1.0.0) with AarTransform
Transforming coordinatorlayout-1.0.0.aar (androidx.coordinatorlayout:coordinatorlayout:1.0.0) with ExtractAarTransform
Transforming coordinatorlayout-1.0.0.aar (androidx.coordinatorlayout:coordinatorlayout:1.0.0) with AarTransform
Transforming slidingpanelayout-1.0.0.aar (androidx.slidingpanelayout:slidingpanelayout:1.0.0) with ExtractAarTransform
Transforming slidingpanelayout-1.0.0.aar (androidx.slidingpanelayout:slidingpanelayout:1.0.0) with AarTransform
Transforming customview-1.0.0.aar (androidx.customview:customview:1.0.0) with ExtractAarTransform
Transforming customview-1.0.0.aar (androidx.customview:customview:1.0.0) with AarTransform
Transforming customview-1.0.0.aar (androidx.customview:customview:1.0.0) with ExtractAarTransform
Transforming customview-1.0.0.aar (androidx.customview:customview:1.0.0) with AarTransform
Transforming customview-1.0.0.aar (androidx.customview:customview:1.0.0) with ExtractAarTransform
Transforming customview-1.0.0.aar (androidx.customview:customview:1.0.0) with AarTransform
Transforming customview-1.0.0.aar (androidx.customview:customview:1.0.0) with ExtractAarTransform
Transforming customview-1.0.0.aar (androidx.customview:customview:1.0.0) with AarTransform
Transforming customview-1.0.0.aar (androidx.customview:customview:1.0.0) with ExtractAarTransform
Transforming customview-1.0.0.aar (androidx.customview:customview:1.0.0) with AarTransform
Transforming customview-1.0.0.aar (androidx.customview:customview:1.0.0) with ExtractAarTransform
Transforming customview-1.0.0.aar (androidx.customview:customview:1.0.0) with AarTransform
Transforming media-1.7.0.aar (androidx.media:media:1.7.0) with ExtractAarTransform
Transforming media-1.7.0.aar (androidx.media:media:1.7.0) with AarTransform
Transforming media-1.7.0.aar (androidx.media:media:1.7.0) with ExtractAarTransform
Transforming media-1.7.0.aar (androidx.media:media:1.7.0) with AarTransform
Transforming legacy-support-core-utils-1.0.0.aar (androidx.legacy:legacy-support-core-utils:1.0.0) with ExtractAarTransform
Transforming legacy-support-core-utils-1.0.0.aar (androidx.legacy:legacy-support-core-utils:1.0.0) with AarTransform
Transforming legacy-support-core-utils-1.0.0.aar (androidx.legacy:legacy-support-core-utils:1.0.0) with ExtractAarTransform
Transforming legacy-support-core-utils-1.0.0.aar (androidx.legacy:legacy-support-core-utils:1.0.0) with AarTransform
Transforming legacy-support-core-utils-1.0.0.aar (androidx.legacy:legacy-support-core-utils:1.0.0) with ExtractAarTransform
Transforming legacy-support-core-utils-1.0.0.aar (androidx.legacy:legacy-support-core-utils:1.0.0) with AarTransform
Transforming loader-1.0.0.aar (androidx.loader:loader:1.0.0) with ExtractAarTransform
Transforming loader-1.0.0.aar (androidx.loader:loader:1.0.0) with AarTransform
Transforming loader-1.0.0.aar (androidx.loader:loader:1.0.0) with ExtractAarTransform
Transforming loader-1.0.0.aar (androidx.loader:loader:1.0.0) with AarTransform
Transforming activity-1.2.4.aar (androidx.activity:activity:1.2.4) with ExtractAarTransform
Transforming activity-1.2.4.aar (androidx.activity:activity:1.2.4) with AarTransform
Transforming appcompat-resources-1.2.0.aar (androidx.appcompat:appcompat-resources:1.2.0) with ExtractAarTransform
Transforming appcompat-resources-1.2.0.aar (androidx.appcompat:appcompat-resources:1.2.0) with AarTransform
Transforming vectordrawable-animated-1.1.0.aar (androidx.vectordrawable:vectordrawable-animated:1.1.0) with ExtractAarTransform
Transforming vectordrawable-animated-1.1.0.aar (androidx.vectordrawable:vectordrawable-animated:1.1.0) with AarTransform
Transforming vectordrawable-1.1.0.aar (androidx.vectordrawable:vectordrawable:1.1.0) with ExtractAarTransform
Transforming vectordrawable-1.1.0.aar (androidx.vectordrawable:vectordrawable:1.1.0) with AarTransform
Transforming vectordrawable-1.1.0.aar (androidx.vectordrawable:vectordrawable:1.1.0) with ExtractAarTransform
Transforming vectordrawable-1.1.0.aar (androidx.vectordrawable:vectordrawable:1.1.0) with AarTransform
Transforming swiperefreshlayout-1.0.0.aar (androidx.swiperefreshlayout:swiperefreshlayout:1.0.0) with ExtractAarTransform
Transforming swiperefreshlayout-1.0.0.aar (androidx.swiperefreshlayout:swiperefreshlayout:1.0.0) with AarTransform
Transforming asynclayoutinflater-1.0.0.aar (androidx.asynclayoutinflater:asynclayoutinflater:1.0.0) with ExtractAarTransform
Transforming asynclayoutinflater-1.0.0.aar (androidx.asynclayoutinflater:asynclayoutinflater:1.0.0) with AarTransform
Transforming core-1.12.0.aar (androidx.core:core:1.12.0) with ExtractAarTransform
Transforming core-1.12.0.aar (androidx.core:core:1.12.0) with AarTransform
Transforming core-1.12.0.aar (androidx.core:core:1.12.0) with ExtractAarTransform
Transforming core-1.12.0.aar (androidx.core:core:1.12.0) with AarTransform
Transforming core-1.12.0.aar (androidx.core:core:1.12.0) with ExtractAarTransform
Transforming core-1.12.0.aar (androidx.core:core:1.12.0) with AarTransform
Transforming core-1.12.0.aar (androidx.core:core:1.12.0) with ExtractAarTransform
Transforming core-1.12.0.aar (androidx.core:core:1.12.0) with AarTransform
Transforming core-1.12.0.aar (androidx.core:core:1.12.0) with ExtractAarTransform
Transforming core-1.12.0.aar (androidx.core:core:1.12.0) with AarTransform
Transforming core-1.12.0.aar (androidx.core:core:1.12.0) with ExtractAarTransform
Transforming core-1.12.0.aar (androidx.core:core:1.12.0) with AarTransform
Transforming core-1.12.0.aar (androidx.core:core:1.12.0) with ExtractAarTransform
Transforming core-1.12.0.aar (androidx.core:core:1.12.0) with AarTransform
Transforming core-1.12.0.aar (androidx.core:core:1.12.0) with ExtractAarTransform
Transforming core-1.12.0.aar (androidx.core:core:1.12.0) with AarTransform
Transforming core-1.12.0.aar (androidx.core:core:1.12.0) with ExtractAarTransform
Transforming core-1.12.0.aar (androidx.core:core:1.12.0) with AarTransform
Transforming core-1.12.0.aar (androidx.core:core:1.12.0) with ExtractAarTransform
Transforming core-1.12.0.aar (androidx.core:core:1.12.0) with AarTransform
Transforming core-1.12.0.aar (androidx.core:core:1.12.0) with ExtractAarTransform
Transforming core-1.12.0.aar (androidx.core:core:1.12.0) with AarTransform
Transforming core-1.12.0.aar (androidx.core:core:1.12.0) with ExtractAarTransform
Transforming core-1.12.0.aar (androidx.core:core:1.12.0) with AarTransform
Transforming core-1.12.0.aar (androidx.core:core:1.12.0) with ExtractAarTransform
Transforming core-1.12.0.aar (androidx.core:core:1.12.0) with AarTransform
Transforming core-1.12.0.aar (androidx.core:core:1.12.0) with ExtractAarTransform
Transforming core-1.12.0.aar (androidx.core:core:1.12.0) with AarTransform
Transforming core-1.12.0.aar (androidx.core:core:1.12.0) with ExtractAarTransform
Transforming core-1.12.0.aar (androidx.core:core:1.12.0) with AarTransform
Transforming customview-poolingcontainer-1.0.0.aar (androidx.customview:customview-poolingcontainer:1.0.0) with ExtractAarTransform
Transforming customview-poolingcontainer-1.0.0.aar (androidx.customview:customview-poolingcontainer:1.0.0) with AarTransform
Transforming core-ktx-1.12.0.aar (androidx.core:core-ktx:1.12.0) with ExtractAarTransform
Transforming core-ktx-1.12.0.aar (androidx.core:core-ktx:1.12.0) with AarTransform
Transforming annotation-experimental-1.3.1.aar (androidx.annotation:annotation-experimental:1.3.1) with ExtractAarTransform
Transforming annotation-experimental-1.3.1.aar (androidx.annotation:annotation-experimental:1.3.1) with AarTransform
Transforming cardview-1.0.0.aar (androidx.cardview:cardview:1.0.0) with ExtractAarTransform
Transforming cardview-1.0.0.aar (androidx.cardview:cardview:1.0.0) with AarTransform
Transforming gifdecoder-4.16.0.aar (com.github.bumptech.glide:gifdecoder:4.16.0) with ExtractAarTransform
Transforming gifdecoder-4.16.0.aar (com.github.bumptech.glide:gifdecoder:4.16.0) with AarTransform
Transforming exifinterface-1.3.6.aar (androidx.exifinterface:exifinterface:1.3.6) with ExtractAarTransform
Transforming exifinterface-1.3.6.aar (androidx.exifinterface:exifinterface:1.3.6) with AarTransform
Transforming tracing-1.0.0.aar (androidx.tracing:tracing:1.0.0) with ExtractAarTransform
Transforming tracing-1.0.0.aar (androidx.tracing:tracing:1.0.0) with AarTransform
Transforming versionedparcelable-1.1.1.aar (androidx.versionedparcelable:versionedparcelable:1.1.1) with ExtractAarTransform
Transforming versionedparcelable-1.1.1.aar (androidx.versionedparcelable:versionedparcelable:1.1.1) with AarTransform
Transforming firebase-components-18.0.0.aar (com.google.firebase:firebase-components:18.0.0) with ExtractAarTransform
Transforming firebase-components-18.0.0.aar (com.google.firebase:firebase-components:18.0.0) with AarTransform
Transforming firebase-components-18.0.0.aar (com.google.firebase:firebase-components:18.0.0) with ExtractAarTransform
Transforming firebase-components-18.0.0.aar (com.google.firebase:firebase-components:18.0.0) with AarTransform
Transforming firebase-components-18.0.0.aar (com.google.firebase:firebase-components:18.0.0) with ExtractAarTransform
Transforming firebase-components-18.0.0.aar (com.google.firebase:firebase-components:18.0.0) with AarTransform
Transforming firebase-components-18.0.0.aar (com.google.firebase:firebase-components:18.0.0) with ExtractAarTransform
Transforming firebase-components-18.0.0.aar (com.google.firebase:firebase-components:18.0.0) with AarTransform
Transforming firebase-components-18.0.0.aar (com.google.firebase:firebase-components:18.0.0) with ExtractAarTransform
Transforming firebase-components-18.0.0.aar (com.google.firebase:firebase-components:18.0.0) with AarTransform
Transforming firebase-components-18.0.0.aar (com.google.firebase:firebase-components:18.0.0) with ExtractAarTransform
Transforming firebase-components-18.0.0.aar (com.google.firebase:firebase-components:18.0.0) with AarTransform
Transforming firebase-config-interop-16.0.1.aar (com.google.firebase:firebase-config-interop:16.0.1) with ExtractAarTransform
Transforming firebase-config-interop-16.0.1.aar (com.google.firebase:firebase-config-interop:16.0.1) with AarTransform
Transforming firebase-datatransport-19.0.0.aar (com.google.firebase:firebase-datatransport:19.0.0) with ExtractAarTransform
Transforming firebase-datatransport-19.0.0.aar (com.google.firebase:firebase-datatransport:19.0.0) with AarTransform
Transforming transport-backend-cct-3.3.0.aar (com.google.android.datatransport:transport-backend-cct:3.3.0) with ExtractAarTransform
Transforming transport-backend-cct-3.3.0.aar (com.google.android.datatransport:transport-backend-cct:3.3.0) with AarTransform
Transforming transport-backend-cct-3.3.0.aar (com.google.android.datatransport:transport-backend-cct:3.3.0) with ExtractAarTransform
Transforming transport-backend-cct-3.3.0.aar (com.google.android.datatransport:transport-backend-cct:3.3.0) with AarTransform
Transforming firebase-encoders-json-18.0.1.aar (com.google.firebase:firebase-encoders-json:18.0.1) with ExtractAarTransform
Transforming firebase-encoders-json-18.0.1.aar (com.google.firebase:firebase-encoders-json:18.0.1) with AarTransform
Transforming firebase-encoders-json-18.0.1.aar (com.google.firebase:firebase-encoders-json:18.0.1) with ExtractAarTransform
Transforming firebase-encoders-json-18.0.1.aar (com.google.firebase:firebase-encoders-json:18.0.1) with AarTransform
Transforming firebase-encoders-json-18.0.1.aar (com.google.firebase:firebase-encoders-json:18.0.1) with ExtractAarTransform
Transforming firebase-encoders-json-18.0.1.aar (com.google.firebase:firebase-encoders-json:18.0.1) with AarTransform
Transforming firebase-encoders-json-18.0.1.aar (com.google.firebase:firebase-encoders-json:18.0.1) with ExtractAarTransform
Transforming firebase-encoders-json-18.0.1.aar (com.google.firebase:firebase-encoders-json:18.0.1) with AarTransform
Transforming transport-runtime-3.3.0.aar (com.google.android.datatransport:transport-runtime:3.3.0) with ExtractAarTransform
Transforming transport-runtime-3.3.0.aar (com.google.android.datatransport:transport-runtime:3.3.0) with AarTransform
Transforming transport-runtime-3.3.0.aar (com.google.android.datatransport:transport-runtime:3.3.0) with ExtractAarTransform
Transforming transport-runtime-3.3.0.aar (com.google.android.datatransport:transport-runtime:3.3.0) with AarTransform
Transforming transport-runtime-3.3.0.aar (com.google.android.datatransport:transport-runtime:3.3.0) with ExtractAarTransform
Transforming transport-runtime-3.3.0.aar (com.google.android.datatransport:transport-runtime:3.3.0) with AarTransform
Transforming transport-api-3.2.0.aar (com.google.android.datatransport:transport-api:3.2.0) with ExtractAarTransform
Transforming transport-api-3.2.0.aar (com.google.android.datatransport:transport-api:3.2.0) with AarTransform
Transforming transport-api-3.2.0.aar (com.google.android.datatransport:transport-api:3.2.0) with ExtractAarTransform
Transforming transport-api-3.2.0.aar (com.google.android.datatransport:transport-api:3.2.0) with AarTransform
Transforming transport-api-3.2.0.aar (com.google.android.datatransport:transport-api:3.2.0) with ExtractAarTransform
Transforming transport-api-3.2.0.aar (com.google.android.datatransport:transport-api:3.2.0) with AarTransform
Transforming transport-api-3.2.0.aar (com.google.android.datatransport:transport-api:3.2.0) with ExtractAarTransform
Transforming transport-api-3.2.0.aar (com.google.android.datatransport:transport-api:3.2.0) with AarTransform
Transforming transport-api-3.2.0.aar (com.google.android.datatransport:transport-api:3.2.0) with ExtractAarTransform
Transforming transport-api-3.2.0.aar (com.google.android.datatransport:transport-api:3.2.0) with AarTransform
Transforming interpolator-1.0.0.aar (androidx.interpolator:interpolator:1.0.0) with ExtractAarTransform
Transforming interpolator-1.0.0.aar (androidx.interpolator:interpolator:1.0.0) with AarTransform
Transforming interpolator-1.0.0.aar (androidx.interpolator:interpolator:1.0.0) with ExtractAarTransform
Transforming interpolator-1.0.0.aar (androidx.interpolator:interpolator:1.0.0) with AarTransform
Transforming interpolator-1.0.0.aar (androidx.interpolator:interpolator:1.0.0) with ExtractAarTransform
Transforming interpolator-1.0.0.aar (androidx.interpolator:interpolator:1.0.0) with AarTransform
Transforming interpolator-1.0.0.aar (androidx.interpolator:interpolator:1.0.0) with ExtractAarTransform
Transforming interpolator-1.0.0.aar (androidx.interpolator:interpolator:1.0.0) with AarTransform
Transforming lifecycle-runtime-2.3.1.aar (androidx.lifecycle:lifecycle-runtime:2.3.1) with ExtractAarTransform
Transforming lifecycle-runtime-2.3.1.aar (androidx.lifecycle:lifecycle-runtime:2.3.1) with AarTransform
Transforming lifecycle-viewmodel-savedstate-2.3.1.aar (androidx.lifecycle:lifecycle-viewmodel-savedstate:2.3.1) with ExtractAarTransform
Transforming lifecycle-viewmodel-savedstate-2.3.1.aar (androidx.lifecycle:lifecycle-viewmodel-savedstate:2.3.1) with AarTransform
Transforming lifecycle-viewmodel-2.3.1.aar (androidx.lifecycle:lifecycle-viewmodel:2.3.1) with ExtractAarTransform
Transforming lifecycle-viewmodel-2.3.1.aar (androidx.lifecycle:lifecycle-viewmodel:2.3.1) with AarTransform
Transforming lifecycle-viewmodel-2.3.1.aar (androidx.lifecycle:lifecycle-viewmodel:2.3.1) with ExtractAarTransform
Transforming lifecycle-viewmodel-2.3.1.aar (androidx.lifecycle:lifecycle-viewmodel:2.3.1) with AarTransform
Transforming savedstate-1.1.0.aar (androidx.savedstate:savedstate:1.1.0) with ExtractAarTransform
Transforming savedstate-1.1.0.aar (androidx.savedstate:savedstate:1.1.0) with AarTransform
Transforming cursoradapter-1.0.0.aar (androidx.cursoradapter:cursoradapter:1.0.0) with ExtractAarTransform
Transforming cursoradapter-1.0.0.aar (androidx.cursoradapter:cursoradapter:1.0.0) with AarTransform
Transforming cursoradapter-1.0.0.aar (androidx.cursoradapter:cursoradapter:1.0.0) with ExtractAarTransform
Transforming cursoradapter-1.0.0.aar (androidx.cursoradapter:cursoradapter:1.0.0) with AarTransform
Transforming lifecycle-livedata-2.0.0.aar (androidx.lifecycle:lifecycle-livedata:2.0.0) with ExtractAarTransform
Transforming lifecycle-livedata-2.0.0.aar (androidx.lifecycle:lifecycle-livedata:2.0.0) with AarTransform
Transforming lifecycle-livedata-core-2.3.1.aar (androidx.lifecycle:lifecycle-livedata-core:2.3.1) with ExtractAarTransform
Transforming lifecycle-livedata-core-2.3.1.aar (androidx.lifecycle:lifecycle-livedata-core:2.3.1) with AarTransform
Transforming lifecycle-livedata-core-2.3.1.aar (androidx.lifecycle:lifecycle-livedata-core:2.3.1) with ExtractAarTransform
Transforming lifecycle-livedata-core-2.3.1.aar (androidx.lifecycle:lifecycle-livedata-core:2.3.1) with AarTransform
Transforming core-runtime-2.1.0.aar (androidx.arch.core:core-runtime:2.1.0) with ExtractAarTransform
Transforming core-runtime-2.1.0.aar (androidx.arch.core:core-runtime:2.1.0) with AarTransform
Transforming core-runtime-2.1.0.aar (androidx.arch.core:core-runtime:2.1.0) with ExtractAarTransform
Transforming core-runtime-2.1.0.aar (androidx.arch.core:core-runtime:2.1.0) with AarTransform
Transforming documentfile-1.0.0.aar (androidx.documentfile:documentfile:1.0.0) with ExtractAarTransform
Transforming documentfile-1.0.0.aar (androidx.documentfile:documentfile:1.0.0) with AarTransform
Transforming localbroadcastmanager-1.0.0.aar (androidx.localbroadcastmanager:localbroadcastmanager:1.0.0) with ExtractAarTransform
Transforming localbroadcastmanager-1.0.0.aar (androidx.localbroadcastmanager:localbroadcastmanager:1.0.0) with AarTransform
Transforming print-1.0.0.aar (androidx.print:print:1.0.0) with ExtractAarTransform
Transforming print-1.0.0.aar (androidx.print:print:1.0.0) with AarTransform
Transforming multidex-2.0.1.aar (androidx.multidex:multidex:2.0.1) with ExtractAarTransform
Transforming multidex-2.0.1.aar (androidx.multidex:multidex:2.0.1) with AarTransform
Transforming rtmp-client-3.2.0.aar (io.antmedia:rtmp-client:3.2.0) with ExtractAarTransform
Transforming rtmp-client-3.2.0.aar (io.antmedia:rtmp-client:3.2.0) with AarTransform
Caching disabled for task ':app:processDebugMainManifest' because:
  Build cache is disabled
Skipping task ':app:processDebugMainManifest' as it is up-to-date.
Resolve mutations for :app:processDebugManifest (Thread[Execution worker Thread 7,5,main]) started.
:app:processDebugManifest (Thread[Execution worker Thread 7,5,main]) started.

> Task :app:processDebugManifest UP-TO-DATE
Caching disabled for task ':app:processDebugManifest' because:
  Build cache is disabled
Skipping task ':app:processDebugManifest' as it is up-to-date.
Resolve mutations for :app:processDebugManifestForPackage (Thread[Execution worker Thread 7,5,main]) started.
:app:processDebugManifestForPackage (Thread[Execution worker Thread 7,5,main]) started.

> Task :app:processDebugManifestForPackage UP-TO-DATE
Caching disabled for task ':app:processDebugManifestForPackage' because:
  Build cache is disabled
Skipping task ':app:processDebugManifestForPackage' as it is up-to-date.
Resolve mutations for :app:processDebugResources (Thread[Execution worker Thread 7,5,main]) started.
:app:processDebugResources (Thread[Execution worker Thread 7,5,main]) started.

> Task :app:processDebugResources UP-TO-DATE
Transforming aapt2-8.3.1-10880808-windows.jar (com.android.tools.build:aapt2:8.3.1-10880808) with Aapt2Extractor
Transforming viewbinding-8.3.1.aar (androidx.databinding:viewbinding:8.3.1) with ExtractAarTransform
Transforming viewbinding-8.3.1.aar (androidx.databinding:viewbinding:8.3.1) with AarResourcesCompilerTransform
Transforming firebase-crashlytics-19.0.3.aar (com.google.firebase:firebase-crashlytics:19.0.3) with ExtractAarTransform
Transforming firebase-crashlytics-19.0.3.aar (com.google.firebase:firebase-crashlytics:19.0.3) with AarResourcesCompilerTransform
Transforming leanback-1.0.0.aar (androidx.leanback:leanback:1.0.0) with ExtractAarTransform
Transforming leanback-1.0.0.aar (androidx.leanback:leanback:1.0.0) with AarResourcesCompilerTransform
Transforming media3-exoplayer-hls-1.4.1.aar (androidx.media3:media3-exoplayer-hls:1.4.1) with ExtractAarTransform
Transforming media3-exoplayer-hls-1.4.1.aar (androidx.media3:media3-exoplayer-hls:1.4.1) with AarResourcesCompilerTransform
Transforming media3-exoplayer-rtsp-1.4.1.aar (androidx.media3:media3-exoplayer-rtsp:1.4.1) with ExtractAarTransform
Transforming media3-exoplayer-rtsp-1.4.1.aar (androidx.media3:media3-exoplayer-rtsp:1.4.1) with AarResourcesCompilerTransform
Transforming media3-exoplayer-dash-1.4.1.aar (androidx.media3:media3-exoplayer-dash:1.4.1) with ExtractAarTransform
Transforming media3-exoplayer-dash-1.4.1.aar (androidx.media3:media3-exoplayer-dash:1.4.1) with AarResourcesCompilerTransform
Transforming media3-exoplayer-1.4.1.aar (androidx.media3:media3-exoplayer:1.4.1) with ExtractAarTransform
Transforming media3-exoplayer-1.4.1.aar (androidx.media3:media3-exoplayer:1.4.1) with AarResourcesCompilerTransform
Transforming media3-datasource-rtmp-1.4.1.aar (androidx.media3:media3-datasource-rtmp:1.4.1) with ExtractAarTransform
Transforming media3-datasource-rtmp-1.4.1.aar (androidx.media3:media3-datasource-rtmp:1.4.1) with AarResourcesCompilerTransform
Transforming media3-extractor-1.4.1.aar (androidx.media3:media3-extractor:1.4.1) with ExtractAarTransform
Transforming media3-extractor-1.4.1.aar (androidx.media3:media3-extractor:1.4.1) with AarResourcesCompilerTransform
Transforming media3-container-1.4.1.aar (androidx.media3:media3-container:1.4.1) with ExtractAarTransform
Transforming media3-container-1.4.1.aar (androidx.media3:media3-container:1.4.1) with AarResourcesCompilerTransform
Transforming media3-datasource-1.4.1.aar (androidx.media3:media3-datasource:1.4.1) with ExtractAarTransform
Transforming media3-datasource-1.4.1.aar (androidx.media3:media3-datasource:1.4.1) with AarResourcesCompilerTransform
Transforming media3-decoder-1.4.1.aar (androidx.media3:media3-decoder:1.4.1) with ExtractAarTransform
Transforming media3-decoder-1.4.1.aar (androidx.media3:media3-decoder:1.4.1) with AarResourcesCompilerTransform
Transforming media3-database-1.4.1.aar (androidx.media3:media3-database:1.4.1) with ExtractAarTransform
Transforming media3-database-1.4.1.aar (androidx.media3:media3-database:1.4.1) with AarResourcesCompilerTransform
Transforming media3-common-1.4.1.aar (androidx.media3:media3-common:1.4.1) with ExtractAarTransform
Transforming media3-common-1.4.1.aar (androidx.media3:media3-common:1.4.1) with AarResourcesCompilerTransform
Transforming media3-ui-1.4.1.aar (androidx.media3:media3-ui:1.4.1) with ExtractAarTransform
Transforming media3-ui-1.4.1.aar (androidx.media3:media3-ui:1.4.1) with AarResourcesCompilerTransform
Transforming recyclerview-1.3.2.aar (androidx.recyclerview:recyclerview:1.3.2) with ExtractAarTransform
Transforming recyclerview-1.3.2.aar (androidx.recyclerview:recyclerview:1.3.2) with AarResourcesCompilerTransform
Transforming recyclerview-1.3.2.aar (androidx.recyclerview:recyclerview:1.3.2) with ExtractAarTransform
Transforming recyclerview-1.3.2.aar (androidx.recyclerview:recyclerview:1.3.2) with AarResourcesCompilerTransform
Transforming constraintlayout-2.1.4.aar (androidx.constraintlayout:constraintlayout:2.1.4) with ExtractAarTransform
Transforming constraintlayout-2.1.4.aar (androidx.constraintlayout:constraintlayout:2.1.4) with AarResourcesCompilerTransform
Transforming legacy-support-core-ui-1.0.0.aar (androidx.legacy:legacy-support-core-ui:1.0.0) with ExtractAarTransform
Transforming legacy-support-core-ui-1.0.0.aar (androidx.legacy:legacy-support-core-ui:1.0.0) with AarResourcesCompilerTransform
Transforming glide-4.16.0.aar (com.github.bumptech.glide:glide:4.16.0) with ExtractAarTransform
Transforming glide-4.16.0.aar (com.github.bumptech.glide:glide:4.16.0) with AarResourcesCompilerTransform
Transforming appcompat-1.2.0.aar (androidx.appcompat:appcompat:1.2.0) with ExtractAarTransform
Transforming appcompat-1.2.0.aar (androidx.appcompat:appcompat:1.2.0) with AarResourcesCompilerTransform
Transforming firebase-analytics-22.0.2.aar (com.google.firebase:firebase-analytics:22.0.2) with ExtractAarTransform
Transforming firebase-analytics-22.0.2.aar (com.google.firebase:firebase-analytics:22.0.2) with AarResourcesCompilerTransform
Transforming play-services-measurement-22.0.2.aar (com.google.android.gms:play-services-measurement:22.0.2) with ExtractAarTransform
Transforming play-services-measurement-22.0.2.aar (com.google.android.gms:play-services-measurement:22.0.2) with AarResourcesCompilerTransform
Transforming play-services-measurement-api-22.0.2.aar (com.google.android.gms:play-services-measurement-api:22.0.2) with ExtractAarTransform
Transforming play-services-measurement-api-22.0.2.aar (com.google.android.gms:play-services-measurement-api:22.0.2) with AarResourcesCompilerTransform
Transforming play-services-measurement-sdk-22.0.2.aar (com.google.android.gms:play-services-measurement-sdk:22.0.2) with ExtractAarTransform
Transforming play-services-measurement-sdk-22.0.2.aar (com.google.android.gms:play-services-measurement-sdk:22.0.2) with AarResourcesCompilerTransform
Transforming firebase-measurement-connector-20.0.1.aar (com.google.firebase:firebase-measurement-connector:20.0.1) with ExtractAarTransform
Transforming firebase-measurement-connector-20.0.1.aar (com.google.firebase:firebase-measurement-connector:20.0.1) with AarResourcesCompilerTransform
Transforming firebase-measurement-connector-20.0.1.aar (com.google.firebase:firebase-measurement-connector:20.0.1) with ExtractAarTransform
Transforming firebase-measurement-connector-20.0.1.aar (com.google.firebase:firebase-measurement-connector:20.0.1) with AarResourcesCompilerTransform
Transforming firebase-sessions-2.0.3.aar (com.google.firebase:firebase-sessions:2.0.3) with ExtractAarTransform
Transforming firebase-sessions-2.0.3.aar (com.google.firebase:firebase-sessions:2.0.3) with AarResourcesCompilerTransform
Transforming firebase-installations-18.0.0.aar (com.google.firebase:firebase-installations:18.0.0) with ExtractAarTransform
Transforming firebase-installations-18.0.0.aar (com.google.firebase:firebase-installations:18.0.0) with AarResourcesCompilerTransform
Transforming firebase-installations-18.0.0.aar (com.google.firebase:firebase-installations:18.0.0) with ExtractAarTransform
Transforming firebase-installations-18.0.0.aar (com.google.firebase:firebase-installations:18.0.0) with AarResourcesCompilerTransform
Transforming firebase-installations-18.0.0.aar (com.google.firebase:firebase-installations:18.0.0) with ExtractAarTransform
Transforming firebase-installations-18.0.0.aar (com.google.firebase:firebase-installations:18.0.0) with AarResourcesCompilerTransform
Transforming firebase-common-ktx-21.0.0.aar (com.google.firebase:firebase-common-ktx:21.0.0) with ExtractAarTransform
Transforming firebase-common-ktx-21.0.0.aar (com.google.firebase:firebase-common-ktx:21.0.0) with AarResourcesCompilerTransform
Transforming firebase-common-ktx-21.0.0.aar (com.google.firebase:firebase-common-ktx:21.0.0) with ExtractAarTransform
Transforming firebase-common-ktx-21.0.0.aar (com.google.firebase:firebase-common-ktx:21.0.0) with AarResourcesCompilerTransform
Transforming firebase-common-ktx-21.0.0.aar (com.google.firebase:firebase-common-ktx:21.0.0) with ExtractAarTransform
Transforming firebase-common-ktx-21.0.0.aar (com.google.firebase:firebase-common-ktx:21.0.0) with AarResourcesCompilerTransform
Transforming firebase-common-ktx-21.0.0.aar (com.google.firebase:firebase-common-ktx:21.0.0) with ExtractAarTransform
Transforming firebase-common-ktx-21.0.0.aar (com.google.firebase:firebase-common-ktx:21.0.0) with AarResourcesCompilerTransform
Transforming firebase-common-21.0.0.aar (com.google.firebase:firebase-common:21.0.0) with ExtractAarTransform
Transforming firebase-common-21.0.0.aar (com.google.firebase:firebase-common:21.0.0) with AarResourcesCompilerTransform
Transforming firebase-common-21.0.0.aar (com.google.firebase:firebase-common:21.0.0) with ExtractAarTransform
Transforming firebase-common-21.0.0.aar (com.google.firebase:firebase-common:21.0.0) with AarResourcesCompilerTransform
Transforming firebase-common-21.0.0.aar (com.google.firebase:firebase-common:21.0.0) with ExtractAarTransform
Transforming firebase-common-21.0.0.aar (com.google.firebase:firebase-common:21.0.0) with AarResourcesCompilerTransform
Transforming firebase-common-21.0.0.aar (com.google.firebase:firebase-common:21.0.0) with ExtractAarTransform
Transforming firebase-common-21.0.0.aar (com.google.firebase:firebase-common:21.0.0) with AarResourcesCompilerTransform
Transforming firebase-common-21.0.0.aar (com.google.firebase:firebase-common:21.0.0) with ExtractAarTransform
Transforming firebase-common-21.0.0.aar (com.google.firebase:firebase-common:21.0.0) with AarResourcesCompilerTransform
Transforming play-services-measurement-impl-22.0.2.aar (com.google.android.gms:play-services-measurement-impl:22.0.2) with ExtractAarTransform
Transforming play-services-measurement-impl-22.0.2.aar (com.google.android.gms:play-services-measurement-impl:22.0.2) with AarResourcesCompilerTransform
Transforming play-services-measurement-impl-22.0.2.aar (com.google.android.gms:play-services-measurement-impl:22.0.2) with ExtractAarTransform
Transforming play-services-measurement-impl-22.0.2.aar (com.google.android.gms:play-services-measurement-impl:22.0.2) with AarResourcesCompilerTransform
Transforming play-services-ads-identifier-18.0.0.aar (com.google.android.gms:play-services-ads-identifier:18.0.0) with ExtractAarTransform
Transforming play-services-ads-identifier-18.0.0.aar (com.google.android.gms:play-services-ads-identifier:18.0.0) with AarResourcesCompilerTransform
Transforming play-services-ads-identifier-18.0.0.aar (com.google.android.gms:play-services-ads-identifier:18.0.0) with ExtractAarTransform
Transforming play-services-ads-identifier-18.0.0.aar (com.google.android.gms:play-services-ads-identifier:18.0.0) with AarResourcesCompilerTransform
Transforming play-services-ads-identifier-18.0.0.aar (com.google.android.gms:play-services-ads-identifier:18.0.0) with ExtractAarTransform
Transforming play-services-ads-identifier-18.0.0.aar (com.google.android.gms:play-services-ads-identifier:18.0.0) with AarResourcesCompilerTransform
Transforming play-services-measurement-sdk-api-22.0.2.aar (com.google.android.gms:play-services-measurement-sdk-api:22.0.2) with ExtractAarTransform
Transforming play-services-measurement-sdk-api-22.0.2.aar (com.google.android.gms:play-services-measurement-sdk-api:22.0.2) with AarResourcesCompilerTransform
Transforming play-services-measurement-base-22.0.2.aar (com.google.android.gms:play-services-measurement-base:22.0.2) with ExtractAarTransform
Transforming play-services-measurement-base-22.0.2.aar (com.google.android.gms:play-services-measurement-base:22.0.2) with AarResourcesCompilerTransform
Transforming play-services-measurement-base-22.0.2.aar (com.google.android.gms:play-services-measurement-base:22.0.2) with ExtractAarTransform
Transforming play-services-measurement-base-22.0.2.aar (com.google.android.gms:play-services-measurement-base:22.0.2) with AarResourcesCompilerTransform
Transforming play-services-measurement-base-22.0.2.aar (com.google.android.gms:play-services-measurement-base:22.0.2) with ExtractAarTransform
Transforming play-services-measurement-base-22.0.2.aar (com.google.android.gms:play-services-measurement-base:22.0.2) with AarResourcesCompilerTransform
Transforming play-services-measurement-base-22.0.2.aar (com.google.android.gms:play-services-measurement-base:22.0.2) with ExtractAarTransform
Transforming play-services-measurement-base-22.0.2.aar (com.google.android.gms:play-services-measurement-base:22.0.2) with AarResourcesCompilerTransform
Transforming play-services-measurement-base-22.0.2.aar (com.google.android.gms:play-services-measurement-base:22.0.2) with ExtractAarTransform
Transforming play-services-measurement-base-22.0.2.aar (com.google.android.gms:play-services-measurement-base:22.0.2) with AarResourcesCompilerTransform
Transforming play-services-stats-17.0.2.aar (com.google.android.gms:play-services-stats:17.0.2) with ExtractAarTransform
Transforming play-services-stats-17.0.2.aar (com.google.android.gms:play-services-stats:17.0.2) with AarResourcesCompilerTransform
Transforming play-services-stats-17.0.2.aar (com.google.android.gms:play-services-stats:17.0.2) with ExtractAarTransform
Transforming play-services-stats-17.0.2.aar (com.google.android.gms:play-services-stats:17.0.2) with AarResourcesCompilerTransform
Transforming firebase-installations-interop-17.2.0.aar (com.google.firebase:firebase-installations-interop:17.2.0) with ExtractAarTransform
Transforming firebase-installations-interop-17.2.0.aar (com.google.firebase:firebase-installations-interop:17.2.0) with AarResourcesCompilerTransform
Transforming firebase-installations-interop-17.2.0.aar (com.google.firebase:firebase-installations-interop:17.2.0) with ExtractAarTransform
Transforming firebase-installations-interop-17.2.0.aar (com.google.firebase:firebase-installations-interop:17.2.0) with AarResourcesCompilerTransform
Transforming firebase-installations-interop-17.2.0.aar (com.google.firebase:firebase-installations-interop:17.2.0) with ExtractAarTransform
Transforming firebase-installations-interop-17.2.0.aar (com.google.firebase:firebase-installations-interop:17.2.0) with AarResourcesCompilerTransform
Transforming firebase-installations-interop-17.2.0.aar (com.google.firebase:firebase-installations-interop:17.2.0) with ExtractAarTransform
Transforming firebase-installations-interop-17.2.0.aar (com.google.firebase:firebase-installations-interop:17.2.0) with AarResourcesCompilerTransform
Transforming ads-adservices-java-1.0.0-beta05.aar (androidx.privacysandbox.ads:ads-adservices-java:1.0.0-beta05) with ExtractAarTransform
Transforming ads-adservices-java-1.0.0-beta05.aar (androidx.privacysandbox.ads:ads-adservices-java:1.0.0-beta05) with AarResourcesCompilerTransform
Transforming ads-adservices-1.0.0-beta05.aar (androidx.privacysandbox.ads:ads-adservices:1.0.0-beta05) with ExtractAarTransform
Transforming ads-adservices-1.0.0-beta05.aar (androidx.privacysandbox.ads:ads-adservices:1.0.0-beta05) with AarResourcesCompilerTransform
Transforming ads-adservices-1.0.0-beta05.aar (androidx.privacysandbox.ads:ads-adservices:1.0.0-beta05) with ExtractAarTransform
Transforming ads-adservices-1.0.0-beta05.aar (androidx.privacysandbox.ads:ads-adservices:1.0.0-beta05) with AarResourcesCompilerTransform
Transforming datastore-preferences-1.0.0.aar (androidx.datastore:datastore-preferences:1.0.0) with ExtractAarTransform
Transforming datastore-preferences-1.0.0.aar (androidx.datastore:datastore-preferences:1.0.0) with AarResourcesCompilerTransform
Transforming datastore-1.0.0.aar (androidx.datastore:datastore:1.0.0) with ExtractAarTransform
Transforming datastore-1.0.0.aar (androidx.datastore:datastore:1.0.0) with AarResourcesCompilerTransform
Transforming play-services-tasks-18.2.0.aar (com.google.android.gms:play-services-tasks:18.2.0) with ExtractAarTransform
Transforming play-services-tasks-18.2.0.aar (com.google.android.gms:play-services-tasks:18.2.0) with AarResourcesCompilerTransform
Transforming play-services-tasks-18.2.0.aar (com.google.android.gms:play-services-tasks:18.2.0) with ExtractAarTransform
Transforming play-services-tasks-18.2.0.aar (com.google.android.gms:play-services-tasks:18.2.0) with AarResourcesCompilerTransform
Transforming play-services-tasks-18.2.0.aar (com.google.android.gms:play-services-tasks:18.2.0) with ExtractAarTransform
Transforming play-services-tasks-18.2.0.aar (com.google.android.gms:play-services-tasks:18.2.0) with AarResourcesCompilerTransform
Transforming play-services-tasks-18.2.0.aar (com.google.android.gms:play-services-tasks:18.2.0) with ExtractAarTransform
Transforming play-services-tasks-18.2.0.aar (com.google.android.gms:play-services-tasks:18.2.0) with AarResourcesCompilerTransform
Transforming play-services-tasks-18.2.0.aar (com.google.android.gms:play-services-tasks:18.2.0) with ExtractAarTransform
Transforming play-services-tasks-18.2.0.aar (com.google.android.gms:play-services-tasks:18.2.0) with AarResourcesCompilerTransform
Transforming play-services-tasks-18.2.0.aar (com.google.android.gms:play-services-tasks:18.2.0) with ExtractAarTransform
Transforming play-services-tasks-18.2.0.aar (com.google.android.gms:play-services-tasks:18.2.0) with AarResourcesCompilerTransform
Transforming play-services-basement-18.4.0.aar (com.google.android.gms:play-services-basement:18.4.0) with ExtractAarTransform
Transforming play-services-basement-18.4.0.aar (com.google.android.gms:play-services-basement:18.4.0) with AarResourcesCompilerTransform
Transforming play-services-basement-18.4.0.aar (com.google.android.gms:play-services-basement:18.4.0) with ExtractAarTransform
Transforming play-services-basement-18.4.0.aar (com.google.android.gms:play-services-basement:18.4.0) with AarResourcesCompilerTransform
Transforming play-services-basement-18.4.0.aar (com.google.android.gms:play-services-basement:18.4.0) with ExtractAarTransform
Transforming play-services-basement-18.4.0.aar (com.google.android.gms:play-services-basement:18.4.0) with AarResourcesCompilerTransform
Transforming play-services-basement-18.4.0.aar (com.google.android.gms:play-services-basement:18.4.0) with ExtractAarTransform
Transforming play-services-basement-18.4.0.aar (com.google.android.gms:play-services-basement:18.4.0) with AarResourcesCompilerTransform
Transforming play-services-basement-18.4.0.aar (com.google.android.gms:play-services-basement:18.4.0) with ExtractAarTransform
Transforming play-services-basement-18.4.0.aar (com.google.android.gms:play-services-basement:18.4.0) with AarResourcesCompilerTransform
Transforming play-services-basement-18.4.0.aar (com.google.android.gms:play-services-basement:18.4.0) with ExtractAarTransform
Transforming play-services-basement-18.4.0.aar (com.google.android.gms:play-services-basement:18.4.0) with AarResourcesCompilerTransform
Transforming play-services-basement-18.4.0.aar (com.google.android.gms:play-services-basement:18.4.0) with ExtractAarTransform
Transforming play-services-basement-18.4.0.aar (com.google.android.gms:play-services-basement:18.4.0) with AarResourcesCompilerTransform
Transforming play-services-basement-18.4.0.aar (com.google.android.gms:play-services-basement:18.4.0) with ExtractAarTransform
Transforming play-services-basement-18.4.0.aar (com.google.android.gms:play-services-basement:18.4.0) with AarResourcesCompilerTransform
Transforming play-services-basement-18.4.0.aar (com.google.android.gms:play-services-basement:18.4.0) with ExtractAarTransform
Transforming play-services-basement-18.4.0.aar (com.google.android.gms:play-services-basement:18.4.0) with AarResourcesCompilerTransform
Transforming play-services-basement-18.4.0.aar (com.google.android.gms:play-services-basement:18.4.0) with ExtractAarTransform
Transforming play-services-basement-18.4.0.aar (com.google.android.gms:play-services-basement:18.4.0) with AarResourcesCompilerTransform
Transforming play-services-basement-18.4.0.aar (com.google.android.gms:play-services-basement:18.4.0) with ExtractAarTransform
Transforming play-services-basement-18.4.0.aar (com.google.android.gms:play-services-basement:18.4.0) with AarResourcesCompilerTransform
Transforming fragment-1.3.6.aar (androidx.fragment:fragment:1.3.6) with ExtractAarTransform
Transforming fragment-1.3.6.aar (androidx.fragment:fragment:1.3.6) with AarResourcesCompilerTransform
Transforming fragment-1.3.6.aar (androidx.fragment:fragment:1.3.6) with ExtractAarTransform
Transforming fragment-1.3.6.aar (androidx.fragment:fragment:1.3.6) with AarResourcesCompilerTransform
Transforming fragment-1.3.6.aar (androidx.fragment:fragment:1.3.6) with ExtractAarTransform
Transforming fragment-1.3.6.aar (androidx.fragment:fragment:1.3.6) with AarResourcesCompilerTransform
Transforming viewpager-1.0.0.aar (androidx.viewpager:viewpager:1.0.0) with ExtractAarTransform
Transforming viewpager-1.0.0.aar (androidx.viewpager:viewpager:1.0.0) with AarResourcesCompilerTransform
Transforming viewpager-1.0.0.aar (androidx.viewpager:viewpager:1.0.0) with ExtractAarTransform
Transforming viewpager-1.0.0.aar (androidx.viewpager:viewpager:1.0.0) with AarResourcesCompilerTransform
Transforming drawerlayout-1.0.0.aar (androidx.drawerlayout:drawerlayout:1.0.0) with ExtractAarTransform
Transforming drawerlayout-1.0.0.aar (androidx.drawerlayout:drawerlayout:1.0.0) with AarResourcesCompilerTransform
Transforming drawerlayout-1.0.0.aar (androidx.drawerlayout:drawerlayout:1.0.0) with ExtractAarTransform
Transforming drawerlayout-1.0.0.aar (androidx.drawerlayout:drawerlayout:1.0.0) with AarResourcesCompilerTransform
Transforming coordinatorlayout-1.0.0.aar (androidx.coordinatorlayout:coordinatorlayout:1.0.0) with ExtractAarTransform
Transforming coordinatorlayout-1.0.0.aar (androidx.coordinatorlayout:coordinatorlayout:1.0.0) with AarResourcesCompilerTransform
Transforming slidingpanelayout-1.0.0.aar (androidx.slidingpanelayout:slidingpanelayout:1.0.0) with ExtractAarTransform
Transforming slidingpanelayout-1.0.0.aar (androidx.slidingpanelayout:slidingpanelayout:1.0.0) with AarResourcesCompilerTransform
Transforming customview-1.0.0.aar (androidx.customview:customview:1.0.0) with ExtractAarTransform
Transforming customview-1.0.0.aar (androidx.customview:customview:1.0.0) with AarResourcesCompilerTransform
Transforming customview-1.0.0.aar (androidx.customview:customview:1.0.0) with ExtractAarTransform
Transforming customview-1.0.0.aar (androidx.customview:customview:1.0.0) with AarResourcesCompilerTransform
Transforming customview-1.0.0.aar (androidx.customview:customview:1.0.0) with ExtractAarTransform
Transforming customview-1.0.0.aar (androidx.customview:customview:1.0.0) with AarResourcesCompilerTransform
Transforming customview-1.0.0.aar (androidx.customview:customview:1.0.0) with ExtractAarTransform
Transforming customview-1.0.0.aar (androidx.customview:customview:1.0.0) with AarResourcesCompilerTransform
Transforming customview-1.0.0.aar (androidx.customview:customview:1.0.0) with ExtractAarTransform
Transforming customview-1.0.0.aar (androidx.customview:customview:1.0.0) with AarResourcesCompilerTransform
Transforming customview-1.0.0.aar (androidx.customview:customview:1.0.0) with ExtractAarTransform
Transforming customview-1.0.0.aar (androidx.customview:customview:1.0.0) with AarResourcesCompilerTransform
Transforming media-1.7.0.aar (androidx.media:media:1.7.0) with ExtractAarTransform
Transforming media-1.7.0.aar (androidx.media:media:1.7.0) with AarResourcesCompilerTransform
Transforming media-1.7.0.aar (androidx.media:media:1.7.0) with ExtractAarTransform
Transforming media-1.7.0.aar (androidx.media:media:1.7.0) with AarResourcesCompilerTransform
Transforming legacy-support-core-utils-1.0.0.aar (androidx.legacy:legacy-support-core-utils:1.0.0) with ExtractAarTransform
Transforming legacy-support-core-utils-1.0.0.aar (androidx.legacy:legacy-support-core-utils:1.0.0) with AarResourcesCompilerTransform
Transforming legacy-support-core-utils-1.0.0.aar (androidx.legacy:legacy-support-core-utils:1.0.0) with ExtractAarTransform
Transforming legacy-support-core-utils-1.0.0.aar (androidx.legacy:legacy-support-core-utils:1.0.0) with AarResourcesCompilerTransform
Transforming legacy-support-core-utils-1.0.0.aar (androidx.legacy:legacy-support-core-utils:1.0.0) with ExtractAarTransform
Transforming legacy-support-core-utils-1.0.0.aar (androidx.legacy:legacy-support-core-utils:1.0.0) with AarResourcesCompilerTransform
Transforming loader-1.0.0.aar (androidx.loader:loader:1.0.0) with ExtractAarTransform
Transforming loader-1.0.0.aar (androidx.loader:loader:1.0.0) with AarResourcesCompilerTransform
Transforming loader-1.0.0.aar (androidx.loader:loader:1.0.0) with ExtractAarTransform
Transforming loader-1.0.0.aar (androidx.loader:loader:1.0.0) with AarResourcesCompilerTransform
Transforming activity-1.2.4.aar (androidx.activity:activity:1.2.4) with ExtractAarTransform
Transforming activity-1.2.4.aar (androidx.activity:activity:1.2.4) with AarResourcesCompilerTransform
Transforming appcompat-resources-1.2.0.aar (androidx.appcompat:appcompat-resources:1.2.0) with ExtractAarTransform
Transforming appcompat-resources-1.2.0.aar (androidx.appcompat:appcompat-resources:1.2.0) with AarResourcesCompilerTransform
Transforming vectordrawable-animated-1.1.0.aar (androidx.vectordrawable:vectordrawable-animated:1.1.0) with ExtractAarTransform
Transforming vectordrawable-animated-1.1.0.aar (androidx.vectordrawable:vectordrawable-animated:1.1.0) with AarResourcesCompilerTransform
Transforming vectordrawable-1.1.0.aar (androidx.vectordrawable:vectordrawable:1.1.0) with ExtractAarTransform
Transforming vectordrawable-1.1.0.aar (androidx.vectordrawable:vectordrawable:1.1.0) with AarResourcesCompilerTransform
Transforming vectordrawable-1.1.0.aar (androidx.vectordrawable:vectordrawable:1.1.0) with ExtractAarTransform
Transforming vectordrawable-1.1.0.aar (androidx.vectordrawable:vectordrawable:1.1.0) with AarResourcesCompilerTransform
Transforming swiperefreshlayout-1.0.0.aar (androidx.swiperefreshlayout:swiperefreshlayout:1.0.0) with ExtractAarTransform
Transforming swiperefreshlayout-1.0.0.aar (androidx.swiperefreshlayout:swiperefreshlayout:1.0.0) with AarResourcesCompilerTransform
Transforming asynclayoutinflater-1.0.0.aar (androidx.asynclayoutinflater:asynclayoutinflater:1.0.0) with ExtractAarTransform
Transforming asynclayoutinflater-1.0.0.aar (androidx.asynclayoutinflater:asynclayoutinflater:1.0.0) with AarResourcesCompilerTransform
Transforming core-1.12.0.aar (androidx.core:core:1.12.0) with ExtractAarTransform
Transforming core-1.12.0.aar (androidx.core:core:1.12.0) with AarResourcesCompilerTransform
Transforming core-1.12.0.aar (androidx.core:core:1.12.0) with ExtractAarTransform
Transforming core-1.12.0.aar (androidx.core:core:1.12.0) with AarResourcesCompilerTransform
Transforming core-1.12.0.aar (androidx.core:core:1.12.0) with ExtractAarTransform
Transforming core-1.12.0.aar (androidx.core:core:1.12.0) with AarResourcesCompilerTransform
Transforming core-1.12.0.aar (androidx.core:core:1.12.0) with ExtractAarTransform
Transforming core-1.12.0.aar (androidx.core:core:1.12.0) with AarResourcesCompilerTransform
Transforming core-1.12.0.aar (androidx.core:core:1.12.0) with ExtractAarTransform
Transforming core-1.12.0.aar (androidx.core:core:1.12.0) with AarResourcesCompilerTransform
Transforming core-1.12.0.aar (androidx.core:core:1.12.0) with ExtractAarTransform
Transforming core-1.12.0.aar (androidx.core:core:1.12.0) with AarResourcesCompilerTransform
Transforming core-1.12.0.aar (androidx.core:core:1.12.0) with ExtractAarTransform
Transforming core-1.12.0.aar (androidx.core:core:1.12.0) with AarResourcesCompilerTransform
Transforming core-1.12.0.aar (androidx.core:core:1.12.0) with ExtractAarTransform
Transforming core-1.12.0.aar (androidx.core:core:1.12.0) with AarResourcesCompilerTransform
Transforming core-1.12.0.aar (androidx.core:core:1.12.0) with ExtractAarTransform
Transforming core-1.12.0.aar (androidx.core:core:1.12.0) with AarResourcesCompilerTransform
Transforming core-1.12.0.aar (androidx.core:core:1.12.0) with ExtractAarTransform
Transforming core-1.12.0.aar (androidx.core:core:1.12.0) with AarResourcesCompilerTransform
Transforming core-1.12.0.aar (androidx.core:core:1.12.0) with ExtractAarTransform
Transforming core-1.12.0.aar (androidx.core:core:1.12.0) with AarResourcesCompilerTransform
Transforming core-1.12.0.aar (androidx.core:core:1.12.0) with ExtractAarTransform
Transforming core-1.12.0.aar (androidx.core:core:1.12.0) with AarResourcesCompilerTransform
Transforming core-1.12.0.aar (androidx.core:core:1.12.0) with ExtractAarTransform
Transforming core-1.12.0.aar (androidx.core:core:1.12.0) with AarResourcesCompilerTransform
Transforming core-1.12.0.aar (androidx.core:core:1.12.0) with ExtractAarTransform
Transforming core-1.12.0.aar (androidx.core:core:1.12.0) with AarResourcesCompilerTransform
Transforming core-1.12.0.aar (androidx.core:core:1.12.0) with ExtractAarTransform
Transforming core-1.12.0.aar (androidx.core:core:1.12.0) with AarResourcesCompilerTransform
Transforming customview-poolingcontainer-1.0.0.aar (androidx.customview:customview-poolingcontainer:1.0.0) with ExtractAarTransform
Transforming customview-poolingcontainer-1.0.0.aar (androidx.customview:customview-poolingcontainer:1.0.0) with AarResourcesCompilerTransform
Transforming core-ktx-1.12.0.aar (androidx.core:core-ktx:1.12.0) with ExtractAarTransform
Transforming core-ktx-1.12.0.aar (androidx.core:core-ktx:1.12.0) with AarResourcesCompilerTransform
Transforming annotation-experimental-1.3.1.aar (androidx.annotation:annotation-experimental:1.3.1) with ExtractAarTransform
Transforming annotation-experimental-1.3.1.aar (androidx.annotation:annotation-experimental:1.3.1) with AarResourcesCompilerTransform
Transforming cardview-1.0.0.aar (androidx.cardview:cardview:1.0.0) with ExtractAarTransform
Transforming cardview-1.0.0.aar (androidx.cardview:cardview:1.0.0) with AarResourcesCompilerTransform
Transforming gifdecoder-4.16.0.aar (com.github.bumptech.glide:gifdecoder:4.16.0) with ExtractAarTransform
Transforming gifdecoder-4.16.0.aar (com.github.bumptech.glide:gifdecoder:4.16.0) with AarResourcesCompilerTransform
Transforming exifinterface-1.3.6.aar (androidx.exifinterface:exifinterface:1.3.6) with ExtractAarTransform
Transforming exifinterface-1.3.6.aar (androidx.exifinterface:exifinterface:1.3.6) with AarResourcesCompilerTransform
Transforming tracing-1.0.0.aar (androidx.tracing:tracing:1.0.0) with ExtractAarTransform
Transforming tracing-1.0.0.aar (androidx.tracing:tracing:1.0.0) with AarResourcesCompilerTransform
Transforming versionedparcelable-1.1.1.aar (androidx.versionedparcelable:versionedparcelable:1.1.1) with ExtractAarTransform
Transforming versionedparcelable-1.1.1.aar (androidx.versionedparcelable:versionedparcelable:1.1.1) with AarResourcesCompilerTransform
Transforming firebase-components-18.0.0.aar (com.google.firebase:firebase-components:18.0.0) with ExtractAarTransform
Transforming firebase-components-18.0.0.aar (com.google.firebase:firebase-components:18.0.0) with AarResourcesCompilerTransform
Transforming firebase-components-18.0.0.aar (com.google.firebase:firebase-components:18.0.0) with ExtractAarTransform
Transforming firebase-components-18.0.0.aar (com.google.firebase:firebase-components:18.0.0) with AarResourcesCompilerTransform
Transforming firebase-components-18.0.0.aar (com.google.firebase:firebase-components:18.0.0) with ExtractAarTransform
Transforming firebase-components-18.0.0.aar (com.google.firebase:firebase-components:18.0.0) with AarResourcesCompilerTransform
Transforming firebase-components-18.0.0.aar (com.google.firebase:firebase-components:18.0.0) with ExtractAarTransform
Transforming firebase-components-18.0.0.aar (com.google.firebase:firebase-components:18.0.0) with AarResourcesCompilerTransform
Transforming firebase-components-18.0.0.aar (com.google.firebase:firebase-components:18.0.0) with ExtractAarTransform
Transforming firebase-components-18.0.0.aar (com.google.firebase:firebase-components:18.0.0) with AarResourcesCompilerTransform
Transforming firebase-components-18.0.0.aar (com.google.firebase:firebase-components:18.0.0) with ExtractAarTransform
Transforming firebase-components-18.0.0.aar (com.google.firebase:firebase-components:18.0.0) with AarResourcesCompilerTransform
Transforming firebase-config-interop-16.0.1.aar (com.google.firebase:firebase-config-interop:16.0.1) with ExtractAarTransform
Transforming firebase-config-interop-16.0.1.aar (com.google.firebase:firebase-config-interop:16.0.1) with AarResourcesCompilerTransform
Transforming firebase-datatransport-19.0.0.aar (com.google.firebase:firebase-datatransport:19.0.0) with ExtractAarTransform
Transforming firebase-datatransport-19.0.0.aar (com.google.firebase:firebase-datatransport:19.0.0) with AarResourcesCompilerTransform
Transforming transport-backend-cct-3.3.0.aar (com.google.android.datatransport:transport-backend-cct:3.3.0) with ExtractAarTransform
Transforming transport-backend-cct-3.3.0.aar (com.google.android.datatransport:transport-backend-cct:3.3.0) with AarResourcesCompilerTransform
Transforming transport-backend-cct-3.3.0.aar (com.google.android.datatransport:transport-backend-cct:3.3.0) with ExtractAarTransform
Transforming transport-backend-cct-3.3.0.aar (com.google.android.datatransport:transport-backend-cct:3.3.0) with AarResourcesCompilerTransform
Transforming firebase-encoders-json-18.0.1.aar (com.google.firebase:firebase-encoders-json:18.0.1) with ExtractAarTransform
Transforming firebase-encoders-json-18.0.1.aar (com.google.firebase:firebase-encoders-json:18.0.1) with AarResourcesCompilerTransform
Transforming firebase-encoders-json-18.0.1.aar (com.google.firebase:firebase-encoders-json:18.0.1) with ExtractAarTransform
Transforming firebase-encoders-json-18.0.1.aar (com.google.firebase:firebase-encoders-json:18.0.1) with AarResourcesCompilerTransform
Transforming firebase-encoders-json-18.0.1.aar (com.google.firebase:firebase-encoders-json:18.0.1) with ExtractAarTransform
Transforming firebase-encoders-json-18.0.1.aar (com.google.firebase:firebase-encoders-json:18.0.1) with AarResourcesCompilerTransform
Transforming firebase-encoders-json-18.0.1.aar (com.google.firebase:firebase-encoders-json:18.0.1) with ExtractAarTransform
Transforming firebase-encoders-json-18.0.1.aar (com.google.firebase:firebase-encoders-json:18.0.1) with AarResourcesCompilerTransform
Transforming transport-runtime-3.3.0.aar (com.google.android.datatransport:transport-runtime:3.3.0) with ExtractAarTransform
Transforming transport-runtime-3.3.0.aar (com.google.android.datatransport:transport-runtime:3.3.0) with AarResourcesCompilerTransform
Transforming transport-runtime-3.3.0.aar (com.google.android.datatransport:transport-runtime:3.3.0) with ExtractAarTransform
Transforming transport-runtime-3.3.0.aar (com.google.android.datatransport:transport-runtime:3.3.0) with AarResourcesCompilerTransform
Transforming transport-runtime-3.3.0.aar (com.google.android.datatransport:transport-runtime:3.3.0) with ExtractAarTransform
Transforming transport-runtime-3.3.0.aar (com.google.android.datatransport:transport-runtime:3.3.0) with AarResourcesCompilerTransform
Transforming transport-api-3.2.0.aar (com.google.android.datatransport:transport-api:3.2.0) with ExtractAarTransform
Transforming transport-api-3.2.0.aar (com.google.android.datatransport:transport-api:3.2.0) with AarResourcesCompilerTransform
Transforming transport-api-3.2.0.aar (com.google.android.datatransport:transport-api:3.2.0) with ExtractAarTransform
Transforming transport-api-3.2.0.aar (com.google.android.datatransport:transport-api:3.2.0) with AarResourcesCompilerTransform
Transforming transport-api-3.2.0.aar (com.google.android.datatransport:transport-api:3.2.0) with ExtractAarTransform
Transforming transport-api-3.2.0.aar (com.google.android.datatransport:transport-api:3.2.0) with AarResourcesCompilerTransform
Transforming transport-api-3.2.0.aar (com.google.android.datatransport:transport-api:3.2.0) with ExtractAarTransform
Transforming transport-api-3.2.0.aar (com.google.android.datatransport:transport-api:3.2.0) with AarResourcesCompilerTransform
Transforming transport-api-3.2.0.aar (com.google.android.datatransport:transport-api:3.2.0) with ExtractAarTransform
Transforming transport-api-3.2.0.aar (com.google.android.datatransport:transport-api:3.2.0) with AarResourcesCompilerTransform
Transforming interpolator-1.0.0.aar (androidx.interpolator:interpolator:1.0.0) with ExtractAarTransform
Transforming interpolator-1.0.0.aar (androidx.interpolator:interpolator:1.0.0) with AarResourcesCompilerTransform
Transforming interpolator-1.0.0.aar (androidx.interpolator:interpolator:1.0.0) with ExtractAarTransform
Transforming interpolator-1.0.0.aar (androidx.interpolator:interpolator:1.0.0) with AarResourcesCompilerTransform
Transforming interpolator-1.0.0.aar (androidx.interpolator:interpolator:1.0.0) with ExtractAarTransform
Transforming interpolator-1.0.0.aar (androidx.interpolator:interpolator:1.0.0) with AarResourcesCompilerTransform
Transforming interpolator-1.0.0.aar (androidx.interpolator:interpolator:1.0.0) with ExtractAarTransform
Transforming interpolator-1.0.0.aar (androidx.interpolator:interpolator:1.0.0) with AarResourcesCompilerTransform
Transforming lifecycle-runtime-2.3.1.aar (androidx.lifecycle:lifecycle-runtime:2.3.1) with ExtractAarTransform
Transforming lifecycle-runtime-2.3.1.aar (androidx.lifecycle:lifecycle-runtime:2.3.1) with AarResourcesCompilerTransform
Transforming lifecycle-viewmodel-savedstate-2.3.1.aar (androidx.lifecycle:lifecycle-viewmodel-savedstate:2.3.1) with ExtractAarTransform
Transforming lifecycle-viewmodel-savedstate-2.3.1.aar (androidx.lifecycle:lifecycle-viewmodel-savedstate:2.3.1) with AarResourcesCompilerTransform
Transforming lifecycle-viewmodel-2.3.1.aar (androidx.lifecycle:lifecycle-viewmodel:2.3.1) with ExtractAarTransform
Transforming lifecycle-viewmodel-2.3.1.aar (androidx.lifecycle:lifecycle-viewmodel:2.3.1) with AarResourcesCompilerTransform
Transforming lifecycle-viewmodel-2.3.1.aar (androidx.lifecycle:lifecycle-viewmodel:2.3.1) with ExtractAarTransform
Transforming lifecycle-viewmodel-2.3.1.aar (androidx.lifecycle:lifecycle-viewmodel:2.3.1) with AarResourcesCompilerTransform
Transforming savedstate-1.1.0.aar (androidx.savedstate:savedstate:1.1.0) with ExtractAarTransform
Transforming savedstate-1.1.0.aar (androidx.savedstate:savedstate:1.1.0) with AarResourcesCompilerTransform
Transforming cursoradapter-1.0.0.aar (androidx.cursoradapter:cursoradapter:1.0.0) with ExtractAarTransform
Transforming cursoradapter-1.0.0.aar (androidx.cursoradapter:cursoradapter:1.0.0) with AarResourcesCompilerTransform
Transforming cursoradapter-1.0.0.aar (androidx.cursoradapter:cursoradapter:1.0.0) with ExtractAarTransform
Transforming cursoradapter-1.0.0.aar (androidx.cursoradapter:cursoradapter:1.0.0) with AarResourcesCompilerTransform
Transforming lifecycle-livedata-2.0.0.aar (androidx.lifecycle:lifecycle-livedata:2.0.0) with ExtractAarTransform
Transforming lifecycle-livedata-2.0.0.aar (androidx.lifecycle:lifecycle-livedata:2.0.0) with AarResourcesCompilerTransform
Transforming lifecycle-livedata-core-2.3.1.aar (androidx.lifecycle:lifecycle-livedata-core:2.3.1) with ExtractAarTransform
Transforming lifecycle-livedata-core-2.3.1.aar (androidx.lifecycle:lifecycle-livedata-core:2.3.1) with AarResourcesCompilerTransform
Transforming lifecycle-livedata-core-2.3.1.aar (androidx.lifecycle:lifecycle-livedata-core:2.3.1) with ExtractAarTransform
Transforming lifecycle-livedata-core-2.3.1.aar (androidx.lifecycle:lifecycle-livedata-core:2.3.1) with AarResourcesCompilerTransform
Transforming core-runtime-2.1.0.aar (androidx.arch.core:core-runtime:2.1.0) with ExtractAarTransform
Transforming core-runtime-2.1.0.aar (androidx.arch.core:core-runtime:2.1.0) with AarResourcesCompilerTransform
Transforming core-runtime-2.1.0.aar (androidx.arch.core:core-runtime:2.1.0) with ExtractAarTransform
Transforming core-runtime-2.1.0.aar (androidx.arch.core:core-runtime:2.1.0) with AarResourcesCompilerTransform
Transforming documentfile-1.0.0.aar (androidx.documentfile:documentfile:1.0.0) with ExtractAarTransform
Transforming documentfile-1.0.0.aar (androidx.documentfile:documentfile:1.0.0) with AarResourcesCompilerTransform
Transforming localbroadcastmanager-1.0.0.aar (androidx.localbroadcastmanager:localbroadcastmanager:1.0.0) with ExtractAarTransform
Transforming localbroadcastmanager-1.0.0.aar (androidx.localbroadcastmanager:localbroadcastmanager:1.0.0) with AarResourcesCompilerTransform
Transforming print-1.0.0.aar (androidx.print:print:1.0.0) with ExtractAarTransform
Transforming print-1.0.0.aar (androidx.print:print:1.0.0) with AarResourcesCompilerTransform
Transforming multidex-2.0.1.aar (androidx.multidex:multidex:2.0.1) with ExtractAarTransform
Transforming multidex-2.0.1.aar (androidx.multidex:multidex:2.0.1) with AarResourcesCompilerTransform
Transforming rtmp-client-3.2.0.aar (io.antmedia:rtmp-client:3.2.0) with ExtractAarTransform
Transforming rtmp-client-3.2.0.aar (io.antmedia:rtmp-client:3.2.0) with AarResourcesCompilerTransform
Caching disabled for task ':app:processDebugResources' because:
  Build cache is disabled
Skipping task ':app:processDebugResources' as it is up-to-date.
Resolve mutations for :app:compileDebugKotlin (Thread[Execution worker Thread 7,5,main]) started.
:app:compileDebugKotlin (Thread[Execution worker Thread 7,5,main]) started.
Resolve mutations for :app:javaPreCompileDebug (Thread[Execution worker Thread 8,5,main]) started.
:app:javaPreCompileDebug (Thread[Execution worker Thread 8,5,main]) started.

> Task :app:javaPreCompileDebug UP-TO-DATE
Caching disabled for task ':app:javaPreCompileDebug' because:
  Build cache is disabled
Skipping task ':app:javaPreCompileDebug' as it is up-to-date.
Resolve mutations for :app:mergeDebugShaders (Thread[Execution worker Thread 8,5,main]) started.
:app:mergeDebugShaders (Thread[Execution worker Thread 8,5,main]) started.

> Task :app:mergeDebugShaders UP-TO-DATE
Caching disabled for task ':app:mergeDebugShaders' because:
  Build cache is disabled
Skipping task ':app:mergeDebugShaders' as it is up-to-date.
Resolve mutations for :app:compileDebugShaders (Thread[Execution worker Thread 8,5,main]) started.
:app:compileDebugShaders (Thread[Execution worker Thread 8,5,main]) started.

> Task :app:compileDebugShaders NO-SOURCE
Skipping task ':app:compileDebugShaders' as it has no source files and no previous output files.
Resolve mutations for :app:generateDebugAssets (Thread[Execution worker Thread 8,5,main]) started.
:app:generateDebugAssets (Thread[Execution worker Thread 8,5,main]) started.

> Task :app:generateDebugAssets UP-TO-DATE
Skipping task ':app:generateDebugAssets' as it has no actions.
Resolve mutations for :app:mergeDebugAssets (Thread[Execution worker Thread 8,5,main]) started.
:app:mergeDebugAssets (Thread[Execution worker Thread 5,5,main]) started.

> Task :app:mergeDebugAssets UP-TO-DATE
Transforming viewbinding-8.3.1.aar (androidx.databinding:viewbinding:8.3.1) with ExtractAarTransform
Transforming viewbinding-8.3.1.aar (androidx.databinding:viewbinding:8.3.1) with AarTransform
Transforming firebase-crashlytics-19.0.3.aar (com.google.firebase:firebase-crashlytics:19.0.3) with ExtractAarTransform
Transforming firebase-crashlytics-19.0.3.aar (com.google.firebase:firebase-crashlytics:19.0.3) with AarTransform
Transforming leanback-1.0.0.aar (androidx.leanback:leanback:1.0.0) with ExtractAarTransform
Transforming leanback-1.0.0.aar (androidx.leanback:leanback:1.0.0) with AarTransform
Transforming media3-exoplayer-hls-1.4.1.aar (androidx.media3:media3-exoplayer-hls:1.4.1) with ExtractAarTransform
Transforming media3-exoplayer-hls-1.4.1.aar (androidx.media3:media3-exoplayer-hls:1.4.1) with AarTransform
Transforming media3-exoplayer-rtsp-1.4.1.aar (androidx.media3:media3-exoplayer-rtsp:1.4.1) with ExtractAarTransform
Transforming media3-exoplayer-rtsp-1.4.1.aar (androidx.media3:media3-exoplayer-rtsp:1.4.1) with AarTransform
Transforming media3-exoplayer-dash-1.4.1.aar (androidx.media3:media3-exoplayer-dash:1.4.1) with ExtractAarTransform
Transforming media3-exoplayer-dash-1.4.1.aar (androidx.media3:media3-exoplayer-dash:1.4.1) with AarTransform
Transforming media3-exoplayer-1.4.1.aar (androidx.media3:media3-exoplayer:1.4.1) with ExtractAarTransform
Transforming media3-exoplayer-1.4.1.aar (androidx.media3:media3-exoplayer:1.4.1) with AarTransform
Transforming media3-datasource-rtmp-1.4.1.aar (androidx.media3:media3-datasource-rtmp:1.4.1) with ExtractAarTransform
Transforming media3-datasource-rtmp-1.4.1.aar (androidx.media3:media3-datasource-rtmp:1.4.1) with AarTransform
Transforming media3-extractor-1.4.1.aar (androidx.media3:media3-extractor:1.4.1) with ExtractAarTransform
Transforming media3-extractor-1.4.1.aar (androidx.media3:media3-extractor:1.4.1) with AarTransform
Transforming media3-container-1.4.1.aar (androidx.media3:media3-container:1.4.1) with ExtractAarTransform
Transforming media3-container-1.4.1.aar (androidx.media3:media3-container:1.4.1) with AarTransform
Transforming media3-datasource-1.4.1.aar (androidx.media3:media3-datasource:1.4.1) with ExtractAarTransform
Transforming media3-datasource-1.4.1.aar (androidx.media3:media3-datasource:1.4.1) with AarTransform
Transforming media3-decoder-1.4.1.aar (androidx.media3:media3-decoder:1.4.1) with ExtractAarTransform
Transforming media3-decoder-1.4.1.aar (androidx.media3:media3-decoder:1.4.1) with AarTransform
Transforming media3-database-1.4.1.aar (androidx.media3:media3-database:1.4.1) with ExtractAarTransform
Transforming media3-database-1.4.1.aar (androidx.media3:media3-database:1.4.1) with AarTransform
Transforming media3-common-1.4.1.aar (androidx.media3:media3-common:1.4.1) with ExtractAarTransform
Transforming media3-common-1.4.1.aar (androidx.media3:media3-common:1.4.1) with AarTransform
Transforming media3-ui-1.4.1.aar (androidx.media3:media3-ui:1.4.1) with ExtractAarTransform
Transforming media3-ui-1.4.1.aar (androidx.media3:media3-ui:1.4.1) with AarTransform
Transforming recyclerview-1.3.2.aar (androidx.recyclerview:recyclerview:1.3.2) with ExtractAarTransform
Transforming recyclerview-1.3.2.aar (androidx.recyclerview:recyclerview:1.3.2) with AarTransform
Transforming recyclerview-1.3.2.aar (androidx.recyclerview:recyclerview:1.3.2) with ExtractAarTransform
Transforming recyclerview-1.3.2.aar (androidx.recyclerview:recyclerview:1.3.2) with AarTransform
Transforming constraintlayout-2.1.4.aar (androidx.constraintlayout:constraintlayout:2.1.4) with ExtractAarTransform
Transforming constraintlayout-2.1.4.aar (androidx.constraintlayout:constraintlayout:2.1.4) with AarTransform
Transforming legacy-support-core-ui-1.0.0.aar (androidx.legacy:legacy-support-core-ui:1.0.0) with ExtractAarTransform
Transforming legacy-support-core-ui-1.0.0.aar (androidx.legacy:legacy-support-core-ui:1.0.0) with AarTransform
Transforming glide-4.16.0.aar (com.github.bumptech.glide:glide:4.16.0) with ExtractAarTransform
Transforming glide-4.16.0.aar (com.github.bumptech.glide:glide:4.16.0) with AarTransform
Transforming appcompat-1.2.0.aar (androidx.appcompat:appcompat:1.2.0) with ExtractAarTransform
Transforming appcompat-1.2.0.aar (androidx.appcompat:appcompat:1.2.0) with AarTransform
Transforming firebase-analytics-22.0.2.aar (com.google.firebase:firebase-analytics:22.0.2) with ExtractAarTransform
Transforming firebase-analytics-22.0.2.aar (com.google.firebase:firebase-analytics:22.0.2) with AarTransform
Transforming play-services-measurement-22.0.2.aar (com.google.android.gms:play-services-measurement:22.0.2) with ExtractAarTransform
Transforming play-services-measurement-22.0.2.aar (com.google.android.gms:play-services-measurement:22.0.2) with AarTransform
Transforming play-services-measurement-api-22.0.2.aar (com.google.android.gms:play-services-measurement-api:22.0.2) with ExtractAarTransform
Transforming play-services-measurement-api-22.0.2.aar (com.google.android.gms:play-services-measurement-api:22.0.2) with AarTransform
Transforming play-services-measurement-sdk-22.0.2.aar (com.google.android.gms:play-services-measurement-sdk:22.0.2) with ExtractAarTransform
Transforming play-services-measurement-sdk-22.0.2.aar (com.google.android.gms:play-services-measurement-sdk:22.0.2) with AarTransform
Transforming firebase-measurement-connector-20.0.1.aar (com.google.firebase:firebase-measurement-connector:20.0.1) with ExtractAarTransform
Transforming firebase-measurement-connector-20.0.1.aar (com.google.firebase:firebase-measurement-connector:20.0.1) with AarTransform
Transforming firebase-measurement-connector-20.0.1.aar (com.google.firebase:firebase-measurement-connector:20.0.1) with ExtractAarTransform
Transforming firebase-measurement-connector-20.0.1.aar (com.google.firebase:firebase-measurement-connector:20.0.1) with AarTransform
Transforming firebase-sessions-2.0.3.aar (com.google.firebase:firebase-sessions:2.0.3) with ExtractAarTransform
Transforming firebase-sessions-2.0.3.aar (com.google.firebase:firebase-sessions:2.0.3) with AarTransform
Transforming firebase-installations-18.0.0.aar (com.google.firebase:firebase-installations:18.0.0) with ExtractAarTransform
Transforming firebase-installations-18.0.0.aar (com.google.firebase:firebase-installations:18.0.0) with AarTransform
Transforming firebase-installations-18.0.0.aar (com.google.firebase:firebase-installations:18.0.0) with ExtractAarTransform
Transforming firebase-installations-18.0.0.aar (com.google.firebase:firebase-installations:18.0.0) with AarTransform
Transforming firebase-installations-18.0.0.aar (com.google.firebase:firebase-installations:18.0.0) with ExtractAarTransform
Transforming firebase-installations-18.0.0.aar (com.google.firebase:firebase-installations:18.0.0) with AarTransform
Transforming firebase-common-ktx-21.0.0.aar (com.google.firebase:firebase-common-ktx:21.0.0) with ExtractAarTransform
Transforming firebase-common-ktx-21.0.0.aar (com.google.firebase:firebase-common-ktx:21.0.0) with AarTransform
Transforming firebase-common-ktx-21.0.0.aar (com.google.firebase:firebase-common-ktx:21.0.0) with ExtractAarTransform
Transforming firebase-common-ktx-21.0.0.aar (com.google.firebase:firebase-common-ktx:21.0.0) with AarTransform
Transforming firebase-common-ktx-21.0.0.aar (com.google.firebase:firebase-common-ktx:21.0.0) with ExtractAarTransform
Transforming firebase-common-ktx-21.0.0.aar (com.google.firebase:firebase-common-ktx:21.0.0) with AarTransform
Transforming firebase-common-ktx-21.0.0.aar (com.google.firebase:firebase-common-ktx:21.0.0) with ExtractAarTransform
Transforming firebase-common-ktx-21.0.0.aar (com.google.firebase:firebase-common-ktx:21.0.0) with AarTransform
Transforming firebase-common-21.0.0.aar (com.google.firebase:firebase-common:21.0.0) with ExtractAarTransform
Transforming firebase-common-21.0.0.aar (com.google.firebase:firebase-common:21.0.0) with AarTransform
Transforming firebase-common-21.0.0.aar (com.google.firebase:firebase-common:21.0.0) with ExtractAarTransform
Transforming firebase-common-21.0.0.aar (com.google.firebase:firebase-common:21.0.0) with AarTransform
Transforming firebase-common-21.0.0.aar (com.google.firebase:firebase-common:21.0.0) with ExtractAarTransform
Transforming firebase-common-21.0.0.aar (com.google.firebase:firebase-common:21.0.0) with AarTransform
Transforming firebase-common-21.0.0.aar (com.google.firebase:firebase-common:21.0.0) with ExtractAarTransform
Transforming firebase-common-21.0.0.aar (com.google.firebase:firebase-common:21.0.0) with AarTransform
Transforming firebase-common-21.0.0.aar (com.google.firebase:firebase-common:21.0.0) with ExtractAarTransform
Transforming firebase-common-21.0.0.aar (com.google.firebase:firebase-common:21.0.0) with AarTransform
Transforming play-services-measurement-impl-22.0.2.aar (com.google.android.gms:play-services-measurement-impl:22.0.2) with ExtractAarTransform
Transforming play-services-measurement-impl-22.0.2.aar (com.google.android.gms:play-services-measurement-impl:22.0.2) with AarTransform
Transforming play-services-measurement-impl-22.0.2.aar (com.google.android.gms:play-services-measurement-impl:22.0.2) with ExtractAarTransform
Transforming play-services-measurement-impl-22.0.2.aar (com.google.android.gms:play-services-measurement-impl:22.0.2) with AarTransform
Transforming play-services-ads-identifier-18.0.0.aar (com.google.android.gms:play-services-ads-identifier:18.0.0) with ExtractAarTransform
Transforming play-services-ads-identifier-18.0.0.aar (com.google.android.gms:play-services-ads-identifier:18.0.0) with AarTransform
Transforming play-services-ads-identifier-18.0.0.aar (com.google.android.gms:play-services-ads-identifier:18.0.0) with ExtractAarTransform
Transforming play-services-ads-identifier-18.0.0.aar (com.google.android.gms:play-services-ads-identifier:18.0.0) with AarTransform
Transforming play-services-ads-identifier-18.0.0.aar (com.google.android.gms:play-services-ads-identifier:18.0.0) with ExtractAarTransform
Transforming play-services-ads-identifier-18.0.0.aar (com.google.android.gms:play-services-ads-identifier:18.0.0) with AarTransform
Transforming play-services-measurement-sdk-api-22.0.2.aar (com.google.android.gms:play-services-measurement-sdk-api:22.0.2) with ExtractAarTransform
Transforming play-services-measurement-sdk-api-22.0.2.aar (com.google.android.gms:play-services-measurement-sdk-api:22.0.2) with AarTransform
Transforming play-services-measurement-base-22.0.2.aar (com.google.android.gms:play-services-measurement-base:22.0.2) with ExtractAarTransform
Transforming play-services-measurement-base-22.0.2.aar (com.google.android.gms:play-services-measurement-base:22.0.2) with AarTransform
Transforming play-services-measurement-base-22.0.2.aar (com.google.android.gms:play-services-measurement-base:22.0.2) with ExtractAarTransform
Transforming play-services-measurement-base-22.0.2.aar (com.google.android.gms:play-services-measurement-base:22.0.2) with AarTransform
Transforming play-services-measurement-base-22.0.2.aar (com.google.android.gms:play-services-measurement-base:22.0.2) with ExtractAarTransform
Transforming play-services-measurement-base-22.0.2.aar (com.google.android.gms:play-services-measurement-base:22.0.2) with AarTransform
Transforming play-services-measurement-base-22.0.2.aar (com.google.android.gms:play-services-measurement-base:22.0.2) with ExtractAarTransform
Transforming play-services-measurement-base-22.0.2.aar (com.google.android.gms:play-services-measurement-base:22.0.2) with AarTransform
Transforming play-services-measurement-base-22.0.2.aar (com.google.android.gms:play-services-measurement-base:22.0.2) with ExtractAarTransform
Transforming play-services-measurement-base-22.0.2.aar (com.google.android.gms:play-services-measurement-base:22.0.2) with AarTransform
Transforming play-services-stats-17.0.2.aar (com.google.android.gms:play-services-stats:17.0.2) with ExtractAarTransform
Transforming play-services-stats-17.0.2.aar (com.google.android.gms:play-services-stats:17.0.2) with AarTransform
Transforming play-services-stats-17.0.2.aar (com.google.android.gms:play-services-stats:17.0.2) with ExtractAarTransform
Transforming play-services-stats-17.0.2.aar (com.google.android.gms:play-services-stats:17.0.2) with AarTransform
Transforming firebase-installations-interop-17.2.0.aar (com.google.firebase:firebase-installations-interop:17.2.0) with ExtractAarTransform
Transforming firebase-installations-interop-17.2.0.aar (com.google.firebase:firebase-installations-interop:17.2.0) with AarTransform
Transforming firebase-installations-interop-17.2.0.aar (com.google.firebase:firebase-installations-interop:17.2.0) with ExtractAarTransform
Transforming firebase-installations-interop-17.2.0.aar (com.google.firebase:firebase-installations-interop:17.2.0) with AarTransform
Transforming firebase-installations-interop-17.2.0.aar (com.google.firebase:firebase-installations-interop:17.2.0) with ExtractAarTransform
Transforming firebase-installations-interop-17.2.0.aar (com.google.firebase:firebase-installations-interop:17.2.0) with AarTransform
Transforming firebase-installations-interop-17.2.0.aar (com.google.firebase:firebase-installations-interop:17.2.0) with ExtractAarTransform
Transforming firebase-installations-interop-17.2.0.aar (com.google.firebase:firebase-installations-interop:17.2.0) with AarTransform
Transforming ads-adservices-java-1.0.0-beta05.aar (androidx.privacysandbox.ads:ads-adservices-java:1.0.0-beta05) with ExtractAarTransform
Transforming ads-adservices-java-1.0.0-beta05.aar (androidx.privacysandbox.ads:ads-adservices-java:1.0.0-beta05) with AarTransform
Transforming ads-adservices-1.0.0-beta05.aar (androidx.privacysandbox.ads:ads-adservices:1.0.0-beta05) with ExtractAarTransform
Transforming ads-adservices-1.0.0-beta05.aar (androidx.privacysandbox.ads:ads-adservices:1.0.0-beta05) with AarTransform
Transforming ads-adservices-1.0.0-beta05.aar (androidx.privacysandbox.ads:ads-adservices:1.0.0-beta05) with ExtractAarTransform
Transforming ads-adservices-1.0.0-beta05.aar (androidx.privacysandbox.ads:ads-adservices:1.0.0-beta05) with AarTransform
Transforming datastore-preferences-1.0.0.aar (androidx.datastore:datastore-preferences:1.0.0) with ExtractAarTransform
Transforming datastore-preferences-1.0.0.aar (androidx.datastore:datastore-preferences:1.0.0) with AarTransform
Transforming datastore-1.0.0.aar (androidx.datastore:datastore:1.0.0) with ExtractAarTransform
Transforming datastore-1.0.0.aar (androidx.datastore:datastore:1.0.0) with AarTransform
Transforming play-services-tasks-18.2.0.aar (com.google.android.gms:play-services-tasks:18.2.0) with ExtractAarTransform
Transforming play-services-tasks-18.2.0.aar (com.google.android.gms:play-services-tasks:18.2.0) with AarTransform
Transforming play-services-tasks-18.2.0.aar (com.google.android.gms:play-services-tasks:18.2.0) with ExtractAarTransform
Transforming play-services-tasks-18.2.0.aar (com.google.android.gms:play-services-tasks:18.2.0) with AarTransform
Transforming play-services-tasks-18.2.0.aar (com.google.android.gms:play-services-tasks:18.2.0) with ExtractAarTransform
Transforming play-services-tasks-18.2.0.aar (com.google.android.gms:play-services-tasks:18.2.0) with AarTransform
Transforming play-services-tasks-18.2.0.aar (com.google.android.gms:play-services-tasks:18.2.0) with ExtractAarTransform
Transforming play-services-tasks-18.2.0.aar (com.google.android.gms:play-services-tasks:18.2.0) with AarTransform
Transforming play-services-tasks-18.2.0.aar (com.google.android.gms:play-services-tasks:18.2.0) with ExtractAarTransform
Transforming play-services-tasks-18.2.0.aar (com.google.android.gms:play-services-tasks:18.2.0) with AarTransform
Transforming play-services-tasks-18.2.0.aar (com.google.android.gms:play-services-tasks:18.2.0) with ExtractAarTransform
Transforming play-services-tasks-18.2.0.aar (com.google.android.gms:play-services-tasks:18.2.0) with AarTransform
Transforming play-services-basement-18.4.0.aar (com.google.android.gms:play-services-basement:18.4.0) with ExtractAarTransform
Transforming play-services-basement-18.4.0.aar (com.google.android.gms:play-services-basement:18.4.0) with AarTransform
Transforming play-services-basement-18.4.0.aar (com.google.android.gms:play-services-basement:18.4.0) with ExtractAarTransform
Transforming play-services-basement-18.4.0.aar (com.google.android.gms:play-services-basement:18.4.0) with AarTransform
Transforming play-services-basement-18.4.0.aar (com.google.android.gms:play-services-basement:18.4.0) with ExtractAarTransform
Transforming play-services-basement-18.4.0.aar (com.google.android.gms:play-services-basement:18.4.0) with AarTransform
Transforming play-services-basement-18.4.0.aar (com.google.android.gms:play-services-basement:18.4.0) with ExtractAarTransform
Transforming play-services-basement-18.4.0.aar (com.google.android.gms:play-services-basement:18.4.0) with AarTransform
Transforming play-services-basement-18.4.0.aar (com.google.android.gms:play-services-basement:18.4.0) with ExtractAarTransform
Transforming play-services-basement-18.4.0.aar (com.google.android.gms:play-services-basement:18.4.0) with AarTransform
Transforming play-services-basement-18.4.0.aar (com.google.android.gms:play-services-basement:18.4.0) with ExtractAarTransform
Transforming play-services-basement-18.4.0.aar (com.google.android.gms:play-services-basement:18.4.0) with AarTransform
Transforming play-services-basement-18.4.0.aar (com.google.android.gms:play-services-basement:18.4.0) with ExtractAarTransform
Transforming play-services-basement-18.4.0.aar (com.google.android.gms:play-services-basement:18.4.0) with AarTransform
Transforming play-services-basement-18.4.0.aar (com.google.android.gms:play-services-basement:18.4.0) with ExtractAarTransform
Transforming play-services-basement-18.4.0.aar (com.google.android.gms:play-services-basement:18.4.0) with AarTransform
Transforming play-services-basement-18.4.0.aar (com.google.android.gms:play-services-basement:18.4.0) with ExtractAarTransform
Transforming play-services-basement-18.4.0.aar (com.google.android.gms:play-services-basement:18.4.0) with AarTransform
Transforming play-services-basement-18.4.0.aar (com.google.android.gms:play-services-basement:18.4.0) with ExtractAarTransform
Transforming play-services-basement-18.4.0.aar (com.google.android.gms:play-services-basement:18.4.0) with AarTransform
Transforming play-services-basement-18.4.0.aar (com.google.android.gms:play-services-basement:18.4.0) with ExtractAarTransform
Transforming play-services-basement-18.4.0.aar (com.google.android.gms:play-services-basement:18.4.0) with AarTransform
Transforming fragment-1.3.6.aar (androidx.fragment:fragment:1.3.6) with ExtractAarTransform
Transforming fragment-1.3.6.aar (androidx.fragment:fragment:1.3.6) with AarTransform
Transforming fragment-1.3.6.aar (androidx.fragment:fragment:1.3.6) with ExtractAarTransform
Transforming fragment-1.3.6.aar (androidx.fragment:fragment:1.3.6) with AarTransform
Transforming fragment-1.3.6.aar (androidx.fragment:fragment:1.3.6) with ExtractAarTransform
Transforming fragment-1.3.6.aar (androidx.fragment:fragment:1.3.6) with AarTransform
Transforming viewpager-1.0.0.aar (androidx.viewpager:viewpager:1.0.0) with ExtractAarTransform
Transforming viewpager-1.0.0.aar (androidx.viewpager:viewpager:1.0.0) with AarTransform
Transforming viewpager-1.0.0.aar (androidx.viewpager:viewpager:1.0.0) with ExtractAarTransform
Transforming viewpager-1.0.0.aar (androidx.viewpager:viewpager:1.0.0) with AarTransform
Transforming drawerlayout-1.0.0.aar (androidx.drawerlayout:drawerlayout:1.0.0) with ExtractAarTransform
Transforming drawerlayout-1.0.0.aar (androidx.drawerlayout:drawerlayout:1.0.0) with AarTransform
Transforming drawerlayout-1.0.0.aar (androidx.drawerlayout:drawerlayout:1.0.0) with ExtractAarTransform
Transforming drawerlayout-1.0.0.aar (androidx.drawerlayout:drawerlayout:1.0.0) with AarTransform
Transforming coordinatorlayout-1.0.0.aar (androidx.coordinatorlayout:coordinatorlayout:1.0.0) with ExtractAarTransform
Transforming coordinatorlayout-1.0.0.aar (androidx.coordinatorlayout:coordinatorlayout:1.0.0) with AarTransform
Transforming slidingpanelayout-1.0.0.aar (androidx.slidingpanelayout:slidingpanelayout:1.0.0) with ExtractAarTransform
Transforming slidingpanelayout-1.0.0.aar (androidx.slidingpanelayout:slidingpanelayout:1.0.0) with AarTransform
Transforming customview-1.0.0.aar (androidx.customview:customview:1.0.0) with ExtractAarTransform
Transforming customview-1.0.0.aar (androidx.customview:customview:1.0.0) with AarTransform
Transforming customview-1.0.0.aar (androidx.customview:customview:1.0.0) with ExtractAarTransform
Transforming customview-1.0.0.aar (androidx.customview:customview:1.0.0) with AarTransform
Transforming customview-1.0.0.aar (androidx.customview:customview:1.0.0) with ExtractAarTransform
Transforming customview-1.0.0.aar (androidx.customview:customview:1.0.0) with AarTransform
Transforming customview-1.0.0.aar (androidx.customview:customview:1.0.0) with ExtractAarTransform
Transforming customview-1.0.0.aar (androidx.customview:customview:1.0.0) with AarTransform
Transforming customview-1.0.0.aar (androidx.customview:customview:1.0.0) with ExtractAarTransform
Transforming customview-1.0.0.aar (androidx.customview:customview:1.0.0) with AarTransform
Transforming customview-1.0.0.aar (androidx.customview:customview:1.0.0) with ExtractAarTransform
Transforming customview-1.0.0.aar (androidx.customview:customview:1.0.0) with AarTransform
Transforming media-1.7.0.aar (androidx.media:media:1.7.0) with ExtractAarTransform
Transforming media-1.7.0.aar (androidx.media:media:1.7.0) with AarTransform
Transforming media-1.7.0.aar (androidx.media:media:1.7.0) with ExtractAarTransform
Transforming media-1.7.0.aar (androidx.media:media:1.7.0) with AarTransform
Transforming legacy-support-core-utils-1.0.0.aar (androidx.legacy:legacy-support-core-utils:1.0.0) with ExtractAarTransform
Transforming legacy-support-core-utils-1.0.0.aar (androidx.legacy:legacy-support-core-utils:1.0.0) with AarTransform
Transforming legacy-support-core-utils-1.0.0.aar (androidx.legacy:legacy-support-core-utils:1.0.0) with ExtractAarTransform
Transforming legacy-support-core-utils-1.0.0.aar (androidx.legacy:legacy-support-core-utils:1.0.0) with AarTransform
Transforming legacy-support-core-utils-1.0.0.aar (androidx.legacy:legacy-support-core-utils:1.0.0) with ExtractAarTransform
Transforming legacy-support-core-utils-1.0.0.aar (androidx.legacy:legacy-support-core-utils:1.0.0) with AarTransform
Transforming loader-1.0.0.aar (androidx.loader:loader:1.0.0) with ExtractAarTransform
Transforming loader-1.0.0.aar (androidx.loader:loader:1.0.0) with AarTransform
Transforming loader-1.0.0.aar (androidx.loader:loader:1.0.0) with ExtractAarTransform
Transforming loader-1.0.0.aar (androidx.loader:loader:1.0.0) with AarTransform
Transforming activity-1.2.4.aar (androidx.activity:activity:1.2.4) with ExtractAarTransform
Transforming activity-1.2.4.aar (androidx.activity:activity:1.2.4) with AarTransform
Transforming appcompat-resources-1.2.0.aar (androidx.appcompat:appcompat-resources:1.2.0) with ExtractAarTransform
Transforming appcompat-resources-1.2.0.aar (androidx.appcompat:appcompat-resources:1.2.0) with AarTransform
Transforming vectordrawable-animated-1.1.0.aar (androidx.vectordrawable:vectordrawable-animated:1.1.0) with ExtractAarTransform
Transforming vectordrawable-animated-1.1.0.aar (androidx.vectordrawable:vectordrawable-animated:1.1.0) with AarTransform
Transforming vectordrawable-1.1.0.aar (androidx.vectordrawable:vectordrawable:1.1.0) with ExtractAarTransform
Transforming vectordrawable-1.1.0.aar (androidx.vectordrawable:vectordrawable:1.1.0) with AarTransform
Transforming vectordrawable-1.1.0.aar (androidx.vectordrawable:vectordrawable:1.1.0) with ExtractAarTransform
Transforming vectordrawable-1.1.0.aar (androidx.vectordrawable:vectordrawable:1.1.0) with AarTransform
Transforming swiperefreshlayout-1.0.0.aar (androidx.swiperefreshlayout:swiperefreshlayout:1.0.0) with ExtractAarTransform
Transforming swiperefreshlayout-1.0.0.aar (androidx.swiperefreshlayout:swiperefreshlayout:1.0.0) with AarTransform
Transforming asynclayoutinflater-1.0.0.aar (androidx.asynclayoutinflater:asynclayoutinflater:1.0.0) with ExtractAarTransform
Transforming asynclayoutinflater-1.0.0.aar (androidx.asynclayoutinflater:asynclayoutinflater:1.0.0) with AarTransform
Transforming core-1.12.0.aar (androidx.core:core:1.12.0) with ExtractAarTransform
Transforming core-1.12.0.aar (androidx.core:core:1.12.0) with AarTransform
Transforming core-1.12.0.aar (androidx.core:core:1.12.0) with ExtractAarTransform
Transforming core-1.12.0.aar (androidx.core:core:1.12.0) with AarTransform
Transforming core-1.12.0.aar (androidx.core:core:1.12.0) with ExtractAarTransform
Transforming core-1.12.0.aar (androidx.core:core:1.12.0) with AarTransform
Transforming core-1.12.0.aar (androidx.core:core:1.12.0) with ExtractAarTransform
Transforming core-1.12.0.aar (androidx.core:core:1.12.0) with AarTransform
Transforming core-1.12.0.aar (androidx.core:core:1.12.0) with ExtractAarTransform
Transforming core-1.12.0.aar (androidx.core:core:1.12.0) with AarTransform
Transforming core-1.12.0.aar (androidx.core:core:1.12.0) with ExtractAarTransform
Transforming core-1.12.0.aar (androidx.core:core:1.12.0) with AarTransform
Transforming core-1.12.0.aar (androidx.core:core:1.12.0) with ExtractAarTransform
Transforming core-1.12.0.aar (androidx.core:core:1.12.0) with AarTransform
Transforming core-1.12.0.aar (androidx.core:core:1.12.0) with ExtractAarTransform
Transforming core-1.12.0.aar (androidx.core:core:1.12.0) with AarTransform
Transforming core-1.12.0.aar (androidx.core:core:1.12.0) with ExtractAarTransform
Transforming core-1.12.0.aar (androidx.core:core:1.12.0) with AarTransform
Transforming core-1.12.0.aar (androidx.core:core:1.12.0) with ExtractAarTransform
Transforming core-1.12.0.aar (androidx.core:core:1.12.0) with AarTransform
Transforming core-1.12.0.aar (androidx.core:core:1.12.0) with ExtractAarTransform
Transforming core-1.12.0.aar (androidx.core:core:1.12.0) with AarTransform
Transforming core-1.12.0.aar (androidx.core:core:1.12.0) with ExtractAarTransform
Transforming core-1.12.0.aar (androidx.core:core:1.12.0) with AarTransform
Transforming core-1.12.0.aar (androidx.core:core:1.12.0) with ExtractAarTransform
Transforming core-1.12.0.aar (androidx.core:core:1.12.0) with AarTransform
Transforming core-1.12.0.aar (androidx.core:core:1.12.0) with ExtractAarTransform
Transforming core-1.12.0.aar (androidx.core:core:1.12.0) with AarTransform
Transforming core-1.12.0.aar (androidx.core:core:1.12.0) with ExtractAarTransform
Transforming core-1.12.0.aar (androidx.core:core:1.12.0) with AarTransform
Transforming customview-poolingcontainer-1.0.0.aar (androidx.customview:customview-poolingcontainer:1.0.0) with ExtractAarTransform
Transforming customview-poolingcontainer-1.0.0.aar (androidx.customview:customview-poolingcontainer:1.0.0) with AarTransform
Transforming core-ktx-1.12.0.aar (androidx.core:core-ktx:1.12.0) with ExtractAarTransform
Transforming core-ktx-1.12.0.aar (androidx.core:core-ktx:1.12.0) with AarTransform
Transforming annotation-experimental-1.3.1.aar (androidx.annotation:annotation-experimental:1.3.1) with ExtractAarTransform
Transforming annotation-experimental-1.3.1.aar (androidx.annotation:annotation-experimental:1.3.1) with AarTransform
Transforming cardview-1.0.0.aar (androidx.cardview:cardview:1.0.0) with ExtractAarTransform
Transforming cardview-1.0.0.aar (androidx.cardview:cardview:1.0.0) with AarTransform
Transforming gifdecoder-4.16.0.aar (com.github.bumptech.glide:gifdecoder:4.16.0) with ExtractAarTransform
Transforming gifdecoder-4.16.0.aar (com.github.bumptech.glide:gifdecoder:4.16.0) with AarTransform
Transforming exifinterface-1.3.6.aar (androidx.exifinterface:exifinterface:1.3.6) with ExtractAarTransform
Transforming exifinterface-1.3.6.aar (androidx.exifinterface:exifinterface:1.3.6) with AarTransform
Transforming tracing-1.0.0.aar (androidx.tracing:tracing:1.0.0) with ExtractAarTransform
Transforming tracing-1.0.0.aar (androidx.tracing:tracing:1.0.0) with AarTransform
Transforming versionedparcelable-1.1.1.aar (androidx.versionedparcelable:versionedparcelable:1.1.1) with ExtractAarTransform
Transforming versionedparcelable-1.1.1.aar (androidx.versionedparcelable:versionedparcelable:1.1.1) with AarTransform
Transforming firebase-components-18.0.0.aar (com.google.firebase:firebase-components:18.0.0) with ExtractAarTransform
Transforming firebase-components-18.0.0.aar (com.google.firebase:firebase-components:18.0.0) with AarTransform
Transforming firebase-components-18.0.0.aar (com.google.firebase:firebase-components:18.0.0) with ExtractAarTransform
Transforming firebase-components-18.0.0.aar (com.google.firebase:firebase-components:18.0.0) with AarTransform
Transforming firebase-components-18.0.0.aar (com.google.firebase:firebase-components:18.0.0) with ExtractAarTransform
Transforming firebase-components-18.0.0.aar (com.google.firebase:firebase-components:18.0.0) with AarTransform
Transforming firebase-components-18.0.0.aar (com.google.firebase:firebase-components:18.0.0) with ExtractAarTransform
Transforming firebase-components-18.0.0.aar (com.google.firebase:firebase-components:18.0.0) with AarTransform
Transforming firebase-components-18.0.0.aar (com.google.firebase:firebase-components:18.0.0) with ExtractAarTransform
Transforming firebase-components-18.0.0.aar (com.google.firebase:firebase-components:18.0.0) with AarTransform
Transforming firebase-components-18.0.0.aar (com.google.firebase:firebase-components:18.0.0) with ExtractAarTransform
Transforming firebase-components-18.0.0.aar (com.google.firebase:firebase-components:18.0.0) with AarTransform
Transforming firebase-config-interop-16.0.1.aar (com.google.firebase:firebase-config-interop:16.0.1) with ExtractAarTransform
Transforming firebase-config-interop-16.0.1.aar (com.google.firebase:firebase-config-interop:16.0.1) with AarTransform
Transforming firebase-datatransport-19.0.0.aar (com.google.firebase:firebase-datatransport:19.0.0) with ExtractAarTransform
Transforming firebase-datatransport-19.0.0.aar (com.google.firebase:firebase-datatransport:19.0.0) with AarTransform
Transforming transport-backend-cct-3.3.0.aar (com.google.android.datatransport:transport-backend-cct:3.3.0) with ExtractAarTransform
Transforming transport-backend-cct-3.3.0.aar (com.google.android.datatransport:transport-backend-cct:3.3.0) with AarTransform
Transforming transport-backend-cct-3.3.0.aar (com.google.android.datatransport:transport-backend-cct:3.3.0) with ExtractAarTransform
Transforming transport-backend-cct-3.3.0.aar (com.google.android.datatransport:transport-backend-cct:3.3.0) with AarTransform
Transforming firebase-encoders-json-18.0.1.aar (com.google.firebase:firebase-encoders-json:18.0.1) with ExtractAarTransform
Transforming firebase-encoders-json-18.0.1.aar (com.google.firebase:firebase-encoders-json:18.0.1) with AarTransform
Transforming firebase-encoders-json-18.0.1.aar (com.google.firebase:firebase-encoders-json:18.0.1) with ExtractAarTransform
Transforming firebase-encoders-json-18.0.1.aar (com.google.firebase:firebase-encoders-json:18.0.1) with AarTransform
Transforming firebase-encoders-json-18.0.1.aar (com.google.firebase:firebase-encoders-json:18.0.1) with ExtractAarTransform
Transforming firebase-encoders-json-18.0.1.aar (com.google.firebase:firebase-encoders-json:18.0.1) with AarTransform
Transforming firebase-encoders-json-18.0.1.aar (com.google.firebase:firebase-encoders-json:18.0.1) with ExtractAarTransform
Transforming firebase-encoders-json-18.0.1.aar (com.google.firebase:firebase-encoders-json:18.0.1) with AarTransform
Transforming transport-runtime-3.3.0.aar (com.google.android.datatransport:transport-runtime:3.3.0) with ExtractAarTransform
Transforming transport-runtime-3.3.0.aar (com.google.android.datatransport:transport-runtime:3.3.0) with AarTransform
Transforming transport-runtime-3.3.0.aar (com.google.android.datatransport:transport-runtime:3.3.0) with ExtractAarTransform
Transforming transport-runtime-3.3.0.aar (com.google.android.datatransport:transport-runtime:3.3.0) with AarTransform
Transforming transport-runtime-3.3.0.aar (com.google.android.datatransport:transport-runtime:3.3.0) with ExtractAarTransform
Transforming transport-runtime-3.3.0.aar (com.google.android.datatransport:transport-runtime:3.3.0) with AarTransform
Transforming transport-api-3.2.0.aar (com.google.android.datatransport:transport-api:3.2.0) with ExtractAarTransform
Transforming transport-api-3.2.0.aar (com.google.android.datatransport:transport-api:3.2.0) with AarTransform
Transforming transport-api-3.2.0.aar (com.google.android.datatransport:transport-api:3.2.0) with ExtractAarTransform
Transforming transport-api-3.2.0.aar (com.google.android.datatransport:transport-api:3.2.0) with AarTransform
Transforming transport-api-3.2.0.aar (com.google.android.datatransport:transport-api:3.2.0) with ExtractAarTransform
Transforming transport-api-3.2.0.aar (com.google.android.datatransport:transport-api:3.2.0) with AarTransform
Transforming transport-api-3.2.0.aar (com.google.android.datatransport:transport-api:3.2.0) with ExtractAarTransform
Transforming transport-api-3.2.0.aar (com.google.android.datatransport:transport-api:3.2.0) with AarTransform
Transforming transport-api-3.2.0.aar (com.google.android.datatransport:transport-api:3.2.0) with ExtractAarTransform
Transforming transport-api-3.2.0.aar (com.google.android.datatransport:transport-api:3.2.0) with AarTransform
Transforming interpolator-1.0.0.aar (androidx.interpolator:interpolator:1.0.0) with ExtractAarTransform
Transforming interpolator-1.0.0.aar (androidx.interpolator:interpolator:1.0.0) with AarTransform
Transforming interpolator-1.0.0.aar (androidx.interpolator:interpolator:1.0.0) with ExtractAarTransform
Transforming interpolator-1.0.0.aar (androidx.interpolator:interpolator:1.0.0) with AarTransform
Transforming interpolator-1.0.0.aar (androidx.interpolator:interpolator:1.0.0) with ExtractAarTransform
Transforming interpolator-1.0.0.aar (androidx.interpolator:interpolator:1.0.0) with AarTransform
Transforming interpolator-1.0.0.aar (androidx.interpolator:interpolator:1.0.0) with ExtractAarTransform
Transforming interpolator-1.0.0.aar (androidx.interpolator:interpolator:1.0.0) with AarTransform
Transforming lifecycle-runtime-2.3.1.aar (androidx.lifecycle:lifecycle-runtime:2.3.1) with ExtractAarTransform
Transforming lifecycle-runtime-2.3.1.aar (androidx.lifecycle:lifecycle-runtime:2.3.1) with AarTransform
Transforming lifecycle-viewmodel-savedstate-2.3.1.aar (androidx.lifecycle:lifecycle-viewmodel-savedstate:2.3.1) with ExtractAarTransform
Transforming lifecycle-viewmodel-savedstate-2.3.1.aar (androidx.lifecycle:lifecycle-viewmodel-savedstate:2.3.1) with AarTransform
Transforming lifecycle-viewmodel-2.3.1.aar (androidx.lifecycle:lifecycle-viewmodel:2.3.1) with ExtractAarTransform
Transforming lifecycle-viewmodel-2.3.1.aar (androidx.lifecycle:lifecycle-viewmodel:2.3.1) with AarTransform
Transforming lifecycle-viewmodel-2.3.1.aar (androidx.lifecycle:lifecycle-viewmodel:2.3.1) with ExtractAarTransform
Transforming lifecycle-viewmodel-2.3.1.aar (androidx.lifecycle:lifecycle-viewmodel:2.3.1) with AarTransform
Transforming savedstate-1.1.0.aar (androidx.savedstate:savedstate:1.1.0) with ExtractAarTransform
Transforming savedstate-1.1.0.aar (androidx.savedstate:savedstate:1.1.0) with AarTransform
Transforming cursoradapter-1.0.0.aar (androidx.cursoradapter:cursoradapter:1.0.0) with ExtractAarTransform
Transforming cursoradapter-1.0.0.aar (androidx.cursoradapter:cursoradapter:1.0.0) with AarTransform
Transforming cursoradapter-1.0.0.aar (androidx.cursoradapter:cursoradapter:1.0.0) with ExtractAarTransform
Transforming cursoradapter-1.0.0.aar (androidx.cursoradapter:cursoradapter:1.0.0) with AarTransform
Transforming lifecycle-livedata-2.0.0.aar (androidx.lifecycle:lifecycle-livedata:2.0.0) with ExtractAarTransform
Transforming lifecycle-livedata-2.0.0.aar (androidx.lifecycle:lifecycle-livedata:2.0.0) with AarTransform
Transforming lifecycle-livedata-core-2.3.1.aar (androidx.lifecycle:lifecycle-livedata-core:2.3.1) with ExtractAarTransform
Transforming lifecycle-livedata-core-2.3.1.aar (androidx.lifecycle:lifecycle-livedata-core:2.3.1) with AarTransform
Transforming lifecycle-livedata-core-2.3.1.aar (androidx.lifecycle:lifecycle-livedata-core:2.3.1) with ExtractAarTransform
Transforming lifecycle-livedata-core-2.3.1.aar (androidx.lifecycle:lifecycle-livedata-core:2.3.1) with AarTransform
Transforming core-runtime-2.1.0.aar (androidx.arch.core:core-runtime:2.1.0) with ExtractAarTransform
Transforming core-runtime-2.1.0.aar (androidx.arch.core:core-runtime:2.1.0) with AarTransform
Transforming core-runtime-2.1.0.aar (androidx.arch.core:core-runtime:2.1.0) with ExtractAarTransform
Transforming core-runtime-2.1.0.aar (androidx.arch.core:core-runtime:2.1.0) with AarTransform
Transforming documentfile-1.0.0.aar (androidx.documentfile:documentfile:1.0.0) with ExtractAarTransform
Transforming documentfile-1.0.0.aar (androidx.documentfile:documentfile:1.0.0) with AarTransform
Transforming localbroadcastmanager-1.0.0.aar (androidx.localbroadcastmanager:localbroadcastmanager:1.0.0) with ExtractAarTransform
Transforming localbroadcastmanager-1.0.0.aar (androidx.localbroadcastmanager:localbroadcastmanager:1.0.0) with AarTransform
Transforming print-1.0.0.aar (androidx.print:print:1.0.0) with ExtractAarTransform
Transforming print-1.0.0.aar (androidx.print:print:1.0.0) with AarTransform
Transforming multidex-2.0.1.aar (androidx.multidex:multidex:2.0.1) with ExtractAarTransform
Transforming multidex-2.0.1.aar (androidx.multidex:multidex:2.0.1) with AarTransform
Transforming rtmp-client-3.2.0.aar (io.antmedia:rtmp-client:3.2.0) with ExtractAarTransform
Transforming rtmp-client-3.2.0.aar (io.antmedia:rtmp-client:3.2.0) with AarTransform
Caching disabled for task ':app:mergeDebugAssets' because:
  Build cache is disabled
Skipping task ':app:mergeDebugAssets' as it is up-to-date.
Resolve mutations for :app:compressDebugAssets (Thread[Execution worker Thread 5,5,main]) started.
:app:compressDebugAssets (Thread[Execution worker Thread 5,5,main]) started.

> Task :app:compressDebugAssets UP-TO-DATE
Caching disabled for task ':app:compressDebugAssets' because:
  Build cache is disabled
Skipping task ':app:compressDebugAssets' as it is up-to-date.
Resolve mutations for :app:checkDebugDuplicateClasses (Thread[Execution worker Thread 5,5,main]) started.
:app:checkDebugDuplicateClasses (Thread[Execution worker Thread 5,5,main]) started.

> Task :app:checkDebugDuplicateClasses UP-TO-DATE
Transforming viewbinding-8.3.1.aar (androidx.databinding:viewbinding:8.3.1) with AarToClassTransform
Transforming firebase-crashlytics-19.0.3.aar (com.google.firebase:firebase-crashlytics:19.0.3) with AarToClassTransform
Transforming leanback-1.0.0.aar (androidx.leanback:leanback:1.0.0) with AarToClassTransform
Transforming media3-exoplayer-hls-1.4.1.aar (androidx.media3:media3-exoplayer-hls:1.4.1) with AarToClassTransform
Transforming media3-exoplayer-rtsp-1.4.1.aar (androidx.media3:media3-exoplayer-rtsp:1.4.1) with AarToClassTransform
Transforming media3-exoplayer-dash-1.4.1.aar (androidx.media3:media3-exoplayer-dash:1.4.1) with AarToClassTransform
Transforming media3-exoplayer-1.4.1.aar (androidx.media3:media3-exoplayer:1.4.1) with AarToClassTransform
Transforming media3-datasource-rtmp-1.4.1.aar (androidx.media3:media3-datasource-rtmp:1.4.1) with AarToClassTransform
Transforming media3-extractor-1.4.1.aar (androidx.media3:media3-extractor:1.4.1) with AarToClassTransform
Transforming media3-container-1.4.1.aar (androidx.media3:media3-container:1.4.1) with AarToClassTransform
Transforming media3-datasource-1.4.1.aar (androidx.media3:media3-datasource:1.4.1) with AarToClassTransform
Transforming media3-decoder-1.4.1.aar (androidx.media3:media3-decoder:1.4.1) with AarToClassTransform
Transforming media3-database-1.4.1.aar (androidx.media3:media3-database:1.4.1) with AarToClassTransform
Transforming media3-common-1.4.1.aar (androidx.media3:media3-common:1.4.1) with AarToClassTransform
Transforming media3-ui-1.4.1.aar (androidx.media3:media3-ui:1.4.1) with AarToClassTransform
Transforming recyclerview-1.3.2.aar (androidx.recyclerview:recyclerview:1.3.2) with AarToClassTransform
Transforming recyclerview-1.3.2.aar (androidx.recyclerview:recyclerview:1.3.2) with AarToClassTransform
Transforming constraintlayout-2.1.4.aar (androidx.constraintlayout:constraintlayout:2.1.4) with AarToClassTransform
Transforming legacy-support-core-ui-1.0.0.aar (androidx.legacy:legacy-support-core-ui:1.0.0) with AarToClassTransform
Transforming glide-4.16.0.aar (com.github.bumptech.glide:glide:4.16.0) with AarToClassTransform
Transforming appcompat-1.2.0.aar (androidx.appcompat:appcompat:1.2.0) with AarToClassTransform
Transforming firebase-analytics-22.0.2.aar (com.google.firebase:firebase-analytics:22.0.2) with AarToClassTransform
Transforming play-services-measurement-22.0.2.aar (com.google.android.gms:play-services-measurement:22.0.2) with AarToClassTransform
Transforming play-services-measurement-api-22.0.2.aar (com.google.android.gms:play-services-measurement-api:22.0.2) with AarToClassTransform
Transforming play-services-measurement-sdk-22.0.2.aar (com.google.android.gms:play-services-measurement-sdk:22.0.2) with AarToClassTransform
Transforming firebase-measurement-connector-20.0.1.aar (com.google.firebase:firebase-measurement-connector:20.0.1) with AarToClassTransform
Transforming firebase-measurement-connector-20.0.1.aar (com.google.firebase:firebase-measurement-connector:20.0.1) with AarToClassTransform
Transforming viewbinding-8.3.1.aar (androidx.databinding:viewbinding:8.3.1) with EnumerateClassesTransform
Transforming firebase-sessions-2.0.3.aar (com.google.firebase:firebase-sessions:2.0.3) with AarToClassTransform
Transforming firebase-crashlytics-19.0.3.aar (com.google.firebase:firebase-crashlytics:19.0.3) with EnumerateClassesTransform
Transforming firebase-installations-18.0.0.aar (com.google.firebase:firebase-installations:18.0.0) with AarToClassTransform
Transforming firebase-installations-18.0.0.aar (com.google.firebase:firebase-installations:18.0.0) with AarToClassTransform
Transforming firebase-installations-18.0.0.aar (com.google.firebase:firebase-installations:18.0.0) with AarToClassTransform
Transforming firebase-common-ktx-21.0.0.aar (com.google.firebase:firebase-common-ktx:21.0.0) with AarToClassTransform
Transforming firebase-common-ktx-21.0.0.aar (com.google.firebase:firebase-common-ktx:21.0.0) with AarToClassTransform
Transforming firebase-common-ktx-21.0.0.aar (com.google.firebase:firebase-common-ktx:21.0.0) with AarToClassTransform
Transforming media3-exoplayer-1.4.1.aar (androidx.media3:media3-exoplayer:1.4.1) with EnumerateClassesTransform
Transforming media3-exoplayer-rtsp-1.4.1.aar (androidx.media3:media3-exoplayer-rtsp:1.4.1) with EnumerateClassesTransform
Transforming media3-datasource-rtmp-1.4.1.aar (androidx.media3:media3-datasource-rtmp:1.4.1) with EnumerateClassesTransform
Transforming media3-exoplayer-dash-1.4.1.aar (androidx.media3:media3-exoplayer-dash:1.4.1) with EnumerateClassesTransform
Transforming firebase-common-ktx-21.0.0.aar (com.google.firebase:firebase-common-ktx:21.0.0) with AarToClassTransform
Transforming firebase-common-21.0.0.aar (com.google.firebase:firebase-common:21.0.0) with AarToClassTransform
Transforming leanback-1.0.0.aar (androidx.leanback:leanback:1.0.0) with EnumerateClassesTransform
Transforming firebase-common-21.0.0.aar (com.google.firebase:firebase-common:21.0.0) with AarToClassTransform
Transforming firebase-common-21.0.0.aar (com.google.firebase:firebase-common:21.0.0) with AarToClassTransform
Transforming firebase-common-21.0.0.aar (com.google.firebase:firebase-common:21.0.0) with AarToClassTransform
Transforming firebase-common-21.0.0.aar (com.google.firebase:firebase-common:21.0.0) with AarToClassTransform
Transforming play-services-measurement-impl-22.0.2.aar (com.google.android.gms:play-services-measurement-impl:22.0.2) with AarToClassTransform
Transforming play-services-measurement-impl-22.0.2.aar (com.google.android.gms:play-services-measurement-impl:22.0.2) with AarToClassTransform
Transforming play-services-ads-identifier-18.0.0.aar (com.google.android.gms:play-services-ads-identifier:18.0.0) with AarToClassTransform
Transforming play-services-ads-identifier-18.0.0.aar (com.google.android.gms:play-services-ads-identifier:18.0.0) with AarToClassTransform
Transforming media3-exoplayer-hls-1.4.1.aar (androidx.media3:media3-exoplayer-hls:1.4.1) with EnumerateClassesTransform
Transforming play-services-ads-identifier-18.0.0.aar (com.google.android.gms:play-services-ads-identifier:18.0.0) with AarToClassTransform
Transforming play-services-measurement-sdk-api-22.0.2.aar (com.google.android.gms:play-services-measurement-sdk-api:22.0.2) with AarToClassTransform
Transforming media3-extractor-1.4.1.aar (androidx.media3:media3-extractor:1.4.1) with EnumerateClassesTransform
Transforming play-services-measurement-base-22.0.2.aar (com.google.android.gms:play-services-measurement-base:22.0.2) with AarToClassTransform
Transforming play-services-measurement-base-22.0.2.aar (com.google.android.gms:play-services-measurement-base:22.0.2) with AarToClassTransform
Transforming play-services-measurement-base-22.0.2.aar (com.google.android.gms:play-services-measurement-base:22.0.2) with AarToClassTransform
Transforming play-services-measurement-base-22.0.2.aar (com.google.android.gms:play-services-measurement-base:22.0.2) with AarToClassTransform
Transforming play-services-measurement-base-22.0.2.aar (com.google.android.gms:play-services-measurement-base:22.0.2) with AarToClassTransform
Transforming play-services-stats-17.0.2.aar (com.google.android.gms:play-services-stats:17.0.2) with AarToClassTransform
Transforming play-services-stats-17.0.2.aar (com.google.android.gms:play-services-stats:17.0.2) with AarToClassTransform
Transforming firebase-installations-interop-17.2.0.aar (com.google.firebase:firebase-installations-interop:17.2.0) with AarToClassTransform
Transforming firebase-installations-interop-17.2.0.aar (com.google.firebase:firebase-installations-interop:17.2.0) with AarToClassTransform
Transforming firebase-installations-interop-17.2.0.aar (com.google.firebase:firebase-installations-interop:17.2.0) with AarToClassTransform
Transforming firebase-installations-interop-17.2.0.aar (com.google.firebase:firebase-installations-interop:17.2.0) with AarToClassTransform
Transforming kotlinx-coroutines-android-1.8.1.jar (org.jetbrains.kotlinx:kotlinx-coroutines-android:1.8.1) with IdentityTransform
Transforming kotlinx-coroutines-android-1.8.1.jar (org.jetbrains.kotlinx:kotlinx-coroutines-android:1.8.1) with EnumerateClassesTransform
Transforming ads-adservices-java-1.0.0-beta05.aar (androidx.privacysandbox.ads:ads-adservices-java:1.0.0-beta05) with AarToClassTransform
Transforming ads-adservices-1.0.0-beta05.aar (androidx.privacysandbox.ads:ads-adservices:1.0.0-beta05) with AarToClassTransform
Transforming ads-adservices-1.0.0-beta05.aar (androidx.privacysandbox.ads:ads-adservices:1.0.0-beta05) with AarToClassTransform
Transforming datastore-preferences-1.0.0.aar (androidx.datastore:datastore-preferences:1.0.0) with AarToClassTransform
Transforming datastore-1.0.0.aar (androidx.datastore:datastore:1.0.0) with AarToClassTransform
Transforming kotlinx-coroutines-core-jvm-1.8.1.jar (org.jetbrains.kotlinx:kotlinx-coroutines-core-jvm:1.8.1) with IdentityTransform
Transforming kotlinx-coroutines-core-jvm-1.8.1.jar (org.jetbrains.kotlinx:kotlinx-coroutines-core-jvm:1.8.1) with EnumerateClassesTransform
Transforming kotlinx-coroutines-play-services-1.8.1.jar (org.jetbrains.kotlinx:kotlinx-coroutines-play-services:1.8.1) with IdentityTransform
Transforming kotlinx-coroutines-play-services-1.8.1.jar (org.jetbrains.kotlinx:kotlinx-coroutines-play-services:1.8.1) with EnumerateClassesTransform
Transforming play-services-tasks-18.2.0.aar (com.google.android.gms:play-services-tasks:18.2.0) with AarToClassTransform
Transforming play-services-tasks-18.2.0.aar (com.google.android.gms:play-services-tasks:18.2.0) with AarToClassTransform
Transforming play-services-tasks-18.2.0.aar (com.google.android.gms:play-services-tasks:18.2.0) with AarToClassTransform
Transforming play-services-tasks-18.2.0.aar (com.google.android.gms:play-services-tasks:18.2.0) with AarToClassTransform
Transforming play-services-tasks-18.2.0.aar (com.google.android.gms:play-services-tasks:18.2.0) with AarToClassTransform
Transforming play-services-tasks-18.2.0.aar (com.google.android.gms:play-services-tasks:18.2.0) with AarToClassTransform
Transforming play-services-basement-18.4.0.aar (com.google.android.gms:play-services-basement:18.4.0) with AarToClassTransform
Transforming play-services-basement-18.4.0.aar (com.google.android.gms:play-services-basement:18.4.0) with AarToClassTransform
Transforming play-services-basement-18.4.0.aar (com.google.android.gms:play-services-basement:18.4.0) with AarToClassTransform
Transforming play-services-basement-18.4.0.aar (com.google.android.gms:play-services-basement:18.4.0) with AarToClassTransform
Transforming play-services-basement-18.4.0.aar (com.google.android.gms:play-services-basement:18.4.0) with AarToClassTransform
Transforming play-services-basement-18.4.0.aar (com.google.android.gms:play-services-basement:18.4.0) with AarToClassTransform
Transforming play-services-basement-18.4.0.aar (com.google.android.gms:play-services-basement:18.4.0) with AarToClassTransform
Transforming play-services-basement-18.4.0.aar (com.google.android.gms:play-services-basement:18.4.0) with AarToClassTransform
Transforming media3-container-1.4.1.aar (androidx.media3:media3-container:1.4.1) with EnumerateClassesTransform
Transforming play-services-basement-18.4.0.aar (com.google.android.gms:play-services-basement:18.4.0) with AarToClassTransform
Transforming play-services-basement-18.4.0.aar (com.google.android.gms:play-services-basement:18.4.0) with AarToClassTransform
Transforming play-services-basement-18.4.0.aar (com.google.android.gms:play-services-basement:18.4.0) with AarToClassTransform
Transforming fragment-1.3.6.aar (androidx.fragment:fragment:1.3.6) with AarToClassTransform
Transforming fragment-1.3.6.aar (androidx.fragment:fragment:1.3.6) with AarToClassTransform
Transforming fragment-1.3.6.aar (androidx.fragment:fragment:1.3.6) with AarToClassTransform
Transforming viewpager-1.0.0.aar (androidx.viewpager:viewpager:1.0.0) with AarToClassTransform
Transforming viewpager-1.0.0.aar (androidx.viewpager:viewpager:1.0.0) with AarToClassTransform
Transforming drawerlayout-1.0.0.aar (androidx.drawerlayout:drawerlayout:1.0.0) with AarToClassTransform
Transforming drawerlayout-1.0.0.aar (androidx.drawerlayout:drawerlayout:1.0.0) with AarToClassTransform
Transforming coordinatorlayout-1.0.0.aar (androidx.coordinatorlayout:coordinatorlayout:1.0.0) with AarToClassTransform
Transforming media3-decoder-1.4.1.aar (androidx.media3:media3-decoder:1.4.1) with EnumerateClassesTransform
Transforming media3-common-1.4.1.aar (androidx.media3:media3-common:1.4.1) with EnumerateClassesTransform
Transforming slidingpanelayout-1.0.0.aar (androidx.slidingpanelayout:slidingpanelayout:1.0.0) with AarToClassTransform
Transforming media3-database-1.4.1.aar (androidx.media3:media3-database:1.4.1) with EnumerateClassesTransform
Transforming customview-1.0.0.aar (androidx.customview:customview:1.0.0) with AarToClassTransform
Transforming customview-1.0.0.aar (androidx.customview:customview:1.0.0) with AarToClassTransform
Transforming customview-1.0.0.aar (androidx.customview:customview:1.0.0) with AarToClassTransform
Transforming customview-1.0.0.aar (androidx.customview:customview:1.0.0) with AarToClassTransform
Transforming customview-1.0.0.aar (androidx.customview:customview:1.0.0) with AarToClassTransform
Transforming media3-ui-1.4.1.aar (androidx.media3:media3-ui:1.4.1) with EnumerateClassesTransform
Transforming customview-1.0.0.aar (androidx.customview:customview:1.0.0) with AarToClassTransform
Transforming media-1.7.0.aar (androidx.media:media:1.7.0) with AarToClassTransform
Transforming media-1.7.0.aar (androidx.media:media:1.7.0) with AarToClassTransform
Transforming legacy-support-core-ui-1.0.0.aar (androidx.legacy:legacy-support-core-ui:1.0.0) with EnumerateClassesTransform
Transforming legacy-support-core-utils-1.0.0.aar (androidx.legacy:legacy-support-core-utils:1.0.0) with AarToClassTransform
Transforming legacy-support-core-utils-1.0.0.aar (androidx.legacy:legacy-support-core-utils:1.0.0) with AarToClassTransform
Transforming legacy-support-core-utils-1.0.0.aar (androidx.legacy:legacy-support-core-utils:1.0.0) with AarToClassTransform
Transforming recyclerview-1.3.2.aar (androidx.recyclerview:recyclerview:1.3.2) with EnumerateClassesTransform
Transforming recyclerview-1.3.2.aar (androidx.recyclerview:recyclerview:1.3.2) with EnumerateClassesTransform
Transforming loader-1.0.0.aar (androidx.loader:loader:1.0.0) with AarToClassTransform
Transforming loader-1.0.0.aar (androidx.loader:loader:1.0.0) with AarToClassTransform
Transforming activity-1.2.4.aar (androidx.activity:activity:1.2.4) with AarToClassTransform
Transforming appcompat-resources-1.2.0.aar (androidx.appcompat:appcompat-resources:1.2.0) with AarToClassTransform
Transforming vectordrawable-animated-1.1.0.aar (androidx.vectordrawable:vectordrawable-animated:1.1.0) with AarToClassTransform
Transforming vectordrawable-1.1.0.aar (androidx.vectordrawable:vectordrawable:1.1.0) with AarToClassTransform
Transforming vectordrawable-1.1.0.aar (androidx.vectordrawable:vectordrawable:1.1.0) with AarToClassTransform
Transforming swiperefreshlayout-1.0.0.aar (androidx.swiperefreshlayout:swiperefreshlayout:1.0.0) with AarToClassTransform
Transforming asynclayoutinflater-1.0.0.aar (androidx.asynclayoutinflater:asynclayoutinflater:1.0.0) with AarToClassTransform
Transforming core-1.12.0.aar (androidx.core:core:1.12.0) with AarToClassTransform
Transforming core-1.12.0.aar (androidx.core:core:1.12.0) with AarToClassTransform
Transforming appcompat-1.2.0.aar (androidx.appcompat:appcompat:1.2.0) with EnumerateClassesTransform
Transforming core-1.12.0.aar (androidx.core:core:1.12.0) with AarToClassTransform
Transforming core-1.12.0.aar (androidx.core:core:1.12.0) with AarToClassTransform
Transforming core-1.12.0.aar (androidx.core:core:1.12.0) with AarToClassTransform
Transforming core-1.12.0.aar (androidx.core:core:1.12.0) with AarToClassTransform
Transforming core-1.12.0.aar (androidx.core:core:1.12.0) with AarToClassTransform
Transforming core-1.12.0.aar (androidx.core:core:1.12.0) with AarToClassTransform
Transforming core-1.12.0.aar (androidx.core:core:1.12.0) with AarToClassTransform
Transforming core-1.12.0.aar (androidx.core:core:1.12.0) with AarToClassTransform
Transforming core-1.12.0.aar (androidx.core:core:1.12.0) with AarToClassTransform
Transforming core-1.12.0.aar (androidx.core:core:1.12.0) with AarToClassTransform
Transforming constraintlayout-2.1.4.aar (androidx.constraintlayout:constraintlayout:2.1.4) with EnumerateClassesTransform
Transforming glide-4.16.0.aar (com.github.bumptech.glide:glide:4.16.0) with EnumerateClassesTransform
Transforming core-1.12.0.aar (androidx.core:core:1.12.0) with AarToClassTransform
Transforming core-1.12.0.aar (androidx.core:core:1.12.0) with AarToClassTransform
Transforming core-1.12.0.aar (androidx.core:core:1.12.0) with AarToClassTransform
Transforming customview-poolingcontainer-1.0.0.aar (androidx.customview:customview-poolingcontainer:1.0.0) with AarToClassTransform
Transforming core-ktx-1.12.0.aar (androidx.core:core-ktx:1.12.0) with AarToClassTransform
Transforming kotlin-stdlib-jdk7-1.9.10.jar (org.jetbrains.kotlin:kotlin-stdlib-jdk7:1.9.10) with IdentityTransform
Transforming kotlin-stdlib-jdk7-1.9.10.jar (org.jetbrains.kotlin:kotlin-stdlib-jdk7:1.9.10) with EnumerateClassesTransform
Transforming annotation-experimental-1.3.1.aar (androidx.annotation:annotation-experimental:1.3.1) with AarToClassTransform
Transforming cardview-1.0.0.aar (androidx.cardview:cardview:1.0.0) with AarToClassTransform
Transforming gifdecoder-4.16.0.aar (com.github.bumptech.glide:gifdecoder:4.16.0) with AarToClassTransform
Transforming exifinterface-1.3.6.aar (androidx.exifinterface:exifinterface:1.3.6) with AarToClassTransform
Transforming tracing-1.0.0.aar (androidx.tracing:tracing:1.0.0) with AarToClassTransform
Transforming versionedparcelable-1.1.1.aar (androidx.versionedparcelable:versionedparcelable:1.1.1) with AarToClassTransform
Transforming collection-1.2.0.jar (androidx.collection:collection:1.2.0) with IdentityTransform
Transforming collection-1.2.0.jar (androidx.collection:collection:1.2.0) with EnumerateClassesTransform
Transforming firebase-components-18.0.0.aar (com.google.firebase:firebase-components:18.0.0) with AarToClassTransform
Transforming firebase-components-18.0.0.aar (com.google.firebase:firebase-components:18.0.0) with AarToClassTransform
Transforming firebase-components-18.0.0.aar (com.google.firebase:firebase-components:18.0.0) with AarToClassTransform
Transforming firebase-components-18.0.0.aar (com.google.firebase:firebase-components:18.0.0) with AarToClassTransform
Transforming firebase-components-18.0.0.aar (com.google.firebase:firebase-components:18.0.0) with AarToClassTransform
Transforming firebase-components-18.0.0.aar (com.google.firebase:firebase-components:18.0.0) with AarToClassTransform
Transforming firebase-config-interop-16.0.1.aar (com.google.firebase:firebase-config-interop:16.0.1) with AarToClassTransform
Transforming firebase-datatransport-19.0.0.aar (com.google.firebase:firebase-datatransport:19.0.0) with AarToClassTransform
Transforming transport-backend-cct-3.3.0.aar (com.google.android.datatransport:transport-backend-cct:3.3.0) with AarToClassTransform
Transforming transport-backend-cct-3.3.0.aar (com.google.android.datatransport:transport-backend-cct:3.3.0) with AarToClassTransform
Transforming firebase-encoders-json-18.0.1.aar (com.google.firebase:firebase-encoders-json:18.0.1) with AarToClassTransform
Transforming firebase-encoders-json-18.0.1.aar (com.google.firebase:firebase-encoders-json:18.0.1) with AarToClassTransform
Transforming firebase-encoders-json-18.0.1.aar (com.google.firebase:firebase-encoders-json:18.0.1) with AarToClassTransform
Transforming firebase-encoders-json-18.0.1.aar (com.google.firebase:firebase-encoders-json:18.0.1) with AarToClassTransform
Transforming transport-runtime-3.3.0.aar (com.google.android.datatransport:transport-runtime:3.3.0) with AarToClassTransform
Transforming transport-runtime-3.3.0.aar (com.google.android.datatransport:transport-runtime:3.3.0) with AarToClassTransform
Transforming transport-runtime-3.3.0.aar (com.google.android.datatransport:transport-runtime:3.3.0) with AarToClassTransform
Transforming transport-api-3.2.0.aar (com.google.android.datatransport:transport-api:3.2.0) with AarToClassTransform
Transforming transport-api-3.2.0.aar (com.google.android.datatransport:transport-api:3.2.0) with AarToClassTransform
Transforming transport-api-3.2.0.aar (com.google.android.datatransport:transport-api:3.2.0) with AarToClassTransform
Transforming transport-api-3.2.0.aar (com.google.android.datatransport:transport-api:3.2.0) with AarToClassTransform
Transforming transport-api-3.2.0.aar (com.google.android.datatransport:transport-api:3.2.0) with AarToClassTransform
Transforming firebase-encoders-17.0.0.jar (com.google.firebase:firebase-encoders:17.0.0) with IdentityTransform
Transforming firebase-encoders-17.0.0.jar (com.google.firebase:firebase-encoders:17.0.0) with EnumerateClassesTransform
Transforming interpolator-1.0.0.aar (androidx.interpolator:interpolator:1.0.0) with AarToClassTransform
Transforming interpolator-1.0.0.aar (androidx.interpolator:interpolator:1.0.0) with AarToClassTransform
Transforming interpolator-1.0.0.aar (androidx.interpolator:interpolator:1.0.0) with AarToClassTransform
Transforming interpolator-1.0.0.aar (androidx.interpolator:interpolator:1.0.0) with AarToClassTransform
Transforming lifecycle-runtime-2.3.1.aar (androidx.lifecycle:lifecycle-runtime:2.3.1) with AarToClassTransform
Transforming lifecycle-viewmodel-savedstate-2.3.1.aar (androidx.lifecycle:lifecycle-viewmodel-savedstate:2.3.1) with AarToClassTransform
Transforming lifecycle-viewmodel-2.3.1.aar (androidx.lifecycle:lifecycle-viewmodel:2.3.1) with AarToClassTransform
Transforming lifecycle-viewmodel-2.3.1.aar (androidx.lifecycle:lifecycle-viewmodel:2.3.1) with AarToClassTransform
Transforming savedstate-1.1.0.aar (androidx.savedstate:savedstate:1.1.0) with AarToClassTransform
Transforming cursoradapter-1.0.0.aar (androidx.cursoradapter:cursoradapter:1.0.0) with AarToClassTransform
Transforming firebase-analytics-22.0.2.aar (com.google.firebase:firebase-analytics:22.0.2) with EnumerateClassesTransform
Transforming play-services-measurement-api-22.0.2.aar (com.google.android.gms:play-services-measurement-api:22.0.2) with EnumerateClassesTransform
Transforming cursoradapter-1.0.0.aar (androidx.cursoradapter:cursoradapter:1.0.0) with AarToClassTransform
Transforming lifecycle-livedata-2.0.0.aar (androidx.lifecycle:lifecycle-livedata:2.0.0) with AarToClassTransform
Transforming lifecycle-livedata-core-2.3.1.aar (androidx.lifecycle:lifecycle-livedata-core:2.3.1) with AarToClassTransform
Transforming lifecycle-livedata-core-2.3.1.aar (androidx.lifecycle:lifecycle-livedata-core:2.3.1) with AarToClassTransform
Transforming core-runtime-2.1.0.aar (androidx.arch.core:core-runtime:2.1.0) with AarToClassTransform
Transforming core-runtime-2.1.0.aar (androidx.arch.core:core-runtime:2.1.0) with AarToClassTransform
Transforming lifecycle-common-2.3.1.jar (androidx.lifecycle:lifecycle-common:2.3.1) with IdentityTransform
Transforming lifecycle-common-2.3.1.jar (androidx.lifecycle:lifecycle-common:2.3.1) with EnumerateClassesTransform
Transforming play-services-measurement-sdk-22.0.2.aar (com.google.android.gms:play-services-measurement-sdk:22.0.2) with EnumerateClassesTransform
Transforming firebase-measurement-connector-20.0.1.aar (com.google.firebase:firebase-measurement-connector:20.0.1) with EnumerateClassesTransform
Transforming core-common-2.1.0.jar (androidx.arch.core:core-common:2.1.0) with IdentityTransform
Transforming core-common-2.1.0.jar (androidx.arch.core:core-common:2.1.0) with EnumerateClassesTransform
Transforming documentfile-1.0.0.aar (androidx.documentfile:documentfile:1.0.0) with AarToClassTransform
Transforming localbroadcastmanager-1.0.0.aar (androidx.localbroadcastmanager:localbroadcastmanager:1.0.0) with AarToClassTransform
Transforming print-1.0.0.aar (androidx.print:print:1.0.0) with AarToClassTransform
Transforming annotation-jvm-1.6.0.jar (androidx.annotation:annotation-jvm:1.6.0) with IdentityTransform
Transforming annotation-jvm-1.6.0.jar (androidx.annotation:annotation-jvm:1.6.0) with EnumerateClassesTransform
Transforming kotlin-stdlib-1.9.21.jar (org.jetbrains.kotlin:kotlin-stdlib:1.9.21) with IdentityTransform
Transforming play-services-measurement-22.0.2.aar (com.google.android.gms:play-services-measurement:22.0.2) with EnumerateClassesTransform
Transforming kotlin-stdlib-1.9.21.jar (org.jetbrains.kotlin:kotlin-stdlib:1.9.21) with EnumerateClassesTransform
Transforming kotlin-stdlib-jdk8-1.9.10.jar (org.jetbrains.kotlin:kotlin-stdlib-jdk8:1.9.10) with IdentityTransform
Transforming kotlin-stdlib-jdk8-1.9.10.jar (org.jetbrains.kotlin:kotlin-stdlib-jdk8:1.9.10) with EnumerateClassesTransform
Transforming multidex-2.0.1.aar (androidx.multidex:multidex:2.0.1) with AarToClassTransform
Transforming firebase-sessions-2.0.3.aar (com.google.firebase:firebase-sessions:2.0.3) with EnumerateClassesTransform
Transforming firebase-installations-18.0.0.aar (com.google.firebase:firebase-installations:18.0.0) with EnumerateClassesTransform
Transforming gson-2.10.1.jar (com.google.code.gson:gson:2.10.1) with IdentityTransform
Transforming gson-2.10.1.jar (com.google.code.gson:gson:2.10.1) with EnumerateClassesTransform
Transforming converter-gson-2.6.4.jar (com.squareup.retrofit2:converter-gson:2.6.4) with IdentityTransform
Transforming converter-gson-2.6.4.jar (com.squareup.retrofit2:converter-gson:2.6.4) with EnumerateClassesTransform
Transforming retrofit-2.6.4.jar (com.squareup.retrofit2:retrofit:2.6.4) with IdentityTransform
Transforming retrofit-2.6.4.jar (com.squareup.retrofit2:retrofit:2.6.4) with EnumerateClassesTransform
Transforming gua64-1.4.5.jar (io.github.lizongying:gua64:1.4.5) with IdentityTransform
Transforming gua64-1.4.5.jar (io.github.lizongying:gua64:1.4.5) with EnumerateClassesTransform
Transforming nanohttpd-2.3.1.jar (org.nanohttpd:nanohttpd:2.3.1) with IdentityTransform
Transforming firebase-common-ktx-21.0.0.aar (com.google.firebase:firebase-common-ktx:21.0.0) with EnumerateClassesTransform
Transforming nanohttpd-2.3.1.jar (org.nanohttpd:nanohttpd:2.3.1) with EnumerateClassesTransform
Transforming core-3.5.3.jar (com.google.zxing:core:3.5.3) with IdentityTransform
Transforming core-3.5.3.jar (com.google.zxing:core:3.5.3) with EnumerateClassesTransform
Transforming disklrucache-4.16.0.jar (com.github.bumptech.glide:disklrucache:4.16.0) with IdentityTransform
Transforming disklrucache-4.16.0.jar (com.github.bumptech.glide:disklrucache:4.16.0) with EnumerateClassesTransform
Transforming annotations-4.16.0.jar (com.github.bumptech.glide:annotations:4.16.0) with IdentityTransform
Transforming annotations-4.16.0.jar (com.github.bumptech.glide:annotations:4.16.0) with EnumerateClassesTransform
Transforming okhttp-3.12.0.jar (com.squareup.okhttp3:okhttp:3.12.0) with IdentityTransform
Transforming okhttp-3.12.0.jar (com.squareup.okhttp3:okhttp:3.12.0) with EnumerateClassesTransform
Transforming rtmp-client-3.2.0.aar (io.antmedia:rtmp-client:3.2.0) with AarToClassTransform
Transforming firebase-annotations-16.2.0.jar (com.google.firebase:firebase-annotations:16.2.0) with IdentityTransform
Transforming firebase-annotations-16.2.0.jar (com.google.firebase:firebase-annotations:16.2.0) with EnumerateClassesTransform
Transforming okio-1.15.0.jar (com.squareup.okio:okio:1.15.0) with IdentityTransform
Transforming okio-1.15.0.jar (com.squareup.okio:okio:1.15.0) with EnumerateClassesTransform
Transforming annotations-23.0.0.jar (org.jetbrains:annotations:23.0.0) with IdentityTransform
Transforming annotations-23.0.0.jar (org.jetbrains:annotations:23.0.0) with EnumerateClassesTransform
Transforming guava-33.0.0-android.jar (com.google.guava:guava:33.0.0-android) with IdentityTransform
Transforming guava-33.0.0-android.jar (com.google.guava:guava:33.0.0-android) with EnumerateClassesTransform
Transforming javax.inject-1.jar (javax.inject:javax.inject:1) with IdentityTransform
Transforming javax.inject-1.jar (javax.inject:javax.inject:1) with EnumerateClassesTransform
Transforming error_prone_annotations-2.26.0.jar (com.google.errorprone:error_prone_annotations:2.26.0) with IdentityTransform
Transforming error_prone_annotations-2.26.0.jar (com.google.errorprone:error_prone_annotations:2.26.0) with EnumerateClassesTransform
Transforming failureaccess-1.0.2.jar (com.google.guava:failureaccess:1.0.2) with IdentityTransform
Transforming failureaccess-1.0.2.jar (com.google.guava:failureaccess:1.0.2) with EnumerateClassesTransform
Transforming listenablefuture-9999.0-empty-to-avoid-conflict-with-guava.jar (com.google.guava:listenablefuture:9999.0-empty-to-avoid-conflict-with-guava) with IdentityTransform
Transforming listenablefuture-9999.0-empty-to-avoid-conflict-with-guava.jar (com.google.guava:listenablefuture:9999.0-empty-to-avoid-conflict-with-guava) with EnumerateClassesTransform
Transforming jsr305-3.0.2.jar (com.google.code.findbugs:jsr305:3.0.2) with IdentityTransform
Transforming jsr305-3.0.2.jar (com.google.code.findbugs:jsr305:3.0.2) with EnumerateClassesTransform
Transforming checker-qual-3.41.0.jar (org.checkerframework:checker-qual:3.41.0) with IdentityTransform
Transforming checker-qual-3.41.0.jar (org.checkerframework:checker-qual:3.41.0) with EnumerateClassesTransform
Transforming firebase-common-21.0.0.aar (com.google.firebase:firebase-common:21.0.0) with EnumerateClassesTransform
Transforming play-services-measurement-impl-22.0.2.aar (com.google.android.gms:play-services-measurement-impl:22.0.2) with EnumerateClassesTransform
Transforming play-services-ads-identifier-18.0.0.aar (com.google.android.gms:play-services-ads-identifier:18.0.0) with EnumerateClassesTransform
Transforming play-services-measurement-sdk-api-22.0.2.aar (com.google.android.gms:play-services-measurement-sdk-api:22.0.2) with EnumerateClassesTransform
Transforming play-services-measurement-base-22.0.2.aar (com.google.android.gms:play-services-measurement-base:22.0.2) with EnumerateClassesTransform
Transforming play-services-stats-17.0.2.aar (com.google.android.gms:play-services-stats:17.0.2) with EnumerateClassesTransform
Transforming firebase-installations-interop-17.2.0.aar (com.google.firebase:firebase-installations-interop:17.2.0) with EnumerateClassesTransform
Transforming datastore-preferences-core-1.0.0.jar (androidx.datastore:datastore-preferences-core:1.0.0) with IdentityTransform
Transforming datastore-preferences-1.0.0.aar (androidx.datastore:datastore-preferences:1.0.0) with EnumerateClassesTransform
Transforming ads-adservices-java-1.0.0-beta05.aar (androidx.privacysandbox.ads:ads-adservices-java:1.0.0-beta05) with EnumerateClassesTransform
Transforming ads-adservices-1.0.0-beta05.aar (androidx.privacysandbox.ads:ads-adservices:1.0.0-beta05) with EnumerateClassesTransform
Transforming ads-adservices-1.0.0-beta05.aar (androidx.privacysandbox.ads:ads-adservices:1.0.0-beta05) with EnumerateClassesTransform
Transforming datastore-core-1.0.0.jar (androidx.datastore:datastore-core:1.0.0) with IdentityTransform
Transforming datastore-1.0.0.aar (androidx.datastore:datastore:1.0.0) with EnumerateClassesTransform
Transforming datastore-preferences-core-1.0.0.jar (androidx.datastore:datastore-preferences-core:1.0.0) with EnumerateClassesTransform
Transforming play-services-tasks-18.2.0.aar (com.google.android.gms:play-services-tasks:18.2.0) with EnumerateClassesTransform
Transforming play-services-tasks-18.2.0.aar (com.google.android.gms:play-services-tasks:18.2.0) with EnumerateClassesTransform
Transforming datastore-core-1.0.0.jar (androidx.datastore:datastore-core:1.0.0) with EnumerateClassesTransform
Transforming play-services-basement-18.4.0.aar (com.google.android.gms:play-services-basement:18.4.0) with EnumerateClassesTransform
Transforming slidingpanelayout-1.0.0.aar (androidx.slidingpanelayout:slidingpanelayout:1.0.0) with EnumerateClassesTransform
Transforming drawerlayout-1.0.0.aar (androidx.drawerlayout:drawerlayout:1.0.0) with EnumerateClassesTransform
Transforming fragment-1.3.6.aar (androidx.fragment:fragment:1.3.6) with EnumerateClassesTransform
Transforming drawerlayout-1.0.0.aar (androidx.drawerlayout:drawerlayout:1.0.0) with EnumerateClassesTransform
Transforming fragment-1.3.6.aar (androidx.fragment:fragment:1.3.6) with EnumerateClassesTransform
Transforming coordinatorlayout-1.0.0.aar (androidx.coordinatorlayout:coordinatorlayout:1.0.0) with EnumerateClassesTransform
Transforming customview-1.0.0.aar (androidx.customview:customview:1.0.0) with EnumerateClassesTransform
Transforming customview-1.0.0.aar (androidx.customview:customview:1.0.0) with EnumerateClassesTransform
Transforming viewpager-1.0.0.aar (androidx.viewpager:viewpager:1.0.0) with EnumerateClassesTransform
Transforming viewpager-1.0.0.aar (androidx.viewpager:viewpager:1.0.0) with EnumerateClassesTransform
Transforming media-1.7.0.aar (androidx.media:media:1.7.0) with EnumerateClassesTransform
Transforming media-1.7.0.aar (androidx.media:media:1.7.0) with EnumerateClassesTransform
Transforming legacy-support-core-utils-1.0.0.aar (androidx.legacy:legacy-support-core-utils:1.0.0) with EnumerateClassesTransform
Transforming appcompat-resources-1.2.0.aar (androidx.appcompat:appcompat-resources:1.2.0) with EnumerateClassesTransform
Transforming loader-1.0.0.aar (androidx.loader:loader:1.0.0) with EnumerateClassesTransform
Transforming loader-1.0.0.aar (androidx.loader:loader:1.0.0) with EnumerateClassesTransform
Transforming activity-1.2.4.aar (androidx.activity:activity:1.2.4) with EnumerateClassesTransform
Transforming vectordrawable-animated-1.1.0.aar (androidx.vectordrawable:vectordrawable-animated:1.1.0) with EnumerateClassesTransform
Transforming vectordrawable-1.1.0.aar (androidx.vectordrawable:vectordrawable:1.1.0) with EnumerateClassesTransform
Transforming vectordrawable-1.1.0.aar (androidx.vectordrawable:vectordrawable:1.1.0) with EnumerateClassesTransform
Transforming asynclayoutinflater-1.0.0.aar (androidx.asynclayoutinflater:asynclayoutinflater:1.0.0) with EnumerateClassesTransform
Transforming core-1.12.0.aar (androidx.core:core:1.12.0) with EnumerateClassesTransform
Transforming core-1.12.0.aar (androidx.core:core:1.12.0) with EnumerateClassesTransform
Transforming swiperefreshlayout-1.0.0.aar (androidx.swiperefreshlayout:swiperefreshlayout:1.0.0) with EnumerateClassesTransform
Transforming core-ktx-1.12.0.aar (androidx.core:core-ktx:1.12.0) with EnumerateClassesTransform
Transforming customview-poolingcontainer-1.0.0.aar (androidx.customview:customview-poolingcontainer:1.0.0) with EnumerateClassesTransform
Transforming tracing-1.0.0.aar (androidx.tracing:tracing:1.0.0) with EnumerateClassesTransform
Transforming annotation-experimental-1.3.1.aar (androidx.annotation:annotation-experimental:1.3.1) with EnumerateClassesTransform
Transforming cardview-1.0.0.aar (androidx.cardview:cardview:1.0.0) with EnumerateClassesTransform
Transforming firebase-components-18.0.0.aar (com.google.firebase:firebase-components:18.0.0) with EnumerateClassesTransform
Transforming gifdecoder-4.16.0.aar (com.github.bumptech.glide:gifdecoder:4.16.0) with EnumerateClassesTransform
Transforming exifinterface-1.3.6.aar (androidx.exifinterface:exifinterface:1.3.6) with EnumerateClassesTransform
Transforming versionedparcelable-1.1.1.aar (androidx.versionedparcelable:versionedparcelable:1.1.1) with EnumerateClassesTransform
Transforming firebase-config-interop-16.0.1.aar (com.google.firebase:firebase-config-interop:16.0.1) with EnumerateClassesTransform
Transforming transport-backend-cct-3.3.0.aar (com.google.android.datatransport:transport-backend-cct:3.3.0) with EnumerateClassesTransform
Transforming firebase-encoders-json-18.0.1.aar (com.google.firebase:firebase-encoders-json:18.0.1) with EnumerateClassesTransform
Transforming transport-runtime-3.3.0.aar (com.google.android.datatransport:transport-runtime:3.3.0) with EnumerateClassesTransform
Transforming firebase-datatransport-19.0.0.aar (com.google.firebase:firebase-datatransport:19.0.0) with EnumerateClassesTransform
Transforming firebase-encoders-proto-16.0.0.jar (com.google.firebase:firebase-encoders-proto:16.0.0) with IdentityTransform
Transforming transport-api-3.2.0.aar (com.google.android.datatransport:transport-api:3.2.0) with EnumerateClassesTransform
Transforming firebase-encoders-proto-16.0.0.jar (com.google.firebase:firebase-encoders-proto:16.0.0) with EnumerateClassesTransform
Transforming interpolator-1.0.0.aar (androidx.interpolator:interpolator:1.0.0) with EnumerateClassesTransform
Transforming lifecycle-runtime-2.3.1.aar (androidx.lifecycle:lifecycle-runtime:2.3.1) with EnumerateClassesTransform
Transforming interpolator-1.0.0.aar (androidx.interpolator:interpolator:1.0.0) with EnumerateClassesTransform
Transforming lifecycle-viewmodel-savedstate-2.3.1.aar (androidx.lifecycle:lifecycle-viewmodel-savedstate:2.3.1) with EnumerateClassesTransform
Transforming savedstate-1.1.0.aar (androidx.savedstate:savedstate:1.1.0) with EnumerateClassesTransform
Transforming lifecycle-viewmodel-2.3.1.aar (androidx.lifecycle:lifecycle-viewmodel:2.3.1) with EnumerateClassesTransform
Transforming concurrent-futures-1.1.0.jar (androidx.concurrent:concurrent-futures:1.1.0) with IdentityTransform
Transforming lifecycle-viewmodel-2.3.1.aar (androidx.lifecycle:lifecycle-viewmodel:2.3.1) with EnumerateClassesTransform
Transforming lifecycle-livedata-core-2.3.1.aar (androidx.lifecycle:lifecycle-livedata-core:2.3.1) with EnumerateClassesTransform
Transforming cursoradapter-1.0.0.aar (androidx.cursoradapter:cursoradapter:1.0.0) with EnumerateClassesTransform
Transforming cursoradapter-1.0.0.aar (androidx.cursoradapter:cursoradapter:1.0.0) with EnumerateClassesTransform
Transforming lifecycle-livedata-core-2.3.1.aar (androidx.lifecycle:lifecycle-livedata-core:2.3.1) with EnumerateClassesTransform
Transforming lifecycle-livedata-2.0.0.aar (androidx.lifecycle:lifecycle-livedata:2.0.0) with EnumerateClassesTransform
Transforming core-runtime-2.1.0.aar (androidx.arch.core:core-runtime:2.1.0) with EnumerateClassesTransform
Transforming core-runtime-2.1.0.aar (androidx.arch.core:core-runtime:2.1.0) with EnumerateClassesTransform
Transforming concurrent-futures-1.1.0.jar (androidx.concurrent:concurrent-futures:1.1.0) with EnumerateClassesTransform
Transforming documentfile-1.0.0.aar (androidx.documentfile:documentfile:1.0.0) with EnumerateClassesTransform
Transforming localbroadcastmanager-1.0.0.aar (androidx.localbroadcastmanager:localbroadcastmanager:1.0.0) with EnumerateClassesTransform
Transforming print-1.0.0.aar (androidx.print:print:1.0.0) with EnumerateClassesTransform
Transforming multidex-2.0.1.aar (androidx.multidex:multidex:2.0.1) with EnumerateClassesTransform
Transforming constraintlayout-core-1.0.4.jar (androidx.constraintlayout:constraintlayout-core:1.0.4) with IdentityTransform
Transforming rtmp-client-3.2.0.aar (io.antmedia:rtmp-client:3.2.0) with EnumerateClassesTransform
Transforming constraintlayout-core-1.0.4.jar (androidx.constraintlayout:constraintlayout-core:1.0.4) with EnumerateClassesTransform
Transforming media3-datasource-1.4.1.aar (androidx.media3:media3-datasource:1.4.1) with EnumerateClassesTransform
Caching disabled for task ':app:checkDebugDuplicateClasses' because:
  Build cache is disabled
Skipping task ':app:checkDebugDuplicateClasses' as it is up-to-date.
Resolve mutations for :app:desugarDebugFileDependencies (Thread[Execution worker Thread 5,5,main]) started.
:app:desugarDebugFileDependencies (Thread[Execution worker Thread 5,5,main]) started.

> Task :app:desugarDebugFileDependencies UP-TO-DATE
Transforming viewbinding-8.3.1.aar (androidx.databinding:viewbinding:8.3.1) with ExtractAarTransform
Transforming viewbinding-8.3.1.aar (androidx.databinding:viewbinding:8.3.1) with AarTransform
Transforming firebase-crashlytics-19.0.3.aar (com.google.firebase:firebase-crashlytics:19.0.3) with ExtractAarTransform
Transforming firebase-crashlytics-19.0.3.aar (com.google.firebase:firebase-crashlytics:19.0.3) with AarTransform
Transforming leanback-1.0.0.aar (androidx.leanback:leanback:1.0.0) with ExtractAarTransform
Transforming leanback-1.0.0.aar (androidx.leanback:leanback:1.0.0) with AarTransform
Transforming media3-exoplayer-hls-1.4.1.aar (androidx.media3:media3-exoplayer-hls:1.4.1) with ExtractAarTransform
Transforming media3-exoplayer-hls-1.4.1.aar (androidx.media3:media3-exoplayer-hls:1.4.1) with AarTransform
Transforming media3-exoplayer-rtsp-1.4.1.aar (androidx.media3:media3-exoplayer-rtsp:1.4.1) with ExtractAarTransform
Transforming media3-exoplayer-rtsp-1.4.1.aar (androidx.media3:media3-exoplayer-rtsp:1.4.1) with AarTransform
Transforming media3-exoplayer-dash-1.4.1.aar (androidx.media3:media3-exoplayer-dash:1.4.1) with ExtractAarTransform
Transforming media3-exoplayer-dash-1.4.1.aar (androidx.media3:media3-exoplayer-dash:1.4.1) with AarTransform
Transforming media3-exoplayer-1.4.1.aar (androidx.media3:media3-exoplayer:1.4.1) with ExtractAarTransform
Transforming media3-exoplayer-1.4.1.aar (androidx.media3:media3-exoplayer:1.4.1) with AarTransform
Transforming media3-datasource-rtmp-1.4.1.aar (androidx.media3:media3-datasource-rtmp:1.4.1) with ExtractAarTransform
Transforming media3-datasource-rtmp-1.4.1.aar (androidx.media3:media3-datasource-rtmp:1.4.1) with AarTransform
Transforming media3-extractor-1.4.1.aar (androidx.media3:media3-extractor:1.4.1) with ExtractAarTransform
Transforming media3-extractor-1.4.1.aar (androidx.media3:media3-extractor:1.4.1) with AarTransform
Transforming media3-container-1.4.1.aar (androidx.media3:media3-container:1.4.1) with ExtractAarTransform
Transforming media3-container-1.4.1.aar (androidx.media3:media3-container:1.4.1) with AarTransform
Transforming media3-datasource-1.4.1.aar (androidx.media3:media3-datasource:1.4.1) with ExtractAarTransform
Transforming media3-datasource-1.4.1.aar (androidx.media3:media3-datasource:1.4.1) with AarTransform
Transforming media3-decoder-1.4.1.aar (androidx.media3:media3-decoder:1.4.1) with ExtractAarTransform
Transforming media3-decoder-1.4.1.aar (androidx.media3:media3-decoder:1.4.1) with AarTransform
Transforming media3-database-1.4.1.aar (androidx.media3:media3-database:1.4.1) with ExtractAarTransform
Transforming media3-database-1.4.1.aar (androidx.media3:media3-database:1.4.1) with AarTransform
Transforming media3-common-1.4.1.aar (androidx.media3:media3-common:1.4.1) with ExtractAarTransform
Transforming media3-common-1.4.1.aar (androidx.media3:media3-common:1.4.1) with AarTransform
Transforming media3-ui-1.4.1.aar (androidx.media3:media3-ui:1.4.1) with ExtractAarTransform
Transforming media3-ui-1.4.1.aar (androidx.media3:media3-ui:1.4.1) with AarTransform
Transforming recyclerview-1.3.2.aar (androidx.recyclerview:recyclerview:1.3.2) with ExtractAarTransform
Transforming recyclerview-1.3.2.aar (androidx.recyclerview:recyclerview:1.3.2) with AarTransform
Transforming recyclerview-1.3.2.aar (androidx.recyclerview:recyclerview:1.3.2) with ExtractAarTransform
Transforming recyclerview-1.3.2.aar (androidx.recyclerview:recyclerview:1.3.2) with AarTransform
Transforming constraintlayout-2.1.4.aar (androidx.constraintlayout:constraintlayout:2.1.4) with ExtractAarTransform
Transforming constraintlayout-2.1.4.aar (androidx.constraintlayout:constraintlayout:2.1.4) with AarTransform
Transforming legacy-support-core-ui-1.0.0.aar (androidx.legacy:legacy-support-core-ui:1.0.0) with ExtractAarTransform
Transforming legacy-support-core-ui-1.0.0.aar (androidx.legacy:legacy-support-core-ui:1.0.0) with AarTransform
Transforming glide-4.16.0.aar (com.github.bumptech.glide:glide:4.16.0) with ExtractAarTransform
Transforming glide-4.16.0.aar (com.github.bumptech.glide:glide:4.16.0) with AarTransform
Transforming appcompat-1.2.0.aar (androidx.appcompat:appcompat:1.2.0) with ExtractAarTransform
Transforming appcompat-1.2.0.aar (androidx.appcompat:appcompat:1.2.0) with AarTransform
Transforming firebase-analytics-22.0.2.aar (com.google.firebase:firebase-analytics:22.0.2) with ExtractAarTransform
Transforming firebase-analytics-22.0.2.aar (com.google.firebase:firebase-analytics:22.0.2) with AarTransform
Transforming play-services-measurement-22.0.2.aar (com.google.android.gms:play-services-measurement:22.0.2) with ExtractAarTransform
Transforming play-services-measurement-22.0.2.aar (com.google.android.gms:play-services-measurement:22.0.2) with AarTransform
Transforming play-services-measurement-api-22.0.2.aar (com.google.android.gms:play-services-measurement-api:22.0.2) with ExtractAarTransform
Transforming play-services-measurement-api-22.0.2.aar (com.google.android.gms:play-services-measurement-api:22.0.2) with AarTransform
Transforming play-services-measurement-sdk-22.0.2.aar (com.google.android.gms:play-services-measurement-sdk:22.0.2) with ExtractAarTransform
Transforming play-services-measurement-sdk-22.0.2.aar (com.google.android.gms:play-services-measurement-sdk:22.0.2) with AarTransform
Transforming firebase-measurement-connector-20.0.1.aar (com.google.firebase:firebase-measurement-connector:20.0.1) with ExtractAarTransform
Transforming firebase-measurement-connector-20.0.1.aar (com.google.firebase:firebase-measurement-connector:20.0.1) with AarTransform
Transforming firebase-measurement-connector-20.0.1.aar (com.google.firebase:firebase-measurement-connector:20.0.1) with ExtractAarTransform
Transforming firebase-measurement-connector-20.0.1.aar (com.google.firebase:firebase-measurement-connector:20.0.1) with AarTransform
Transforming firebase-sessions-2.0.3.aar (com.google.firebase:firebase-sessions:2.0.3) with ExtractAarTransform
Transforming firebase-sessions-2.0.3.aar (com.google.firebase:firebase-sessions:2.0.3) with AarTransform
Transforming firebase-installations-18.0.0.aar (com.google.firebase:firebase-installations:18.0.0) with ExtractAarTransform
Transforming firebase-installations-18.0.0.aar (com.google.firebase:firebase-installations:18.0.0) with AarTransform
Transforming firebase-installations-18.0.0.aar (com.google.firebase:firebase-installations:18.0.0) with ExtractAarTransform
Transforming firebase-installations-18.0.0.aar (com.google.firebase:firebase-installations:18.0.0) with AarTransform
Transforming firebase-installations-18.0.0.aar (com.google.firebase:firebase-installations:18.0.0) with ExtractAarTransform
Transforming firebase-installations-18.0.0.aar (com.google.firebase:firebase-installations:18.0.0) with AarTransform
Transforming firebase-common-ktx-21.0.0.aar (com.google.firebase:firebase-common-ktx:21.0.0) with ExtractAarTransform
Transforming firebase-common-ktx-21.0.0.aar (com.google.firebase:firebase-common-ktx:21.0.0) with AarTransform
Transforming firebase-common-ktx-21.0.0.aar (com.google.firebase:firebase-common-ktx:21.0.0) with ExtractAarTransform
Transforming firebase-common-ktx-21.0.0.aar (com.google.firebase:firebase-common-ktx:21.0.0) with AarTransform
Transforming firebase-common-ktx-21.0.0.aar (com.google.firebase:firebase-common-ktx:21.0.0) with ExtractAarTransform
Transforming firebase-common-ktx-21.0.0.aar (com.google.firebase:firebase-common-ktx:21.0.0) with AarTransform
Transforming firebase-common-ktx-21.0.0.aar (com.google.firebase:firebase-common-ktx:21.0.0) with ExtractAarTransform
Transforming firebase-common-ktx-21.0.0.aar (com.google.firebase:firebase-common-ktx:21.0.0) with AarTransform
Transforming firebase-common-21.0.0.aar (com.google.firebase:firebase-common:21.0.0) with ExtractAarTransform
Transforming firebase-common-21.0.0.aar (com.google.firebase:firebase-common:21.0.0) with AarTransform
Transforming firebase-common-21.0.0.aar (com.google.firebase:firebase-common:21.0.0) with ExtractAarTransform
Transforming firebase-common-21.0.0.aar (com.google.firebase:firebase-common:21.0.0) with AarTransform
Transforming firebase-common-21.0.0.aar (com.google.firebase:firebase-common:21.0.0) with ExtractAarTransform
Transforming firebase-common-21.0.0.aar (com.google.firebase:firebase-common:21.0.0) with AarTransform
Transforming firebase-common-21.0.0.aar (com.google.firebase:firebase-common:21.0.0) with ExtractAarTransform
Transforming firebase-common-21.0.0.aar (com.google.firebase:firebase-common:21.0.0) with AarTransform
Transforming firebase-common-21.0.0.aar (com.google.firebase:firebase-common:21.0.0) with ExtractAarTransform
Transforming firebase-common-21.0.0.aar (com.google.firebase:firebase-common:21.0.0) with AarTransform
Transforming play-services-measurement-impl-22.0.2.aar (com.google.android.gms:play-services-measurement-impl:22.0.2) with ExtractAarTransform
Transforming play-services-measurement-impl-22.0.2.aar (com.google.android.gms:play-services-measurement-impl:22.0.2) with AarTransform
Transforming play-services-measurement-impl-22.0.2.aar (com.google.android.gms:play-services-measurement-impl:22.0.2) with ExtractAarTransform
Transforming play-services-measurement-impl-22.0.2.aar (com.google.android.gms:play-services-measurement-impl:22.0.2) with AarTransform
Transforming play-services-ads-identifier-18.0.0.aar (com.google.android.gms:play-services-ads-identifier:18.0.0) with ExtractAarTransform
Transforming play-services-ads-identifier-18.0.0.aar (com.google.android.gms:play-services-ads-identifier:18.0.0) with AarTransform
Transforming play-services-ads-identifier-18.0.0.aar (com.google.android.gms:play-services-ads-identifier:18.0.0) with ExtractAarTransform
Transforming play-services-ads-identifier-18.0.0.aar (com.google.android.gms:play-services-ads-identifier:18.0.0) with AarTransform
Transforming play-services-ads-identifier-18.0.0.aar (com.google.android.gms:play-services-ads-identifier:18.0.0) with ExtractAarTransform
Transforming play-services-ads-identifier-18.0.0.aar (com.google.android.gms:play-services-ads-identifier:18.0.0) with AarTransform
Transforming play-services-measurement-sdk-api-22.0.2.aar (com.google.android.gms:play-services-measurement-sdk-api:22.0.2) with ExtractAarTransform
Transforming play-services-measurement-sdk-api-22.0.2.aar (com.google.android.gms:play-services-measurement-sdk-api:22.0.2) with AarTransform
Transforming play-services-measurement-base-22.0.2.aar (com.google.android.gms:play-services-measurement-base:22.0.2) with ExtractAarTransform
Transforming play-services-measurement-base-22.0.2.aar (com.google.android.gms:play-services-measurement-base:22.0.2) with AarTransform
Transforming play-services-measurement-base-22.0.2.aar (com.google.android.gms:play-services-measurement-base:22.0.2) with ExtractAarTransform
Transforming play-services-measurement-base-22.0.2.aar (com.google.android.gms:play-services-measurement-base:22.0.2) with AarTransform
Transforming play-services-measurement-base-22.0.2.aar (com.google.android.gms:play-services-measurement-base:22.0.2) with ExtractAarTransform
Transforming play-services-measurement-base-22.0.2.aar (com.google.android.gms:play-services-measurement-base:22.0.2) with AarTransform
Transforming play-services-measurement-base-22.0.2.aar (com.google.android.gms:play-services-measurement-base:22.0.2) with ExtractAarTransform
Transforming play-services-measurement-base-22.0.2.aar (com.google.android.gms:play-services-measurement-base:22.0.2) with AarTransform
Transforming play-services-measurement-base-22.0.2.aar (com.google.android.gms:play-services-measurement-base:22.0.2) with ExtractAarTransform
Transforming play-services-measurement-base-22.0.2.aar (com.google.android.gms:play-services-measurement-base:22.0.2) with AarTransform
Transforming play-services-stats-17.0.2.aar (com.google.android.gms:play-services-stats:17.0.2) with ExtractAarTransform
Transforming play-services-stats-17.0.2.aar (com.google.android.gms:play-services-stats:17.0.2) with AarTransform
Transforming play-services-stats-17.0.2.aar (com.google.android.gms:play-services-stats:17.0.2) with ExtractAarTransform
Transforming play-services-stats-17.0.2.aar (com.google.android.gms:play-services-stats:17.0.2) with AarTransform
Transforming firebase-installations-interop-17.2.0.aar (com.google.firebase:firebase-installations-interop:17.2.0) with ExtractAarTransform
Transforming firebase-installations-interop-17.2.0.aar (com.google.firebase:firebase-installations-interop:17.2.0) with AarTransform
Transforming firebase-installations-interop-17.2.0.aar (com.google.firebase:firebase-installations-interop:17.2.0) with ExtractAarTransform
Transforming firebase-installations-interop-17.2.0.aar (com.google.firebase:firebase-installations-interop:17.2.0) with AarTransform
Transforming firebase-installations-interop-17.2.0.aar (com.google.firebase:firebase-installations-interop:17.2.0) with ExtractAarTransform
Transforming firebase-installations-interop-17.2.0.aar (com.google.firebase:firebase-installations-interop:17.2.0) with AarTransform
Transforming firebase-installations-interop-17.2.0.aar (com.google.firebase:firebase-installations-interop:17.2.0) with ExtractAarTransform
Transforming firebase-installations-interop-17.2.0.aar (com.google.firebase:firebase-installations-interop:17.2.0) with AarTransform
Transforming ads-adservices-java-1.0.0-beta05.aar (androidx.privacysandbox.ads:ads-adservices-java:1.0.0-beta05) with ExtractAarTransform
Transforming ads-adservices-java-1.0.0-beta05.aar (androidx.privacysandbox.ads:ads-adservices-java:1.0.0-beta05) with AarTransform
Transforming ads-adservices-1.0.0-beta05.aar (androidx.privacysandbox.ads:ads-adservices:1.0.0-beta05) with ExtractAarTransform
Transforming ads-adservices-1.0.0-beta05.aar (androidx.privacysandbox.ads:ads-adservices:1.0.0-beta05) with AarTransform
Transforming ads-adservices-1.0.0-beta05.aar (androidx.privacysandbox.ads:ads-adservices:1.0.0-beta05) with ExtractAarTransform
Transforming ads-adservices-1.0.0-beta05.aar (androidx.privacysandbox.ads:ads-adservices:1.0.0-beta05) with AarTransform
Transforming datastore-preferences-1.0.0.aar (androidx.datastore:datastore-preferences:1.0.0) with ExtractAarTransform
Transforming datastore-preferences-1.0.0.aar (androidx.datastore:datastore-preferences:1.0.0) with AarTransform
Transforming datastore-1.0.0.aar (androidx.datastore:datastore:1.0.0) with ExtractAarTransform
Transforming datastore-1.0.0.aar (androidx.datastore:datastore:1.0.0) with AarTransform
Transforming play-services-tasks-18.2.0.aar (com.google.android.gms:play-services-tasks:18.2.0) with ExtractAarTransform
Transforming play-services-tasks-18.2.0.aar (com.google.android.gms:play-services-tasks:18.2.0) with AarTransform
Transforming play-services-tasks-18.2.0.aar (com.google.android.gms:play-services-tasks:18.2.0) with ExtractAarTransform
Transforming play-services-tasks-18.2.0.aar (com.google.android.gms:play-services-tasks:18.2.0) with AarTransform
Transforming play-services-tasks-18.2.0.aar (com.google.android.gms:play-services-tasks:18.2.0) with ExtractAarTransform
Transforming play-services-tasks-18.2.0.aar (com.google.android.gms:play-services-tasks:18.2.0) with AarTransform
Transforming play-services-tasks-18.2.0.aar (com.google.android.gms:play-services-tasks:18.2.0) with ExtractAarTransform
Transforming play-services-tasks-18.2.0.aar (com.google.android.gms:play-services-tasks:18.2.0) with AarTransform
Transforming play-services-tasks-18.2.0.aar (com.google.android.gms:play-services-tasks:18.2.0) with ExtractAarTransform
Transforming play-services-tasks-18.2.0.aar (com.google.android.gms:play-services-tasks:18.2.0) with AarTransform
Transforming play-services-tasks-18.2.0.aar (com.google.android.gms:play-services-tasks:18.2.0) with ExtractAarTransform
Transforming play-services-tasks-18.2.0.aar (com.google.android.gms:play-services-tasks:18.2.0) with AarTransform
Transforming play-services-basement-18.4.0.aar (com.google.android.gms:play-services-basement:18.4.0) with ExtractAarTransform
Transforming play-services-basement-18.4.0.aar (com.google.android.gms:play-services-basement:18.4.0) with AarTransform
Transforming play-services-basement-18.4.0.aar (com.google.android.gms:play-services-basement:18.4.0) with ExtractAarTransform
Transforming play-services-basement-18.4.0.aar (com.google.android.gms:play-services-basement:18.4.0) with AarTransform
Transforming play-services-basement-18.4.0.aar (com.google.android.gms:play-services-basement:18.4.0) with ExtractAarTransform
Transforming play-services-basement-18.4.0.aar (com.google.android.gms:play-services-basement:18.4.0) with AarTransform
Transforming play-services-basement-18.4.0.aar (com.google.android.gms:play-services-basement:18.4.0) with ExtractAarTransform
Transforming play-services-basement-18.4.0.aar (com.google.android.gms:play-services-basement:18.4.0) with AarTransform
Transforming play-services-basement-18.4.0.aar (com.google.android.gms:play-services-basement:18.4.0) with ExtractAarTransform
Transforming play-services-basement-18.4.0.aar (com.google.android.gms:play-services-basement:18.4.0) with AarTransform
Transforming play-services-basement-18.4.0.aar (com.google.android.gms:play-services-basement:18.4.0) with ExtractAarTransform
Transforming play-services-basement-18.4.0.aar (com.google.android.gms:play-services-basement:18.4.0) with AarTransform
Transforming play-services-basement-18.4.0.aar (com.google.android.gms:play-services-basement:18.4.0) with ExtractAarTransform
Transforming play-services-basement-18.4.0.aar (com.google.android.gms:play-services-basement:18.4.0) with AarTransform
Transforming play-services-basement-18.4.0.aar (com.google.android.gms:play-services-basement:18.4.0) with ExtractAarTransform
Transforming play-services-basement-18.4.0.aar (com.google.android.gms:play-services-basement:18.4.0) with AarTransform
Transforming play-services-basement-18.4.0.aar (com.google.android.gms:play-services-basement:18.4.0) with ExtractAarTransform
Transforming play-services-basement-18.4.0.aar (com.google.android.gms:play-services-basement:18.4.0) with AarTransform
Transforming play-services-basement-18.4.0.aar (com.google.android.gms:play-services-basement:18.4.0) with ExtractAarTransform
Transforming play-services-basement-18.4.0.aar (com.google.android.gms:play-services-basement:18.4.0) with AarTransform
Transforming play-services-basement-18.4.0.aar (com.google.android.gms:play-services-basement:18.4.0) with ExtractAarTransform
Transforming play-services-basement-18.4.0.aar (com.google.android.gms:play-services-basement:18.4.0) with AarTransform
Transforming fragment-1.3.6.aar (androidx.fragment:fragment:1.3.6) with ExtractAarTransform
Transforming fragment-1.3.6.aar (androidx.fragment:fragment:1.3.6) with AarTransform
Transforming fragment-1.3.6.aar (androidx.fragment:fragment:1.3.6) with ExtractAarTransform
Transforming fragment-1.3.6.aar (androidx.fragment:fragment:1.3.6) with AarTransform
Transforming fragment-1.3.6.aar (androidx.fragment:fragment:1.3.6) with ExtractAarTransform
Transforming fragment-1.3.6.aar (androidx.fragment:fragment:1.3.6) with AarTransform
Transforming viewpager-1.0.0.aar (androidx.viewpager:viewpager:1.0.0) with ExtractAarTransform
Transforming viewpager-1.0.0.aar (androidx.viewpager:viewpager:1.0.0) with AarTransform
Transforming viewpager-1.0.0.aar (androidx.viewpager:viewpager:1.0.0) with ExtractAarTransform
Transforming viewpager-1.0.0.aar (androidx.viewpager:viewpager:1.0.0) with AarTransform
Transforming drawerlayout-1.0.0.aar (androidx.drawerlayout:drawerlayout:1.0.0) with ExtractAarTransform
Transforming drawerlayout-1.0.0.aar (androidx.drawerlayout:drawerlayout:1.0.0) with AarTransform
Transforming drawerlayout-1.0.0.aar (androidx.drawerlayout:drawerlayout:1.0.0) with ExtractAarTransform
Transforming drawerlayout-1.0.0.aar (androidx.drawerlayout:drawerlayout:1.0.0) with AarTransform
Transforming coordinatorlayout-1.0.0.aar (androidx.coordinatorlayout:coordinatorlayout:1.0.0) with ExtractAarTransform
Transforming coordinatorlayout-1.0.0.aar (androidx.coordinatorlayout:coordinatorlayout:1.0.0) with AarTransform
Transforming slidingpanelayout-1.0.0.aar (androidx.slidingpanelayout:slidingpanelayout:1.0.0) with ExtractAarTransform
Transforming slidingpanelayout-1.0.0.aar (androidx.slidingpanelayout:slidingpanelayout:1.0.0) with AarTransform
Transforming customview-1.0.0.aar (androidx.customview:customview:1.0.0) with ExtractAarTransform
Transforming customview-1.0.0.aar (androidx.customview:customview:1.0.0) with AarTransform
Transforming customview-1.0.0.aar (androidx.customview:customview:1.0.0) with ExtractAarTransform
Transforming customview-1.0.0.aar (androidx.customview:customview:1.0.0) with AarTransform
Transforming customview-1.0.0.aar (androidx.customview:customview:1.0.0) with ExtractAarTransform
Transforming customview-1.0.0.aar (androidx.customview:customview:1.0.0) with AarTransform
Transforming customview-1.0.0.aar (androidx.customview:customview:1.0.0) with ExtractAarTransform
Transforming customview-1.0.0.aar (androidx.customview:customview:1.0.0) with AarTransform
Transforming customview-1.0.0.aar (androidx.customview:customview:1.0.0) with ExtractAarTransform
Transforming customview-1.0.0.aar (androidx.customview:customview:1.0.0) with AarTransform
Transforming customview-1.0.0.aar (androidx.customview:customview:1.0.0) with ExtractAarTransform
Transforming customview-1.0.0.aar (androidx.customview:customview:1.0.0) with AarTransform
Transforming media-1.7.0.aar (androidx.media:media:1.7.0) with ExtractAarTransform
Transforming media-1.7.0.aar (androidx.media:media:1.7.0) with AarTransform
Transforming media-1.7.0.aar (androidx.media:media:1.7.0) with ExtractAarTransform
Transforming media-1.7.0.aar (androidx.media:media:1.7.0) with AarTransform
Transforming legacy-support-core-utils-1.0.0.aar (androidx.legacy:legacy-support-core-utils:1.0.0) with ExtractAarTransform
Transforming legacy-support-core-utils-1.0.0.aar (androidx.legacy:legacy-support-core-utils:1.0.0) with AarTransform
Transforming legacy-support-core-utils-1.0.0.aar (androidx.legacy:legacy-support-core-utils:1.0.0) with ExtractAarTransform
Transforming legacy-support-core-utils-1.0.0.aar (androidx.legacy:legacy-support-core-utils:1.0.0) with AarTransform
Transforming legacy-support-core-utils-1.0.0.aar (androidx.legacy:legacy-support-core-utils:1.0.0) with ExtractAarTransform
Transforming legacy-support-core-utils-1.0.0.aar (androidx.legacy:legacy-support-core-utils:1.0.0) with AarTransform
Transforming loader-1.0.0.aar (androidx.loader:loader:1.0.0) with ExtractAarTransform
Transforming loader-1.0.0.aar (androidx.loader:loader:1.0.0) with AarTransform
Transforming loader-1.0.0.aar (androidx.loader:loader:1.0.0) with ExtractAarTransform
Transforming loader-1.0.0.aar (androidx.loader:loader:1.0.0) with AarTransform
Transforming activity-1.2.4.aar (androidx.activity:activity:1.2.4) with ExtractAarTransform
Transforming activity-1.2.4.aar (androidx.activity:activity:1.2.4) with AarTransform
Transforming appcompat-resources-1.2.0.aar (androidx.appcompat:appcompat-resources:1.2.0) with ExtractAarTransform
Transforming appcompat-resources-1.2.0.aar (androidx.appcompat:appcompat-resources:1.2.0) with AarTransform
Transforming vectordrawable-animated-1.1.0.aar (androidx.vectordrawable:vectordrawable-animated:1.1.0) with ExtractAarTransform
Transforming vectordrawable-animated-1.1.0.aar (androidx.vectordrawable:vectordrawable-animated:1.1.0) with AarTransform
Transforming vectordrawable-1.1.0.aar (androidx.vectordrawable:vectordrawable:1.1.0) with ExtractAarTransform
Transforming vectordrawable-1.1.0.aar (androidx.vectordrawable:vectordrawable:1.1.0) with AarTransform
Transforming vectordrawable-1.1.0.aar (androidx.vectordrawable:vectordrawable:1.1.0) with ExtractAarTransform
Transforming vectordrawable-1.1.0.aar (androidx.vectordrawable:vectordrawable:1.1.0) with AarTransform
Transforming swiperefreshlayout-1.0.0.aar (androidx.swiperefreshlayout:swiperefreshlayout:1.0.0) with ExtractAarTransform
Transforming swiperefreshlayout-1.0.0.aar (androidx.swiperefreshlayout:swiperefreshlayout:1.0.0) with AarTransform
Transforming asynclayoutinflater-1.0.0.aar (androidx.asynclayoutinflater:asynclayoutinflater:1.0.0) with ExtractAarTransform
Transforming asynclayoutinflater-1.0.0.aar (androidx.asynclayoutinflater:asynclayoutinflater:1.0.0) with AarTransform
Transforming core-1.12.0.aar (androidx.core:core:1.12.0) with ExtractAarTransform
Transforming core-1.12.0.aar (androidx.core:core:1.12.0) with AarTransform
Transforming core-1.12.0.aar (androidx.core:core:1.12.0) with ExtractAarTransform
Transforming core-1.12.0.aar (androidx.core:core:1.12.0) with AarTransform
Transforming core-1.12.0.aar (androidx.core:core:1.12.0) with ExtractAarTransform
Transforming core-1.12.0.aar (androidx.core:core:1.12.0) with AarTransform
Transforming core-1.12.0.aar (androidx.core:core:1.12.0) with ExtractAarTransform
Transforming core-1.12.0.aar (androidx.core:core:1.12.0) with AarTransform
Transforming core-1.12.0.aar (androidx.core:core:1.12.0) with ExtractAarTransform
Transforming core-1.12.0.aar (androidx.core:core:1.12.0) with AarTransform
Transforming core-1.12.0.aar (androidx.core:core:1.12.0) with ExtractAarTransform
Transforming core-1.12.0.aar (androidx.core:core:1.12.0) with AarTransform
Transforming core-1.12.0.aar (androidx.core:core:1.12.0) with ExtractAarTransform
Transforming core-1.12.0.aar (androidx.core:core:1.12.0) with AarTransform
Transforming core-1.12.0.aar (androidx.core:core:1.12.0) with ExtractAarTransform
Transforming core-1.12.0.aar (androidx.core:core:1.12.0) with AarTransform
Transforming core-1.12.0.aar (androidx.core:core:1.12.0) with ExtractAarTransform
Transforming core-1.12.0.aar (androidx.core:core:1.12.0) with AarTransform
Transforming core-1.12.0.aar (androidx.core:core:1.12.0) with ExtractAarTransform
Transforming core-1.12.0.aar (androidx.core:core:1.12.0) with AarTransform
Transforming core-1.12.0.aar (androidx.core:core:1.12.0) with ExtractAarTransform
Transforming core-1.12.0.aar (androidx.core:core:1.12.0) with AarTransform
Transforming core-1.12.0.aar (androidx.core:core:1.12.0) with ExtractAarTransform
Transforming core-1.12.0.aar (androidx.core:core:1.12.0) with AarTransform
Transforming core-1.12.0.aar (androidx.core:core:1.12.0) with ExtractAarTransform
Transforming core-1.12.0.aar (androidx.core:core:1.12.0) with AarTransform
Transforming core-1.12.0.aar (androidx.core:core:1.12.0) with ExtractAarTransform
Transforming core-1.12.0.aar (androidx.core:core:1.12.0) with AarTransform
Transforming core-1.12.0.aar (androidx.core:core:1.12.0) with ExtractAarTransform
Transforming core-1.12.0.aar (androidx.core:core:1.12.0) with AarTransform
Transforming customview-poolingcontainer-1.0.0.aar (androidx.customview:customview-poolingcontainer:1.0.0) with ExtractAarTransform
Transforming customview-poolingcontainer-1.0.0.aar (androidx.customview:customview-poolingcontainer:1.0.0) with AarTransform
Transforming core-ktx-1.12.0.aar (androidx.core:core-ktx:1.12.0) with ExtractAarTransform
Transforming core-ktx-1.12.0.aar (androidx.core:core-ktx:1.12.0) with AarTransform
Transforming annotation-experimental-1.3.1.aar (androidx.annotation:annotation-experimental:1.3.1) with ExtractAarTransform
Transforming annotation-experimental-1.3.1.aar (androidx.annotation:annotation-experimental:1.3.1) with AarTransform
Transforming cardview-1.0.0.aar (androidx.cardview:cardview:1.0.0) with ExtractAarTransform
Transforming cardview-1.0.0.aar (androidx.cardview:cardview:1.0.0) with AarTransform
Transforming gifdecoder-4.16.0.aar (com.github.bumptech.glide:gifdecoder:4.16.0) with ExtractAarTransform
Transforming gifdecoder-4.16.0.aar (com.github.bumptech.glide:gifdecoder:4.16.0) with AarTransform
Transforming exifinterface-1.3.6.aar (androidx.exifinterface:exifinterface:1.3.6) with ExtractAarTransform
Transforming exifinterface-1.3.6.aar (androidx.exifinterface:exifinterface:1.3.6) with AarTransform
Transforming tracing-1.0.0.aar (androidx.tracing:tracing:1.0.0) with ExtractAarTransform
Transforming tracing-1.0.0.aar (androidx.tracing:tracing:1.0.0) with AarTransform
Transforming versionedparcelable-1.1.1.aar (androidx.versionedparcelable:versionedparcelable:1.1.1) with ExtractAarTransform
Transforming versionedparcelable-1.1.1.aar (androidx.versionedparcelable:versionedparcelable:1.1.1) with AarTransform
Transforming firebase-components-18.0.0.aar (com.google.firebase:firebase-components:18.0.0) with ExtractAarTransform
Transforming firebase-components-18.0.0.aar (com.google.firebase:firebase-components:18.0.0) with AarTransform
Transforming firebase-components-18.0.0.aar (com.google.firebase:firebase-components:18.0.0) with ExtractAarTransform
Transforming firebase-components-18.0.0.aar (com.google.firebase:firebase-components:18.0.0) with AarTransform
Transforming firebase-components-18.0.0.aar (com.google.firebase:firebase-components:18.0.0) with ExtractAarTransform
Transforming firebase-components-18.0.0.aar (com.google.firebase:firebase-components:18.0.0) with AarTransform
Transforming firebase-components-18.0.0.aar (com.google.firebase:firebase-components:18.0.0) with ExtractAarTransform
Transforming firebase-components-18.0.0.aar (com.google.firebase:firebase-components:18.0.0) with AarTransform
Transforming firebase-components-18.0.0.aar (com.google.firebase:firebase-components:18.0.0) with ExtractAarTransform
Transforming firebase-components-18.0.0.aar (com.google.firebase:firebase-components:18.0.0) with AarTransform
Transforming firebase-components-18.0.0.aar (com.google.firebase:firebase-components:18.0.0) with ExtractAarTransform
Transforming firebase-components-18.0.0.aar (com.google.firebase:firebase-components:18.0.0) with AarTransform
Transforming firebase-config-interop-16.0.1.aar (com.google.firebase:firebase-config-interop:16.0.1) with ExtractAarTransform
Transforming firebase-config-interop-16.0.1.aar (com.google.firebase:firebase-config-interop:16.0.1) with AarTransform
Transforming firebase-datatransport-19.0.0.aar (com.google.firebase:firebase-datatransport:19.0.0) with ExtractAarTransform
Transforming firebase-datatransport-19.0.0.aar (com.google.firebase:firebase-datatransport:19.0.0) with AarTransform
Transforming transport-backend-cct-3.3.0.aar (com.google.android.datatransport:transport-backend-cct:3.3.0) with ExtractAarTransform
Transforming transport-backend-cct-3.3.0.aar (com.google.android.datatransport:transport-backend-cct:3.3.0) with AarTransform
Transforming transport-backend-cct-3.3.0.aar (com.google.android.datatransport:transport-backend-cct:3.3.0) with ExtractAarTransform
Transforming transport-backend-cct-3.3.0.aar (com.google.android.datatransport:transport-backend-cct:3.3.0) with AarTransform
Transforming firebase-encoders-json-18.0.1.aar (com.google.firebase:firebase-encoders-json:18.0.1) with ExtractAarTransform
Transforming firebase-encoders-json-18.0.1.aar (com.google.firebase:firebase-encoders-json:18.0.1) with AarTransform
Transforming firebase-encoders-json-18.0.1.aar (com.google.firebase:firebase-encoders-json:18.0.1) with ExtractAarTransform
Transforming firebase-encoders-json-18.0.1.aar (com.google.firebase:firebase-encoders-json:18.0.1) with AarTransform
Transforming firebase-encoders-json-18.0.1.aar (com.google.firebase:firebase-encoders-json:18.0.1) with ExtractAarTransform
Transforming firebase-encoders-json-18.0.1.aar (com.google.firebase:firebase-encoders-json:18.0.1) with AarTransform
Transforming firebase-encoders-json-18.0.1.aar (com.google.firebase:firebase-encoders-json:18.0.1) with ExtractAarTransform
Transforming firebase-encoders-json-18.0.1.aar (com.google.firebase:firebase-encoders-json:18.0.1) with AarTransform
Transforming transport-runtime-3.3.0.aar (com.google.android.datatransport:transport-runtime:3.3.0) with ExtractAarTransform
Transforming transport-runtime-3.3.0.aar (com.google.android.datatransport:transport-runtime:3.3.0) with AarTransform
Transforming transport-runtime-3.3.0.aar (com.google.android.datatransport:transport-runtime:3.3.0) with ExtractAarTransform
Transforming transport-runtime-3.3.0.aar (com.google.android.datatransport:transport-runtime:3.3.0) with AarTransform
Transforming transport-runtime-3.3.0.aar (com.google.android.datatransport:transport-runtime:3.3.0) with ExtractAarTransform
Transforming transport-runtime-3.3.0.aar (com.google.android.datatransport:transport-runtime:3.3.0) with AarTransform
Transforming transport-api-3.2.0.aar (com.google.android.datatransport:transport-api:3.2.0) with ExtractAarTransform
Transforming transport-api-3.2.0.aar (com.google.android.datatransport:transport-api:3.2.0) with AarTransform
Transforming transport-api-3.2.0.aar (com.google.android.datatransport:transport-api:3.2.0) with ExtractAarTransform
Transforming transport-api-3.2.0.aar (com.google.android.datatransport:transport-api:3.2.0) with AarTransform
Transforming transport-api-3.2.0.aar (com.google.android.datatransport:transport-api:3.2.0) with ExtractAarTransform
Transforming transport-api-3.2.0.aar (com.google.android.datatransport:transport-api:3.2.0) with AarTransform
Transforming transport-api-3.2.0.aar (com.google.android.datatransport:transport-api:3.2.0) with ExtractAarTransform
Transforming transport-api-3.2.0.aar (com.google.android.datatransport:transport-api:3.2.0) with AarTransform
Transforming transport-api-3.2.0.aar (com.google.android.datatransport:transport-api:3.2.0) with ExtractAarTransform
Transforming transport-api-3.2.0.aar (com.google.android.datatransport:transport-api:3.2.0) with AarTransform
Transforming interpolator-1.0.0.aar (androidx.interpolator:interpolator:1.0.0) with ExtractAarTransform
Transforming interpolator-1.0.0.aar (androidx.interpolator:interpolator:1.0.0) with AarTransform
Transforming interpolator-1.0.0.aar (androidx.interpolator:interpolator:1.0.0) with ExtractAarTransform
Transforming interpolator-1.0.0.aar (androidx.interpolator:interpolator:1.0.0) with AarTransform
Transforming interpolator-1.0.0.aar (androidx.interpolator:interpolator:1.0.0) with ExtractAarTransform
Transforming interpolator-1.0.0.aar (androidx.interpolator:interpolator:1.0.0) with AarTransform
Transforming interpolator-1.0.0.aar (androidx.interpolator:interpolator:1.0.0) with ExtractAarTransform
Transforming interpolator-1.0.0.aar (androidx.interpolator:interpolator:1.0.0) with AarTransform
Transforming lifecycle-runtime-2.3.1.aar (androidx.lifecycle:lifecycle-runtime:2.3.1) with ExtractAarTransform
Transforming lifecycle-runtime-2.3.1.aar (androidx.lifecycle:lifecycle-runtime:2.3.1) with AarTransform
Transforming lifecycle-viewmodel-savedstate-2.3.1.aar (androidx.lifecycle:lifecycle-viewmodel-savedstate:2.3.1) with ExtractAarTransform
Transforming lifecycle-viewmodel-savedstate-2.3.1.aar (androidx.lifecycle:lifecycle-viewmodel-savedstate:2.3.1) with AarTransform
Transforming lifecycle-viewmodel-2.3.1.aar (androidx.lifecycle:lifecycle-viewmodel:2.3.1) with ExtractAarTransform
Transforming lifecycle-viewmodel-2.3.1.aar (androidx.lifecycle:lifecycle-viewmodel:2.3.1) with AarTransform
Transforming lifecycle-viewmodel-2.3.1.aar (androidx.lifecycle:lifecycle-viewmodel:2.3.1) with ExtractAarTransform
Transforming lifecycle-viewmodel-2.3.1.aar (androidx.lifecycle:lifecycle-viewmodel:2.3.1) with AarTransform
Transforming savedstate-1.1.0.aar (androidx.savedstate:savedstate:1.1.0) with ExtractAarTransform
Transforming savedstate-1.1.0.aar (androidx.savedstate:savedstate:1.1.0) with AarTransform
Transforming cursoradapter-1.0.0.aar (androidx.cursoradapter:cursoradapter:1.0.0) with ExtractAarTransform
Transforming cursoradapter-1.0.0.aar (androidx.cursoradapter:cursoradapter:1.0.0) with AarTransform
Transforming cursoradapter-1.0.0.aar (androidx.cursoradapter:cursoradapter:1.0.0) with ExtractAarTransform
Transforming cursoradapter-1.0.0.aar (androidx.cursoradapter:cursoradapter:1.0.0) with AarTransform
Transforming lifecycle-livedata-2.0.0.aar (androidx.lifecycle:lifecycle-livedata:2.0.0) with ExtractAarTransform
Transforming lifecycle-livedata-2.0.0.aar (androidx.lifecycle:lifecycle-livedata:2.0.0) with AarTransform
Transforming lifecycle-livedata-core-2.3.1.aar (androidx.lifecycle:lifecycle-livedata-core:2.3.1) with ExtractAarTransform
Transforming lifecycle-livedata-core-2.3.1.aar (androidx.lifecycle:lifecycle-livedata-core:2.3.1) with AarTransform
Transforming lifecycle-livedata-core-2.3.1.aar (androidx.lifecycle:lifecycle-livedata-core:2.3.1) with ExtractAarTransform
Transforming lifecycle-livedata-core-2.3.1.aar (androidx.lifecycle:lifecycle-livedata-core:2.3.1) with AarTransform
Transforming core-runtime-2.1.0.aar (androidx.arch.core:core-runtime:2.1.0) with ExtractAarTransform
Transforming core-runtime-2.1.0.aar (androidx.arch.core:core-runtime:2.1.0) with AarTransform
Transforming core-runtime-2.1.0.aar (androidx.arch.core:core-runtime:2.1.0) with ExtractAarTransform
Transforming core-runtime-2.1.0.aar (androidx.arch.core:core-runtime:2.1.0) with AarTransform
Transforming documentfile-1.0.0.aar (androidx.documentfile:documentfile:1.0.0) with ExtractAarTransform
Transforming documentfile-1.0.0.aar (androidx.documentfile:documentfile:1.0.0) with AarTransform
Transforming localbroadcastmanager-1.0.0.aar (androidx.localbroadcastmanager:localbroadcastmanager:1.0.0) with ExtractAarTransform
Transforming localbroadcastmanager-1.0.0.aar (androidx.localbroadcastmanager:localbroadcastmanager:1.0.0) with AarTransform
Transforming print-1.0.0.aar (androidx.print:print:1.0.0) with ExtractAarTransform
Transforming print-1.0.0.aar (androidx.print:print:1.0.0) with AarTransform
Transforming multidex-2.0.1.aar (androidx.multidex:multidex:2.0.1) with ExtractAarTransform
Transforming multidex-2.0.1.aar (androidx.multidex:multidex:2.0.1) with AarTransform
Transforming rtmp-client-3.2.0.aar (io.antmedia:rtmp-client:3.2.0) with ExtractAarTransform
Transforming rtmp-client-3.2.0.aar (io.antmedia:rtmp-client:3.2.0) with AarTransform
Caching disabled for task ':app:desugarDebugFileDependencies' because:
  Build cache is disabled
Skipping task ':app:desugarDebugFileDependencies' as it is up-to-date.
Resolve mutations for :app:mergeExtDexDebug (Thread[Execution worker Thread 5,5,main]) started.
:app:mergeExtDexDebug (Thread[Execution worker Thread 5,5,main]) started.

> Task :app:mergeExtDexDebug UP-TO-DATE
Transforming annotation-jvm-1.6.0.jar (androidx.annotation:annotation-jvm:1.6.0) with IdentityTransform
Transforming kotlin-stdlib-1.9.21.jar (org.jetbrains.kotlin:kotlin-stdlib:1.9.21) with IdentityTransform
Transforming annotations-23.0.0.jar (org.jetbrains:annotations:23.0.0) with IdentityTransform
Transforming viewbinding-8.3.1.aar (androidx.databinding:viewbinding:8.3.1) with AarToClassTransform
Transforming viewbinding-8.3.1.aar (androidx.databinding:viewbinding:8.3.1) with DexingWithClasspathTransform
Transforming firebase-measurement-connector-20.0.1.aar (com.google.firebase:firebase-measurement-connector:20.0.1) with AarToClassTransform
Transforming firebase-sessions-2.0.3.aar (com.google.firebase:firebase-sessions:2.0.3) with AarToClassTransform
Transforming firebase-installations-18.0.0.aar (com.google.firebase:firebase-installations:18.0.0) with AarToClassTransform
Transforming firebase-common-ktx-21.0.0.aar (com.google.firebase:firebase-common-ktx:21.0.0) with AarToClassTransform
Transforming firebase-common-21.0.0.aar (com.google.firebase:firebase-common:21.0.0) with AarToClassTransform
Transforming firebase-installations-interop-17.2.0.aar (com.google.firebase:firebase-installations-interop:17.2.0) with AarToClassTransform
Transforming datastore-preferences-1.0.0.aar (androidx.datastore:datastore-preferences:1.0.0) with AarToClassTransform
Transforming datastore-1.0.0.aar (androidx.datastore:datastore:1.0.0) with AarToClassTransform
Transforming datastore-preferences-core-1.0.0.jar (androidx.datastore:datastore-preferences-core:1.0.0) with IdentityTransform
Transforming datastore-core-1.0.0.jar (androidx.datastore:datastore-core:1.0.0) with IdentityTransform
Transforming kotlinx-coroutines-core-jvm-1.8.1.jar (org.jetbrains.kotlinx:kotlinx-coroutines-core-jvm:1.8.1) with IdentityTransform
Transforming kotlinx-coroutines-play-services-1.8.1.jar (org.jetbrains.kotlinx:kotlinx-coroutines-play-services:1.8.1) with IdentityTransform
Transforming play-services-tasks-18.2.0.aar (com.google.android.gms:play-services-tasks:18.2.0) with AarToClassTransform
Transforming play-services-tasks-18.2.0.aar (com.google.android.gms:play-services-tasks:18.2.0) with AarToClassTransform
Transforming play-services-basement-18.4.0.aar (com.google.android.gms:play-services-basement:18.4.0) with AarToClassTransform
Transforming fragment-1.3.6.aar (androidx.fragment:fragment:1.3.6) with AarToClassTransform
Transforming fragment-1.3.6.aar (androidx.fragment:fragment:1.3.6) with AarToClassTransform
Transforming viewpager-1.0.0.aar (androidx.viewpager:viewpager:1.0.0) with AarToClassTransform
Transforming viewpager-1.0.0.aar (androidx.viewpager:viewpager:1.0.0) with AarToClassTransform
Transforming customview-1.0.0.aar (androidx.customview:customview:1.0.0) with AarToClassTransform
Transforming customview-1.0.0.aar (androidx.customview:customview:1.0.0) with AarToClassTransform
Transforming loader-1.0.0.aar (androidx.loader:loader:1.0.0) with AarToClassTransform
Transforming loader-1.0.0.aar (androidx.loader:loader:1.0.0) with AarToClassTransform
Transforming activity-1.2.4.aar (androidx.activity:activity:1.2.4) with AarToClassTransform
Transforming core-1.12.0.aar (androidx.core:core:1.12.0) with AarToClassTransform
Transforming core-1.12.0.aar (androidx.core:core:1.12.0) with AarToClassTransform
Transforming kotlin-stdlib-jdk7-1.9.10.jar (org.jetbrains.kotlin:kotlin-stdlib-jdk7:1.9.10) with IdentityTransform
Transforming annotation-experimental-1.3.1.aar (androidx.annotation:annotation-experimental:1.3.1) with AarToClassTransform
Transforming tracing-1.0.0.aar (androidx.tracing:tracing:1.0.0) with AarToClassTransform
Transforming versionedparcelable-1.1.1.aar (androidx.versionedparcelable:versionedparcelable:1.1.1) with AarToClassTransform
Transforming collection-1.2.0.jar (androidx.collection:collection:1.2.0) with IdentityTransform
Transforming firebase-components-18.0.0.aar (com.google.firebase:firebase-components:18.0.0) with AarToClassTransform
Transforming firebase-config-interop-16.0.1.aar (com.google.firebase:firebase-config-interop:16.0.1) with AarToClassTransform
Transforming firebase-datatransport-19.0.0.aar (com.google.firebase:firebase-datatransport:19.0.0) with AarToClassTransform
Transforming transport-backend-cct-3.3.0.aar (com.google.android.datatransport:transport-backend-cct:3.3.0) with AarToClassTransform
Transforming firebase-encoders-json-18.0.1.aar (com.google.firebase:firebase-encoders-json:18.0.1) with AarToClassTransform
Transforming transport-runtime-3.3.0.aar (com.google.android.datatransport:transport-runtime:3.3.0) with AarToClassTransform
Transforming transport-api-3.2.0.aar (com.google.android.datatransport:transport-api:3.2.0) with AarToClassTransform
Transforming firebase-encoders-proto-16.0.0.jar (com.google.firebase:firebase-encoders-proto:16.0.0) with IdentityTransform
Transforming firebase-encoders-17.0.0.jar (com.google.firebase:firebase-encoders:17.0.0) with IdentityTransform
Transforming interpolator-1.0.0.aar (androidx.interpolator:interpolator:1.0.0) with AarToClassTransform
Transforming interpolator-1.0.0.aar (androidx.interpolator:interpolator:1.0.0) with AarToClassTransform
Transforming lifecycle-runtime-2.3.1.aar (androidx.lifecycle:lifecycle-runtime:2.3.1) with AarToClassTransform
Transforming lifecycle-viewmodel-savedstate-2.3.1.aar (androidx.lifecycle:lifecycle-viewmodel-savedstate:2.3.1) with AarToClassTransform
Transforming lifecycle-viewmodel-2.3.1.aar (androidx.lifecycle:lifecycle-viewmodel:2.3.1) with AarToClassTransform
Transforming lifecycle-viewmodel-2.3.1.aar (androidx.lifecycle:lifecycle-viewmodel:2.3.1) with AarToClassTransform
Transforming savedstate-1.1.0.aar (androidx.savedstate:savedstate:1.1.0) with AarToClassTransform
Transforming concurrent-futures-1.1.0.jar (androidx.concurrent:concurrent-futures:1.1.0) with IdentityTransform
Transforming lifecycle-livedata-2.0.0.aar (androidx.lifecycle:lifecycle-livedata:2.0.0) with AarToClassTransform
Transforming lifecycle-livedata-core-2.3.1.aar (androidx.lifecycle:lifecycle-livedata-core:2.3.1) with AarToClassTransform
Transforming lifecycle-livedata-core-2.3.1.aar (androidx.lifecycle:lifecycle-livedata-core:2.3.1) with AarToClassTransform
Transforming core-runtime-2.1.0.aar (androidx.arch.core:core-runtime:2.1.0) with AarToClassTransform
Transforming core-runtime-2.1.0.aar (androidx.arch.core:core-runtime:2.1.0) with AarToClassTransform
Transforming lifecycle-common-2.3.1.jar (androidx.lifecycle:lifecycle-common:2.3.1) with IdentityTransform
Transforming core-common-2.1.0.jar (androidx.arch.core:core-common:2.1.0) with IdentityTransform
Transforming kotlin-stdlib-jdk8-1.9.10.jar (org.jetbrains.kotlin:kotlin-stdlib-jdk8:1.9.10) with IdentityTransform
Transforming firebase-annotations-16.2.0.jar (com.google.firebase:firebase-annotations:16.2.0) with IdentityTransform
Transforming javax.inject-1.jar (javax.inject:javax.inject:1) with IdentityTransform
Transforming error_prone_annotations-2.26.0.jar (com.google.errorprone:error_prone_annotations:2.26.0) with IdentityTransform
Transforming listenablefuture-9999.0-empty-to-avoid-conflict-with-guava.jar (com.google.guava:listenablefuture:9999.0-empty-to-avoid-conflict-with-guava) with IdentityTransform
Transforming firebase-crashlytics-19.0.3.aar (com.google.firebase:firebase-crashlytics:19.0.3) with AarToClassTransform
Transforming firebase-crashlytics-19.0.3.aar (com.google.firebase:firebase-crashlytics:19.0.3) with DexingWithClasspathTransform
Transforming recyclerview-1.3.2.aar (androidx.recyclerview:recyclerview:1.3.2) with AarToClassTransform
Transforming recyclerview-1.3.2.aar (androidx.recyclerview:recyclerview:1.3.2) with AarToClassTransform
Transforming legacy-support-core-ui-1.0.0.aar (androidx.legacy:legacy-support-core-ui:1.0.0) with AarToClassTransform
Transforming drawerlayout-1.0.0.aar (androidx.drawerlayout:drawerlayout:1.0.0) with AarToClassTransform
Transforming drawerlayout-1.0.0.aar (androidx.drawerlayout:drawerlayout:1.0.0) with AarToClassTransform
Transforming coordinatorlayout-1.0.0.aar (androidx.coordinatorlayout:coordinatorlayout:1.0.0) with AarToClassTransform
Transforming slidingpanelayout-1.0.0.aar (androidx.slidingpanelayout:slidingpanelayout:1.0.0) with AarToClassTransform
Transforming media-1.7.0.aar (androidx.media:media:1.7.0) with AarToClassTransform
Transforming media-1.7.0.aar (androidx.media:media:1.7.0) with AarToClassTransform
Transforming legacy-support-core-utils-1.0.0.aar (androidx.legacy:legacy-support-core-utils:1.0.0) with AarToClassTransform
Transforming swiperefreshlayout-1.0.0.aar (androidx.swiperefreshlayout:swiperefreshlayout:1.0.0) with AarToClassTransform
Transforming asynclayoutinflater-1.0.0.aar (androidx.asynclayoutinflater:asynclayoutinflater:1.0.0) with AarToClassTransform
Transforming customview-poolingcontainer-1.0.0.aar (androidx.customview:customview-poolingcontainer:1.0.0) with AarToClassTransform
Transforming core-ktx-1.12.0.aar (androidx.core:core-ktx:1.12.0) with AarToClassTransform
Transforming cursoradapter-1.0.0.aar (androidx.cursoradapter:cursoradapter:1.0.0) with AarToClassTransform
Transforming cursoradapter-1.0.0.aar (androidx.cursoradapter:cursoradapter:1.0.0) with AarToClassTransform
Transforming documentfile-1.0.0.aar (androidx.documentfile:documentfile:1.0.0) with AarToClassTransform
Transforming localbroadcastmanager-1.0.0.aar (androidx.localbroadcastmanager:localbroadcastmanager:1.0.0) with AarToClassTransform
Transforming print-1.0.0.aar (androidx.print:print:1.0.0) with AarToClassTransform
Transforming leanback-1.0.0.aar (androidx.leanback:leanback:1.0.0) with AarToClassTransform
Transforming leanback-1.0.0.aar (androidx.leanback:leanback:1.0.0) with DexingWithClasspathTransform
Transforming media3-exoplayer-1.4.1.aar (androidx.media3:media3-exoplayer:1.4.1) with AarToClassTransform
Transforming media3-extractor-1.4.1.aar (androidx.media3:media3-extractor:1.4.1) with AarToClassTransform
Transforming media3-container-1.4.1.aar (androidx.media3:media3-container:1.4.1) with AarToClassTransform
Transforming media3-datasource-1.4.1.aar (androidx.media3:media3-datasource:1.4.1) with AarToClassTransform
Transforming media3-decoder-1.4.1.aar (androidx.media3:media3-decoder:1.4.1) with AarToClassTransform
Transforming media3-database-1.4.1.aar (androidx.media3:media3-database:1.4.1) with AarToClassTransform
Transforming media3-common-1.4.1.aar (androidx.media3:media3-common:1.4.1) with AarToClassTransform
Transforming exifinterface-1.3.6.aar (androidx.exifinterface:exifinterface:1.3.6) with AarToClassTransform
Transforming guava-33.0.0-android.jar (com.google.guava:guava:33.0.0-android) with IdentityTransform
Transforming failureaccess-1.0.2.jar (com.google.guava:failureaccess:1.0.2) with IdentityTransform
Transforming jsr305-3.0.2.jar (com.google.code.findbugs:jsr305:3.0.2) with IdentityTransform
Transforming checker-qual-3.41.0.jar (org.checkerframework:checker-qual:3.41.0) with IdentityTransform
Transforming media3-exoplayer-hls-1.4.1.aar (androidx.media3:media3-exoplayer-hls:1.4.1) with AarToClassTransform
Transforming media3-exoplayer-hls-1.4.1.aar (androidx.media3:media3-exoplayer-hls:1.4.1) with DexingWithClasspathTransform
Transforming media3-exoplayer-rtsp-1.4.1.aar (androidx.media3:media3-exoplayer-rtsp:1.4.1) with AarToClassTransform
Transforming media3-exoplayer-rtsp-1.4.1.aar (androidx.media3:media3-exoplayer-rtsp:1.4.1) with DexingWithClasspathTransform
Transforming media3-exoplayer-dash-1.4.1.aar (androidx.media3:media3-exoplayer-dash:1.4.1) with AarToClassTransform
Transforming media3-exoplayer-dash-1.4.1.aar (androidx.media3:media3-exoplayer-dash:1.4.1) with DexingWithClasspathTransform
Transforming media3-exoplayer-1.4.1.aar (androidx.media3:media3-exoplayer:1.4.1) with AarToClassTransform
Transforming media3-exoplayer-1.4.1.aar (androidx.media3:media3-exoplayer:1.4.1) with DexingWithClasspathTransform
Transforming rtmp-client-3.2.0.aar (io.antmedia:rtmp-client:3.2.0) with AarToClassTransform
Transforming media3-datasource-rtmp-1.4.1.aar (androidx.media3:media3-datasource-rtmp:1.4.1) with AarToClassTransform
Transforming media3-datasource-rtmp-1.4.1.aar (androidx.media3:media3-datasource-rtmp:1.4.1) with DexingWithClasspathTransform
Transforming media3-extractor-1.4.1.aar (androidx.media3:media3-extractor:1.4.1) with AarToClassTransform
Transforming media3-extractor-1.4.1.aar (androidx.media3:media3-extractor:1.4.1) with DexingWithClasspathTransform
Transforming media3-container-1.4.1.aar (androidx.media3:media3-container:1.4.1) with AarToClassTransform
Transforming media3-container-1.4.1.aar (androidx.media3:media3-container:1.4.1) with DexingWithClasspathTransform
Transforming media3-datasource-1.4.1.aar (androidx.media3:media3-datasource:1.4.1) with AarToClassTransform
Transforming media3-datasource-1.4.1.aar (androidx.media3:media3-datasource:1.4.1) with DexingWithClasspathTransform
Transforming media3-decoder-1.4.1.aar (androidx.media3:media3-decoder:1.4.1) with AarToClassTransform
Transforming media3-decoder-1.4.1.aar (androidx.media3:media3-decoder:1.4.1) with DexingWithClasspathTransform
Transforming media3-database-1.4.1.aar (androidx.media3:media3-database:1.4.1) with AarToClassTransform
Transforming media3-database-1.4.1.aar (androidx.media3:media3-database:1.4.1) with DexingWithClasspathTransform
Transforming media3-common-1.4.1.aar (androidx.media3:media3-common:1.4.1) with AarToClassTransform
Transforming media3-common-1.4.1.aar (androidx.media3:media3-common:1.4.1) with DexingWithClasspathTransform
Transforming media3-ui-1.4.1.aar (androidx.media3:media3-ui:1.4.1) with AarToClassTransform
Transforming media3-ui-1.4.1.aar (androidx.media3:media3-ui:1.4.1) with DexingWithClasspathTransform
Transforming recyclerview-1.3.2.aar (androidx.recyclerview:recyclerview:1.3.2) with AarToClassTransform
Transforming recyclerview-1.3.2.aar (androidx.recyclerview:recyclerview:1.3.2) with DexingWithClasspathTransform
Transforming recyclerview-1.3.2.aar (androidx.recyclerview:recyclerview:1.3.2) with AarToClassTransform
Transforming recyclerview-1.3.2.aar (androidx.recyclerview:recyclerview:1.3.2) with DexingWithClasspathTransform
Transforming appcompat-1.2.0.aar (androidx.appcompat:appcompat:1.2.0) with AarToClassTransform
Transforming appcompat-resources-1.2.0.aar (androidx.appcompat:appcompat-resources:1.2.0) with AarToClassTransform
Transforming vectordrawable-animated-1.1.0.aar (androidx.vectordrawable:vectordrawable-animated:1.1.0) with AarToClassTransform
Transforming vectordrawable-1.1.0.aar (androidx.vectordrawable:vectordrawable:1.1.0) with AarToClassTransform
Transforming vectordrawable-1.1.0.aar (androidx.vectordrawable:vectordrawable:1.1.0) with AarToClassTransform
Transforming constraintlayout-core-1.0.4.jar (androidx.constraintlayout:constraintlayout-core:1.0.4) with IdentityTransform
Transforming constraintlayout-2.1.4.aar (androidx.constraintlayout:constraintlayout:2.1.4) with AarToClassTransform
Transforming constraintlayout-2.1.4.aar (androidx.constraintlayout:constraintlayout:2.1.4) with DexingWithClasspathTransform
Transforming legacy-support-core-ui-1.0.0.aar (androidx.legacy:legacy-support-core-ui:1.0.0) with AarToClassTransform
Transforming legacy-support-core-ui-1.0.0.aar (androidx.legacy:legacy-support-core-ui:1.0.0) with DexingWithClasspathTransform
Transforming gifdecoder-4.16.0.aar (com.github.bumptech.glide:gifdecoder:4.16.0) with AarToClassTransform
Transforming disklrucache-4.16.0.jar (com.github.bumptech.glide:disklrucache:4.16.0) with IdentityTransform
Transforming annotations-4.16.0.jar (com.github.bumptech.glide:annotations:4.16.0) with IdentityTransform
Transforming glide-4.16.0.aar (com.github.bumptech.glide:glide:4.16.0) with AarToClassTransform
Transforming glide-4.16.0.aar (com.github.bumptech.glide:glide:4.16.0) with DexingWithClasspathTransform
Transforming appcompat-1.2.0.aar (androidx.appcompat:appcompat:1.2.0) with AarToClassTransform
Transforming appcompat-1.2.0.aar (androidx.appcompat:appcompat:1.2.0) with DexingWithClasspathTransform
Transforming play-services-measurement-22.0.2.aar (com.google.android.gms:play-services-measurement:22.0.2) with AarToClassTransform
Transforming play-services-measurement-api-22.0.2.aar (com.google.android.gms:play-services-measurement-api:22.0.2) with AarToClassTransform
Transforming play-services-measurement-sdk-22.0.2.aar (com.google.android.gms:play-services-measurement-sdk:22.0.2) with AarToClassTransform
Transforming play-services-measurement-impl-22.0.2.aar (com.google.android.gms:play-services-measurement-impl:22.0.2) with AarToClassTransform
Transforming play-services-ads-identifier-18.0.0.aar (com.google.android.gms:play-services-ads-identifier:18.0.0) with AarToClassTransform
Transforming play-services-measurement-sdk-api-22.0.2.aar (com.google.android.gms:play-services-measurement-sdk-api:22.0.2) with AarToClassTransform
Transforming play-services-measurement-base-22.0.2.aar (com.google.android.gms:play-services-measurement-base:22.0.2) with AarToClassTransform
Transforming play-services-stats-17.0.2.aar (com.google.android.gms:play-services-stats:17.0.2) with AarToClassTransform
Transforming ads-adservices-java-1.0.0-beta05.aar (androidx.privacysandbox.ads:ads-adservices-java:1.0.0-beta05) with AarToClassTransform
Transforming ads-adservices-1.0.0-beta05.aar (androidx.privacysandbox.ads:ads-adservices:1.0.0-beta05) with AarToClassTransform
Transforming ads-adservices-1.0.0-beta05.aar (androidx.privacysandbox.ads:ads-adservices:1.0.0-beta05) with AarToClassTransform
Transforming firebase-analytics-22.0.2.aar (com.google.firebase:firebase-analytics:22.0.2) with AarToClassTransform
Transforming firebase-analytics-22.0.2.aar (com.google.firebase:firebase-analytics:22.0.2) with DexingWithClasspathTransform
Transforming play-services-measurement-22.0.2.aar (com.google.android.gms:play-services-measurement:22.0.2) with AarToClassTransform
Transforming play-services-measurement-22.0.2.aar (com.google.android.gms:play-services-measurement:22.0.2) with DexingWithClasspathTransform
Transforming play-services-measurement-api-22.0.2.aar (com.google.android.gms:play-services-measurement-api:22.0.2) with AarToClassTransform
Transforming play-services-measurement-api-22.0.2.aar (com.google.android.gms:play-services-measurement-api:22.0.2) with DexingWithClasspathTransform
Transforming play-services-measurement-sdk-22.0.2.aar (com.google.android.gms:play-services-measurement-sdk:22.0.2) with AarToClassTransform
Transforming play-services-measurement-sdk-22.0.2.aar (com.google.android.gms:play-services-measurement-sdk:22.0.2) with DexingWithClasspathTransform
Transforming firebase-measurement-connector-20.0.1.aar (com.google.firebase:firebase-measurement-connector:20.0.1) with AarToClassTransform
Transforming firebase-measurement-connector-20.0.1.aar (com.google.firebase:firebase-measurement-connector:20.0.1) with DexingWithClasspathTransform
Transforming firebase-measurement-connector-20.0.1.aar (com.google.firebase:firebase-measurement-connector:20.0.1) with AarToClassTransform
Transforming firebase-measurement-connector-20.0.1.aar (com.google.firebase:firebase-measurement-connector:20.0.1) with DexingWithClasspathTransform
Transforming firebase-sessions-2.0.3.aar (com.google.firebase:firebase-sessions:2.0.3) with AarToClassTransform
Transforming firebase-sessions-2.0.3.aar (com.google.firebase:firebase-sessions:2.0.3) with DexingWithClasspathTransform
Transforming firebase-installations-18.0.0.aar (com.google.firebase:firebase-installations:18.0.0) with AarToClassTransform
Transforming firebase-installations-18.0.0.aar (com.google.firebase:firebase-installations:18.0.0) with DexingWithClasspathTransform
Transforming firebase-installations-18.0.0.aar (com.google.firebase:firebase-installations:18.0.0) with AarToClassTransform
Transforming firebase-installations-18.0.0.aar (com.google.firebase:firebase-installations:18.0.0) with DexingWithClasspathTransform
Transforming firebase-common-ktx-21.0.0.aar (com.google.firebase:firebase-common-ktx:21.0.0) with AarToClassTransform
Transforming firebase-common-ktx-21.0.0.aar (com.google.firebase:firebase-common-ktx:21.0.0) with DexingWithClasspathTransform
Transforming firebase-common-ktx-21.0.0.aar (com.google.firebase:firebase-common-ktx:21.0.0) with AarToClassTransform
Transforming firebase-common-ktx-21.0.0.aar (com.google.firebase:firebase-common-ktx:21.0.0) with DexingWithClasspathTransform
Transforming firebase-common-ktx-21.0.0.aar (com.google.firebase:firebase-common-ktx:21.0.0) with AarToClassTransform
Transforming firebase-common-ktx-21.0.0.aar (com.google.firebase:firebase-common-ktx:21.0.0) with DexingWithClasspathTransform
Transforming firebase-common-21.0.0.aar (com.google.firebase:firebase-common:21.0.0) with AarToClassTransform
Transforming firebase-common-21.0.0.aar (com.google.firebase:firebase-common:21.0.0) with DexingWithClasspathTransform
Transforming firebase-common-21.0.0.aar (com.google.firebase:firebase-common:21.0.0) with AarToClassTransform
Transforming firebase-common-21.0.0.aar (com.google.firebase:firebase-common:21.0.0) with DexingWithClasspathTransform
Transforming firebase-common-21.0.0.aar (com.google.firebase:firebase-common:21.0.0) with AarToClassTransform
Transforming firebase-common-21.0.0.aar (com.google.firebase:firebase-common:21.0.0) with DexingWithClasspathTransform
Transforming play-services-measurement-impl-22.0.2.aar (com.google.android.gms:play-services-measurement-impl:22.0.2) with AarToClassTransform
Transforming play-services-measurement-impl-22.0.2.aar (com.google.android.gms:play-services-measurement-impl:22.0.2) with DexingWithClasspathTransform
Transforming play-services-measurement-impl-22.0.2.aar (com.google.android.gms:play-services-measurement-impl:22.0.2) with AarToClassTransform
Transforming play-services-measurement-impl-22.0.2.aar (com.google.android.gms:play-services-measurement-impl:22.0.2) with DexingWithClasspathTransform
Transforming play-services-ads-identifier-18.0.0.aar (com.google.android.gms:play-services-ads-identifier:18.0.0) with AarToClassTransform
Transforming play-services-ads-identifier-18.0.0.aar (com.google.android.gms:play-services-ads-identifier:18.0.0) with DexingWithClasspathTransform
Transforming play-services-ads-identifier-18.0.0.aar (com.google.android.gms:play-services-ads-identifier:18.0.0) with AarToClassTransform
Transforming play-services-ads-identifier-18.0.0.aar (com.google.android.gms:play-services-ads-identifier:18.0.0) with DexingWithClasspathTransform
Transforming play-services-ads-identifier-18.0.0.aar (com.google.android.gms:play-services-ads-identifier:18.0.0) with AarToClassTransform
Transforming play-services-ads-identifier-18.0.0.aar (com.google.android.gms:play-services-ads-identifier:18.0.0) with DexingWithClasspathTransform
Transforming play-services-measurement-sdk-api-22.0.2.aar (com.google.android.gms:play-services-measurement-sdk-api:22.0.2) with AarToClassTransform
Transforming play-services-measurement-sdk-api-22.0.2.aar (com.google.android.gms:play-services-measurement-sdk-api:22.0.2) with DexingWithClasspathTransform
Transforming play-services-measurement-base-22.0.2.aar (com.google.android.gms:play-services-measurement-base:22.0.2) with AarToClassTransform
Transforming play-services-measurement-base-22.0.2.aar (com.google.android.gms:play-services-measurement-base:22.0.2) with DexingWithClasspathTransform
Transforming play-services-measurement-base-22.0.2.aar (com.google.android.gms:play-services-measurement-base:22.0.2) with AarToClassTransform
Transforming play-services-measurement-base-22.0.2.aar (com.google.android.gms:play-services-measurement-base:22.0.2) with DexingWithClasspathTransform
Transforming play-services-measurement-base-22.0.2.aar (com.google.android.gms:play-services-measurement-base:22.0.2) with AarToClassTransform
Transforming play-services-measurement-base-22.0.2.aar (com.google.android.gms:play-services-measurement-base:22.0.2) with DexingWithClasspathTransform
Transforming play-services-measurement-base-22.0.2.aar (com.google.android.gms:play-services-measurement-base:22.0.2) with AarToClassTransform
Transforming play-services-measurement-base-22.0.2.aar (com.google.android.gms:play-services-measurement-base:22.0.2) with DexingWithClasspathTransform
Transforming play-services-stats-17.0.2.aar (com.google.android.gms:play-services-stats:17.0.2) with AarToClassTransform
Transforming play-services-stats-17.0.2.aar (com.google.android.gms:play-services-stats:17.0.2) with DexingWithClasspathTransform
Transforming play-services-stats-17.0.2.aar (com.google.android.gms:play-services-stats:17.0.2) with AarToClassTransform
Transforming play-services-stats-17.0.2.aar (com.google.android.gms:play-services-stats:17.0.2) with DexingWithClasspathTransform
Transforming firebase-installations-interop-17.2.0.aar (com.google.firebase:firebase-installations-interop:17.2.0) with AarToClassTransform
Transforming firebase-installations-interop-17.2.0.aar (com.google.firebase:firebase-installations-interop:17.2.0) with DexingWithClasspathTransform
Transforming firebase-installations-interop-17.2.0.aar (com.google.firebase:firebase-installations-interop:17.2.0) with AarToClassTransform
Transforming firebase-installations-interop-17.2.0.aar (com.google.firebase:firebase-installations-interop:17.2.0) with DexingWithClasspathTransform
Transforming firebase-installations-interop-17.2.0.aar (com.google.firebase:firebase-installations-interop:17.2.0) with AarToClassTransform
Transforming firebase-installations-interop-17.2.0.aar (com.google.firebase:firebase-installations-interop:17.2.0) with DexingWithClasspathTransform
Transforming kotlinx-coroutines-android-1.8.1.jar (org.jetbrains.kotlinx:kotlinx-coroutines-android:1.8.1) with IdentityTransform
Transforming kotlinx-coroutines-android-1.8.1.jar (org.jetbrains.kotlinx:kotlinx-coroutines-android:1.8.1) with DexingWithClasspathTransform
Transforming ads-adservices-java-1.0.0-beta05.aar (androidx.privacysandbox.ads:ads-adservices-java:1.0.0-beta05) with AarToClassTransform
Transforming ads-adservices-java-1.0.0-beta05.aar (androidx.privacysandbox.ads:ads-adservices-java:1.0.0-beta05) with DexingWithClasspathTransform
Transforming ads-adservices-1.0.0-beta05.aar (androidx.privacysandbox.ads:ads-adservices:1.0.0-beta05) with AarToClassTransform
Transforming ads-adservices-1.0.0-beta05.aar (androidx.privacysandbox.ads:ads-adservices:1.0.0-beta05) with DexingWithClasspathTransform
Transforming ads-adservices-1.0.0-beta05.aar (androidx.privacysandbox.ads:ads-adservices:1.0.0-beta05) with AarToClassTransform
Transforming ads-adservices-1.0.0-beta05.aar (androidx.privacysandbox.ads:ads-adservices:1.0.0-beta05) with DexingWithClasspathTransform
Transforming datastore-preferences-1.0.0.aar (androidx.datastore:datastore-preferences:1.0.0) with AarToClassTransform
Transforming datastore-preferences-1.0.0.aar (androidx.datastore:datastore-preferences:1.0.0) with DexingWithClasspathTransform
Transforming datastore-1.0.0.aar (androidx.datastore:datastore:1.0.0) with AarToClassTransform
Transforming datastore-1.0.0.aar (androidx.datastore:datastore:1.0.0) with DexingWithClasspathTransform
Transforming datastore-preferences-core-1.0.0.jar (androidx.datastore:datastore-preferences-core:1.0.0) with IdentityTransform
Transforming datastore-preferences-core-1.0.0.jar (androidx.datastore:datastore-preferences-core:1.0.0) with DexingWithClasspathTransform
Transforming datastore-core-1.0.0.jar (androidx.datastore:datastore-core:1.0.0) with IdentityTransform
Transforming datastore-core-1.0.0.jar (androidx.datastore:datastore-core:1.0.0) with DexingWithClasspathTransform
Transforming kotlinx-coroutines-core-jvm-1.8.1.jar (org.jetbrains.kotlinx:kotlinx-coroutines-core-jvm:1.8.1) with IdentityTransform
Transforming kotlinx-coroutines-core-jvm-1.8.1.jar (org.jetbrains.kotlinx:kotlinx-coroutines-core-jvm:1.8.1) with DexingWithClasspathTransform
Transforming kotlinx-coroutines-play-services-1.8.1.jar (org.jetbrains.kotlinx:kotlinx-coroutines-play-services:1.8.1) with IdentityTransform
Transforming kotlinx-coroutines-play-services-1.8.1.jar (org.jetbrains.kotlinx:kotlinx-coroutines-play-services:1.8.1) with DexingWithClasspathTransform
Transforming play-services-tasks-18.2.0.aar (com.google.android.gms:play-services-tasks:18.2.0) with AarToClassTransform
Transforming play-services-tasks-18.2.0.aar (com.google.android.gms:play-services-tasks:18.2.0) with DexingWithClasspathTransform
Transforming play-services-tasks-18.2.0.aar (com.google.android.gms:play-services-tasks:18.2.0) with AarToClassTransform
Transforming play-services-tasks-18.2.0.aar (com.google.android.gms:play-services-tasks:18.2.0) with DexingWithClasspathTransform
Transforming play-services-tasks-18.2.0.aar (com.google.android.gms:play-services-tasks:18.2.0) with AarToClassTransform
Transforming play-services-tasks-18.2.0.aar (com.google.android.gms:play-services-tasks:18.2.0) with DexingWithClasspathTransform
Transforming play-services-tasks-18.2.0.aar (com.google.android.gms:play-services-tasks:18.2.0) with AarToClassTransform
Transforming play-services-tasks-18.2.0.aar (com.google.android.gms:play-services-tasks:18.2.0) with DexingWithClasspathTransform
Transforming play-services-basement-18.4.0.aar (com.google.android.gms:play-services-basement:18.4.0) with AarToClassTransform
Transforming play-services-basement-18.4.0.aar (com.google.android.gms:play-services-basement:18.4.0) with DexingWithClasspathTransform
Transforming play-services-basement-18.4.0.aar (com.google.android.gms:play-services-basement:18.4.0) with AarToClassTransform
Transforming play-services-basement-18.4.0.aar (com.google.android.gms:play-services-basement:18.4.0) with DexingWithClasspathTransform
Transforming play-services-basement-18.4.0.aar (com.google.android.gms:play-services-basement:18.4.0) with AarToClassTransform
Transforming play-services-basement-18.4.0.aar (com.google.android.gms:play-services-basement:18.4.0) with DexingWithClasspathTransform
Transforming fragment-1.3.6.aar (androidx.fragment:fragment:1.3.6) with AarToClassTransform
Transforming fragment-1.3.6.aar (androidx.fragment:fragment:1.3.6) with DexingWithClasspathTransform
Transforming fragment-1.3.6.aar (androidx.fragment:fragment:1.3.6) with AarToClassTransform
Transforming fragment-1.3.6.aar (androidx.fragment:fragment:1.3.6) with DexingWithClasspathTransform
Transforming fragment-1.3.6.aar (androidx.fragment:fragment:1.3.6) with AarToClassTransform
Transforming fragment-1.3.6.aar (androidx.fragment:fragment:1.3.6) with DexingWithClasspathTransform
Transforming viewpager-1.0.0.aar (androidx.viewpager:viewpager:1.0.0) with AarToClassTransform
Transforming viewpager-1.0.0.aar (androidx.viewpager:viewpager:1.0.0) with DexingWithClasspathTransform
Transforming viewpager-1.0.0.aar (androidx.viewpager:viewpager:1.0.0) with AarToClassTransform
Transforming viewpager-1.0.0.aar (androidx.viewpager:viewpager:1.0.0) with DexingWithClasspathTransform
Transforming drawerlayout-1.0.0.aar (androidx.drawerlayout:drawerlayout:1.0.0) with AarToClassTransform
Transforming drawerlayout-1.0.0.aar (androidx.drawerlayout:drawerlayout:1.0.0) with DexingWithClasspathTransform
Transforming drawerlayout-1.0.0.aar (androidx.drawerlayout:drawerlayout:1.0.0) with AarToClassTransform
Transforming drawerlayout-1.0.0.aar (androidx.drawerlayout:drawerlayout:1.0.0) with DexingWithClasspathTransform
Transforming coordinatorlayout-1.0.0.aar (androidx.coordinatorlayout:coordinatorlayout:1.0.0) with AarToClassTransform
Transforming coordinatorlayout-1.0.0.aar (androidx.coordinatorlayout:coordinatorlayout:1.0.0) with DexingWithClasspathTransform
Transforming slidingpanelayout-1.0.0.aar (androidx.slidingpanelayout:slidingpanelayout:1.0.0) with AarToClassTransform
Transforming slidingpanelayout-1.0.0.aar (androidx.slidingpanelayout:slidingpanelayout:1.0.0) with DexingWithClasspathTransform
Transforming customview-1.0.0.aar (androidx.customview:customview:1.0.0) with AarToClassTransform
Transforming customview-1.0.0.aar (androidx.customview:customview:1.0.0) with DexingWithClasspathTransform
Transforming customview-1.0.0.aar (androidx.customview:customview:1.0.0) with AarToClassTransform
Transforming customview-1.0.0.aar (androidx.customview:customview:1.0.0) with DexingWithClasspathTransform
Transforming media-1.7.0.aar (androidx.media:media:1.7.0) with AarToClassTransform
Transforming media-1.7.0.aar (androidx.media:media:1.7.0) with DexingWithClasspathTransform
Transforming media-1.7.0.aar (androidx.media:media:1.7.0) with AarToClassTransform
Transforming media-1.7.0.aar (androidx.media:media:1.7.0) with DexingWithClasspathTransform
Transforming legacy-support-core-utils-1.0.0.aar (androidx.legacy:legacy-support-core-utils:1.0.0) with AarToClassTransform
Transforming legacy-support-core-utils-1.0.0.aar (androidx.legacy:legacy-support-core-utils:1.0.0) with DexingWithClasspathTransform
Transforming legacy-support-core-utils-1.0.0.aar (androidx.legacy:legacy-support-core-utils:1.0.0) with AarToClassTransform
Transforming legacy-support-core-utils-1.0.0.aar (androidx.legacy:legacy-support-core-utils:1.0.0) with DexingWithClasspathTransform
Transforming legacy-support-core-utils-1.0.0.aar (androidx.legacy:legacy-support-core-utils:1.0.0) with AarToClassTransform
Transforming legacy-support-core-utils-1.0.0.aar (androidx.legacy:legacy-support-core-utils:1.0.0) with DexingWithClasspathTransform
Transforming loader-1.0.0.aar (androidx.loader:loader:1.0.0) with AarToClassTransform
Transforming loader-1.0.0.aar (androidx.loader:loader:1.0.0) with DexingWithClasspathTransform
Transforming loader-1.0.0.aar (androidx.loader:loader:1.0.0) with AarToClassTransform
Transforming loader-1.0.0.aar (androidx.loader:loader:1.0.0) with DexingWithClasspathTransform
Transforming activity-1.2.4.aar (androidx.activity:activity:1.2.4) with AarToClassTransform
Transforming activity-1.2.4.aar (androidx.activity:activity:1.2.4) with DexingWithClasspathTransform
Transforming appcompat-resources-1.2.0.aar (androidx.appcompat:appcompat-resources:1.2.0) with AarToClassTransform
Transforming appcompat-resources-1.2.0.aar (androidx.appcompat:appcompat-resources:1.2.0) with DexingWithClasspathTransform
Transforming vectordrawable-animated-1.1.0.aar (androidx.vectordrawable:vectordrawable-animated:1.1.0) with AarToClassTransform
Transforming vectordrawable-animated-1.1.0.aar (androidx.vectordrawable:vectordrawable-animated:1.1.0) with DexingWithClasspathTransform
Transforming vectordrawable-1.1.0.aar (androidx.vectordrawable:vectordrawable:1.1.0) with AarToClassTransform
Transforming vectordrawable-1.1.0.aar (androidx.vectordrawable:vectordrawable:1.1.0) with DexingWithClasspathTransform
Transforming vectordrawable-1.1.0.aar (androidx.vectordrawable:vectordrawable:1.1.0) with AarToClassTransform
Transforming vectordrawable-1.1.0.aar (androidx.vectordrawable:vectordrawable:1.1.0) with DexingWithClasspathTransform
Transforming swiperefreshlayout-1.0.0.aar (androidx.swiperefreshlayout:swiperefreshlayout:1.0.0) with AarToClassTransform
Transforming swiperefreshlayout-1.0.0.aar (androidx.swiperefreshlayout:swiperefreshlayout:1.0.0) with DexingWithClasspathTransform
Transforming asynclayoutinflater-1.0.0.aar (androidx.asynclayoutinflater:asynclayoutinflater:1.0.0) with AarToClassTransform
Transforming asynclayoutinflater-1.0.0.aar (androidx.asynclayoutinflater:asynclayoutinflater:1.0.0) with DexingWithClasspathTransform
Transforming core-1.12.0.aar (androidx.core:core:1.12.0) with AarToClassTransform
Transforming core-1.12.0.aar (androidx.core:core:1.12.0) with DexingWithClasspathTransform
Transforming core-1.12.0.aar (androidx.core:core:1.12.0) with AarToClassTransform
Transforming core-1.12.0.aar (androidx.core:core:1.12.0) with DexingWithClasspathTransform
Transforming core-1.12.0.aar (androidx.core:core:1.12.0) with AarToClassTransform
Transforming core-1.12.0.aar (androidx.core:core:1.12.0) with DexingWithClasspathTransform
Transforming core-1.12.0.aar (androidx.core:core:1.12.0) with AarToClassTransform
Transforming core-1.12.0.aar (androidx.core:core:1.12.0) with DexingWithClasspathTransform
Transforming core-1.12.0.aar (androidx.core:core:1.12.0) with AarToClassTransform
Transforming core-1.12.0.aar (androidx.core:core:1.12.0) with DexingWithClasspathTransform
Transforming core-1.12.0.aar (androidx.core:core:1.12.0) with AarToClassTransform
Transforming core-1.12.0.aar (androidx.core:core:1.12.0) with DexingWithClasspathTransform
Transforming core-1.12.0.aar (androidx.core:core:1.12.0) with AarToClassTransform
Transforming core-1.12.0.aar (androidx.core:core:1.12.0) with DexingWithClasspathTransform
Transforming customview-poolingcontainer-1.0.0.aar (androidx.customview:customview-poolingcontainer:1.0.0) with AarToClassTransform
Transforming customview-poolingcontainer-1.0.0.aar (androidx.customview:customview-poolingcontainer:1.0.0) with DexingWithClasspathTransform
Transforming core-ktx-1.12.0.aar (androidx.core:core-ktx:1.12.0) with AarToClassTransform
Transforming core-ktx-1.12.0.aar (androidx.core:core-ktx:1.12.0) with DexingWithClasspathTransform
Transforming kotlin-stdlib-jdk7-1.9.10.jar (org.jetbrains.kotlin:kotlin-stdlib-jdk7:1.9.10) with IdentityTransform
Transforming kotlin-stdlib-jdk7-1.9.10.jar (org.jetbrains.kotlin:kotlin-stdlib-jdk7:1.9.10) with DexingWithClasspathTransform
Transforming annotation-experimental-1.3.1.aar (androidx.annotation:annotation-experimental:1.3.1) with AarToClassTransform
Transforming annotation-experimental-1.3.1.aar (androidx.annotation:annotation-experimental:1.3.1) with DexingWithClasspathTransform
Transforming cardview-1.0.0.aar (androidx.cardview:cardview:1.0.0) with AarToClassTransform
Transforming cardview-1.0.0.aar (androidx.cardview:cardview:1.0.0) with DexingWithClasspathTransform
Transforming gifdecoder-4.16.0.aar (com.github.bumptech.glide:gifdecoder:4.16.0) with AarToClassTransform
Transforming gifdecoder-4.16.0.aar (com.github.bumptech.glide:gifdecoder:4.16.0) with DexingWithClasspathTransform
Transforming exifinterface-1.3.6.aar (androidx.exifinterface:exifinterface:1.3.6) with AarToClassTransform
Transforming exifinterface-1.3.6.aar (androidx.exifinterface:exifinterface:1.3.6) with DexingWithClasspathTransform
Transforming tracing-1.0.0.aar (androidx.tracing:tracing:1.0.0) with AarToClassTransform
Transforming tracing-1.0.0.aar (androidx.tracing:tracing:1.0.0) with DexingWithClasspathTransform
Transforming versionedparcelable-1.1.1.aar (androidx.versionedparcelable:versionedparcelable:1.1.1) with AarToClassTransform
Transforming versionedparcelable-1.1.1.aar (androidx.versionedparcelable:versionedparcelable:1.1.1) with DexingWithClasspathTransform
Transforming collection-1.2.0.jar (androidx.collection:collection:1.2.0) with IdentityTransform
Transforming collection-1.2.0.jar (androidx.collection:collection:1.2.0) with DexingWithClasspathTransform
Transforming firebase-components-18.0.0.aar (com.google.firebase:firebase-components:18.0.0) with AarToClassTransform
Transforming firebase-components-18.0.0.aar (com.google.firebase:firebase-components:18.0.0) with DexingWithClasspathTransform
Transforming firebase-components-18.0.0.aar (com.google.firebase:firebase-components:18.0.0) with AarToClassTransform
Transforming firebase-components-18.0.0.aar (com.google.firebase:firebase-components:18.0.0) with DexingWithClasspathTransform
Transforming firebase-components-18.0.0.aar (com.google.firebase:firebase-components:18.0.0) with AarToClassTransform
Transforming firebase-components-18.0.0.aar (com.google.firebase:firebase-components:18.0.0) with DexingWithClasspathTransform
Transforming firebase-components-18.0.0.aar (com.google.firebase:firebase-components:18.0.0) with AarToClassTransform
Transforming firebase-components-18.0.0.aar (com.google.firebase:firebase-components:18.0.0) with DexingWithClasspathTransform
Transforming firebase-components-18.0.0.aar (com.google.firebase:firebase-components:18.0.0) with AarToClassTransform
Transforming firebase-components-18.0.0.aar (com.google.firebase:firebase-components:18.0.0) with DexingWithClasspathTransform
Transforming firebase-components-18.0.0.aar (com.google.firebase:firebase-components:18.0.0) with AarToClassTransform
Transforming firebase-components-18.0.0.aar (com.google.firebase:firebase-components:18.0.0) with DexingWithClasspathTransform
Transforming firebase-config-interop-16.0.1.aar (com.google.firebase:firebase-config-interop:16.0.1) with AarToClassTransform
Transforming firebase-config-interop-16.0.1.aar (com.google.firebase:firebase-config-interop:16.0.1) with DexingWithClasspathTransform
Transforming firebase-datatransport-19.0.0.aar (com.google.firebase:firebase-datatransport:19.0.0) with AarToClassTransform
Transforming firebase-datatransport-19.0.0.aar (com.google.firebase:firebase-datatransport:19.0.0) with DexingWithClasspathTransform
Transforming transport-backend-cct-3.3.0.aar (com.google.android.datatransport:transport-backend-cct:3.3.0) with AarToClassTransform
Transforming transport-backend-cct-3.3.0.aar (com.google.android.datatransport:transport-backend-cct:3.3.0) with DexingWithClasspathTransform
Transforming transport-backend-cct-3.3.0.aar (com.google.android.datatransport:transport-backend-cct:3.3.0) with AarToClassTransform
Transforming transport-backend-cct-3.3.0.aar (com.google.android.datatransport:transport-backend-cct:3.3.0) with DexingWithClasspathTransform
Transforming firebase-encoders-json-18.0.1.aar (com.google.firebase:firebase-encoders-json:18.0.1) with AarToClassTransform
Transforming firebase-encoders-json-18.0.1.aar (com.google.firebase:firebase-encoders-json:18.0.1) with DexingWithClasspathTransform
Transforming firebase-encoders-json-18.0.1.aar (com.google.firebase:firebase-encoders-json:18.0.1) with AarToClassTransform
Transforming firebase-encoders-json-18.0.1.aar (com.google.firebase:firebase-encoders-json:18.0.1) with DexingWithClasspathTransform
Transforming firebase-encoders-json-18.0.1.aar (com.google.firebase:firebase-encoders-json:18.0.1) with AarToClassTransform
Transforming firebase-encoders-json-18.0.1.aar (com.google.firebase:firebase-encoders-json:18.0.1) with DexingWithClasspathTransform
Transforming firebase-encoders-json-18.0.1.aar (com.google.firebase:firebase-encoders-json:18.0.1) with AarToClassTransform
Transforming firebase-encoders-json-18.0.1.aar (com.google.firebase:firebase-encoders-json:18.0.1) with DexingWithClasspathTransform
Transforming transport-runtime-3.3.0.aar (com.google.android.datatransport:transport-runtime:3.3.0) with AarToClassTransform
Transforming transport-runtime-3.3.0.aar (com.google.android.datatransport:transport-runtime:3.3.0) with DexingWithClasspathTransform
Transforming transport-runtime-3.3.0.aar (com.google.android.datatransport:transport-runtime:3.3.0) with AarToClassTransform
Transforming transport-runtime-3.3.0.aar (com.google.android.datatransport:transport-runtime:3.3.0) with DexingWithClasspathTransform
Transforming transport-runtime-3.3.0.aar (com.google.android.datatransport:transport-runtime:3.3.0) with AarToClassTransform
Transforming transport-runtime-3.3.0.aar (com.google.android.datatransport:transport-runtime:3.3.0) with DexingWithClasspathTransform
Transforming transport-api-3.2.0.aar (com.google.android.datatransport:transport-api:3.2.0) with AarToClassTransform
Transforming transport-api-3.2.0.aar (com.google.android.datatransport:transport-api:3.2.0) with DexingWithClasspathTransform
Transforming transport-api-3.2.0.aar (com.google.android.datatransport:transport-api:3.2.0) with AarToClassTransform
Transforming transport-api-3.2.0.aar (com.google.android.datatransport:transport-api:3.2.0) with DexingWithClasspathTransform
Transforming transport-api-3.2.0.aar (com.google.android.datatransport:transport-api:3.2.0) with AarToClassTransform
Transforming transport-api-3.2.0.aar (com.google.android.datatransport:transport-api:3.2.0) with DexingWithClasspathTransform
Transforming transport-api-3.2.0.aar (com.google.android.datatransport:transport-api:3.2.0) with AarToClassTransform
Transforming transport-api-3.2.0.aar (com.google.android.datatransport:transport-api:3.2.0) with DexingWithClasspathTransform
Transforming transport-api-3.2.0.aar (com.google.android.datatransport:transport-api:3.2.0) with AarToClassTransform
Transforming transport-api-3.2.0.aar (com.google.android.datatransport:transport-api:3.2.0) with DexingWithClasspathTransform
Transforming firebase-encoders-proto-16.0.0.jar (com.google.firebase:firebase-encoders-proto:16.0.0) with IdentityTransform
Transforming firebase-encoders-proto-16.0.0.jar (com.google.firebase:firebase-encoders-proto:16.0.0) with DexingWithClasspathTransform
Transforming firebase-encoders-17.0.0.jar (com.google.firebase:firebase-encoders:17.0.0) with IdentityTransform
Transforming firebase-encoders-17.0.0.jar (com.google.firebase:firebase-encoders:17.0.0) with DexingWithClasspathTransform
Transforming interpolator-1.0.0.aar (androidx.interpolator:interpolator:1.0.0) with AarToClassTransform
Transforming interpolator-1.0.0.aar (androidx.interpolator:interpolator:1.0.0) with DexingWithClasspathTransform
Transforming interpolator-1.0.0.aar (androidx.interpolator:interpolator:1.0.0) with AarToClassTransform
Transforming interpolator-1.0.0.aar (androidx.interpolator:interpolator:1.0.0) with DexingWithClasspathTransform
Transforming interpolator-1.0.0.aar (androidx.interpolator:interpolator:1.0.0) with AarToClassTransform
Transforming interpolator-1.0.0.aar (androidx.interpolator:interpolator:1.0.0) with DexingWithClasspathTransform
Transforming interpolator-1.0.0.aar (androidx.interpolator:interpolator:1.0.0) with AarToClassTransform
Transforming interpolator-1.0.0.aar (androidx.interpolator:interpolator:1.0.0) with DexingWithClasspathTransform
Transforming lifecycle-runtime-2.3.1.aar (androidx.lifecycle:lifecycle-runtime:2.3.1) with AarToClassTransform
Transforming lifecycle-runtime-2.3.1.aar (androidx.lifecycle:lifecycle-runtime:2.3.1) with DexingWithClasspathTransform
Transforming lifecycle-viewmodel-savedstate-2.3.1.aar (androidx.lifecycle:lifecycle-viewmodel-savedstate:2.3.1) with AarToClassTransform
Transforming lifecycle-viewmodel-savedstate-2.3.1.aar (androidx.lifecycle:lifecycle-viewmodel-savedstate:2.3.1) with DexingWithClasspathTransform
Transforming lifecycle-viewmodel-2.3.1.aar (androidx.lifecycle:lifecycle-viewmodel:2.3.1) with AarToClassTransform
Transforming lifecycle-viewmodel-2.3.1.aar (androidx.lifecycle:lifecycle-viewmodel:2.3.1) with DexingWithClasspathTransform
Transforming lifecycle-viewmodel-2.3.1.aar (androidx.lifecycle:lifecycle-viewmodel:2.3.1) with AarToClassTransform
Transforming lifecycle-viewmodel-2.3.1.aar (androidx.lifecycle:lifecycle-viewmodel:2.3.1) with DexingWithClasspathTransform
Transforming savedstate-1.1.0.aar (androidx.savedstate:savedstate:1.1.0) with AarToClassTransform
Transforming savedstate-1.1.0.aar (androidx.savedstate:savedstate:1.1.0) with DexingWithClasspathTransform
Transforming cursoradapter-1.0.0.aar (androidx.cursoradapter:cursoradapter:1.0.0) with AarToClassTransform
Transforming cursoradapter-1.0.0.aar (androidx.cursoradapter:cursoradapter:1.0.0) with DexingWithClasspathTransform
Transforming cursoradapter-1.0.0.aar (androidx.cursoradapter:cursoradapter:1.0.0) with AarToClassTransform
Transforming cursoradapter-1.0.0.aar (androidx.cursoradapter:cursoradapter:1.0.0) with DexingWithClasspathTransform
Transforming concurrent-futures-1.1.0.jar (androidx.concurrent:concurrent-futures:1.1.0) with IdentityTransform
Transforming concurrent-futures-1.1.0.jar (androidx.concurrent:concurrent-futures:1.1.0) with DexingWithClasspathTransform
Transforming lifecycle-livedata-2.0.0.aar (androidx.lifecycle:lifecycle-livedata:2.0.0) with AarToClassTransform
Transforming lifecycle-livedata-2.0.0.aar (androidx.lifecycle:lifecycle-livedata:2.0.0) with DexingWithClasspathTransform
Transforming lifecycle-livedata-core-2.3.1.aar (androidx.lifecycle:lifecycle-livedata-core:2.3.1) with AarToClassTransform
Transforming lifecycle-livedata-core-2.3.1.aar (androidx.lifecycle:lifecycle-livedata-core:2.3.1) with DexingWithClasspathTransform
Transforming lifecycle-livedata-core-2.3.1.aar (androidx.lifecycle:lifecycle-livedata-core:2.3.1) with AarToClassTransform
Transforming lifecycle-livedata-core-2.3.1.aar (androidx.lifecycle:lifecycle-livedata-core:2.3.1) with DexingWithClasspathTransform
Transforming core-runtime-2.1.0.aar (androidx.arch.core:core-runtime:2.1.0) with AarToClassTransform
Transforming core-runtime-2.1.0.aar (androidx.arch.core:core-runtime:2.1.0) with DexingWithClasspathTransform
Transforming core-runtime-2.1.0.aar (androidx.arch.core:core-runtime:2.1.0) with AarToClassTransform
Transforming core-runtime-2.1.0.aar (androidx.arch.core:core-runtime:2.1.0) with DexingWithClasspathTransform
Transforming lifecycle-common-2.3.1.jar (androidx.lifecycle:lifecycle-common:2.3.1) with IdentityTransform
Transforming lifecycle-common-2.3.1.jar (androidx.lifecycle:lifecycle-common:2.3.1) with DexingWithClasspathTransform
Transforming core-common-2.1.0.jar (androidx.arch.core:core-common:2.1.0) with IdentityTransform
Transforming core-common-2.1.0.jar (androidx.arch.core:core-common:2.1.0) with DexingWithClasspathTransform
Transforming documentfile-1.0.0.aar (androidx.documentfile:documentfile:1.0.0) with AarToClassTransform
Transforming documentfile-1.0.0.aar (androidx.documentfile:documentfile:1.0.0) with DexingWithClasspathTransform
Transforming localbroadcastmanager-1.0.0.aar (androidx.localbroadcastmanager:localbroadcastmanager:1.0.0) with AarToClassTransform
Transforming localbroadcastmanager-1.0.0.aar (androidx.localbroadcastmanager:localbroadcastmanager:1.0.0) with DexingWithClasspathTransform
Transforming print-1.0.0.aar (androidx.print:print:1.0.0) with AarToClassTransform
Transforming print-1.0.0.aar (androidx.print:print:1.0.0) with DexingWithClasspathTransform
Transforming annotation-jvm-1.6.0.jar (androidx.annotation:annotation-jvm:1.6.0) with IdentityTransform
Transforming annotation-jvm-1.6.0.jar (androidx.annotation:annotation-jvm:1.6.0) with DexingWithClasspathTransform
Transforming kotlin-stdlib-1.9.21.jar (org.jetbrains.kotlin:kotlin-stdlib:1.9.21) with IdentityTransform
Transforming kotlin-stdlib-1.9.21.jar (org.jetbrains.kotlin:kotlin-stdlib:1.9.21) with DexingWithClasspathTransform
Transforming kotlin-stdlib-jdk8-1.9.10.jar (org.jetbrains.kotlin:kotlin-stdlib-jdk8:1.9.10) with IdentityTransform
Transforming kotlin-stdlib-jdk8-1.9.10.jar (org.jetbrains.kotlin:kotlin-stdlib-jdk8:1.9.10) with DexingWithClasspathTransform
Transforming multidex-2.0.1.aar (androidx.multidex:multidex:2.0.1) with AarToClassTransform
Transforming multidex-2.0.1.aar (androidx.multidex:multidex:2.0.1) with DexingWithClasspathTransform
Transforming gson-2.10.1.jar (com.google.code.gson:gson:2.10.1) with IdentityTransform
Transforming gson-2.10.1.jar (com.google.code.gson:gson:2.10.1) with DexingWithClasspathTransform
Transforming retrofit-2.6.4.jar (com.squareup.retrofit2:retrofit:2.6.4) with IdentityTransform
Transforming okhttp-3.12.0.jar (com.squareup.okhttp3:okhttp:3.12.0) with IdentityTransform
Transforming okio-1.15.0.jar (com.squareup.okio:okio:1.15.0) with IdentityTransform
Transforming converter-gson-2.6.4.jar (com.squareup.retrofit2:converter-gson:2.6.4) with IdentityTransform
Transforming converter-gson-2.6.4.jar (com.squareup.retrofit2:converter-gson:2.6.4) with DexingWithClasspathTransform
Transforming retrofit-2.6.4.jar (com.squareup.retrofit2:retrofit:2.6.4) with IdentityTransform
Transforming retrofit-2.6.4.jar (com.squareup.retrofit2:retrofit:2.6.4) with DexingWithClasspathTransform
Transforming gua64-1.4.5.jar (io.github.lizongying:gua64:1.4.5) with IdentityTransform
Transforming gua64-1.4.5.jar (io.github.lizongying:gua64:1.4.5) with DexingWithClasspathTransform
Transforming nanohttpd-2.3.1.jar (org.nanohttpd:nanohttpd:2.3.1) with IdentityTransform
Transforming nanohttpd-2.3.1.jar (org.nanohttpd:nanohttpd:2.3.1) with DexingWithClasspathTransform
Transforming core-3.5.3.jar (com.google.zxing:core:3.5.3) with IdentityTransform
Transforming core-3.5.3.jar (com.google.zxing:core:3.5.3) with DexingWithClasspathTransform
Transforming disklrucache-4.16.0.jar (com.github.bumptech.glide:disklrucache:4.16.0) with IdentityTransform
Transforming disklrucache-4.16.0.jar (com.github.bumptech.glide:disklrucache:4.16.0) with DexingWithClasspathTransform
Transforming annotations-4.16.0.jar (com.github.bumptech.glide:annotations:4.16.0) with IdentityTransform
Transforming annotations-4.16.0.jar (com.github.bumptech.glide:annotations:4.16.0) with DexingWithClasspathTransform
Transforming okhttp-3.12.0.jar (com.squareup.okhttp3:okhttp:3.12.0) with IdentityTransform
Transforming okhttp-3.12.0.jar (com.squareup.okhttp3:okhttp:3.12.0) with DexingWithClasspathTransform
Transforming constraintlayout-core-1.0.4.jar (androidx.constraintlayout:constraintlayout-core:1.0.4) with IdentityTransform
Transforming constraintlayout-core-1.0.4.jar (androidx.constraintlayout:constraintlayout-core:1.0.4) with DexingWithClasspathTransform
Transforming rtmp-client-3.2.0.aar (io.antmedia:rtmp-client:3.2.0) with AarToClassTransform
Transforming rtmp-client-3.2.0.aar (io.antmedia:rtmp-client:3.2.0) with DexingWithClasspathTransform
Transforming firebase-annotations-16.2.0.jar (com.google.firebase:firebase-annotations:16.2.0) with IdentityTransform
Transforming firebase-annotations-16.2.0.jar (com.google.firebase:firebase-annotations:16.2.0) with DexingWithClasspathTransform
Transforming okio-1.15.0.jar (com.squareup.okio:okio:1.15.0) with IdentityTransform
Transforming okio-1.15.0.jar (com.squareup.okio:okio:1.15.0) with DexingWithClasspathTransform
Transforming annotations-23.0.0.jar (org.jetbrains:annotations:23.0.0) with IdentityTransform
Transforming annotations-23.0.0.jar (org.jetbrains:annotations:23.0.0) with DexingWithClasspathTransform
Transforming guava-33.0.0-android.jar (com.google.guava:guava:33.0.0-android) with IdentityTransform
Transforming guava-33.0.0-android.jar (com.google.guava:guava:33.0.0-android) with DexingWithClasspathTransform
Transforming javax.inject-1.jar (javax.inject:javax.inject:1) with IdentityTransform
Transforming javax.inject-1.jar (javax.inject:javax.inject:1) with DexingWithClasspathTransform
Transforming error_prone_annotations-2.26.0.jar (com.google.errorprone:error_prone_annotations:2.26.0) with IdentityTransform
Transforming error_prone_annotations-2.26.0.jar (com.google.errorprone:error_prone_annotations:2.26.0) with DexingWithClasspathTransform
Transforming failureaccess-1.0.2.jar (com.google.guava:failureaccess:1.0.2) with IdentityTransform
Transforming failureaccess-1.0.2.jar (com.google.guava:failureaccess:1.0.2) with DexingWithClasspathTransform
Transforming listenablefuture-9999.0-empty-to-avoid-conflict-with-guava.jar (com.google.guava:listenablefuture:9999.0-empty-to-avoid-conflict-with-guava) with IdentityTransform
Transforming listenablefuture-9999.0-empty-to-avoid-conflict-with-guava.jar (com.google.guava:listenablefuture:9999.0-empty-to-avoid-conflict-with-guava) with DexingWithClasspathTransform
Transforming jsr305-3.0.2.jar (com.google.code.findbugs:jsr305:3.0.2) with IdentityTransform
Transforming jsr305-3.0.2.jar (com.google.code.findbugs:jsr305:3.0.2) with DexingWithClasspathTransform
Transforming checker-qual-3.41.0.jar (org.checkerframework:checker-qual:3.41.0) with IdentityTransform
Transforming checker-qual-3.41.0.jar (org.checkerframework:checker-qual:3.41.0) with DexingWithClasspathTransform
Caching disabled for task ':app:mergeExtDexDebug' because:
  Build cache is disabled
Skipping task ':app:mergeExtDexDebug' as it is up-to-date.
Resolve mutations for :app:mergeLibDexDebug (Thread[Execution worker Thread 5,5,main]) started.
:app:mergeLibDexDebug (Thread[Execution worker Thread 2,5,main]) started.

> Task :app:mergeLibDexDebug UP-TO-DATE
Caching disabled for task ':app:mergeLibDexDebug' because:
  Build cache is disabled
Skipping task ':app:mergeLibDexDebug' as it is up-to-date.
Resolve mutations for :app:mergeDebugJniLibFolders (Thread[Execution worker Thread 2,5,main]) started.
:app:mergeDebugJniLibFolders (Thread[Execution worker Thread 2,5,main]) started.

> Task :app:mergeDebugJniLibFolders UP-TO-DATE
Caching disabled for task ':app:mergeDebugJniLibFolders' because:
  Build cache is disabled
Skipping task ':app:mergeDebugJniLibFolders' as it is up-to-date.
Resolve mutations for :app:mergeDebugNativeLibs (Thread[Execution worker Thread 2,5,main]) started.
:app:mergeDebugNativeLibs (Thread[Execution worker Thread 2,5,main]) started.

> Task :app:mergeDebugNativeLibs UP-TO-DATE
Transforming viewbinding-8.3.1.aar (androidx.databinding:viewbinding:8.3.1) with ExtractAarTransform
Transforming viewbinding-8.3.1.aar (androidx.databinding:viewbinding:8.3.1) with AarTransform
Transforming firebase-crashlytics-19.0.3.aar (com.google.firebase:firebase-crashlytics:19.0.3) with ExtractAarTransform
Transforming firebase-crashlytics-19.0.3.aar (com.google.firebase:firebase-crashlytics:19.0.3) with AarTransform
Transforming leanback-1.0.0.aar (androidx.leanback:leanback:1.0.0) with ExtractAarTransform
Transforming leanback-1.0.0.aar (androidx.leanback:leanback:1.0.0) with AarTransform
Transforming media3-exoplayer-hls-1.4.1.aar (androidx.media3:media3-exoplayer-hls:1.4.1) with ExtractAarTransform
Transforming media3-exoplayer-hls-1.4.1.aar (androidx.media3:media3-exoplayer-hls:1.4.1) with AarTransform
Transforming media3-exoplayer-rtsp-1.4.1.aar (androidx.media3:media3-exoplayer-rtsp:1.4.1) with ExtractAarTransform
Transforming media3-exoplayer-rtsp-1.4.1.aar (androidx.media3:media3-exoplayer-rtsp:1.4.1) with AarTransform
Transforming media3-exoplayer-dash-1.4.1.aar (androidx.media3:media3-exoplayer-dash:1.4.1) with ExtractAarTransform
Transforming media3-exoplayer-dash-1.4.1.aar (androidx.media3:media3-exoplayer-dash:1.4.1) with AarTransform
Transforming media3-exoplayer-1.4.1.aar (androidx.media3:media3-exoplayer:1.4.1) with ExtractAarTransform
Transforming media3-exoplayer-1.4.1.aar (androidx.media3:media3-exoplayer:1.4.1) with AarTransform
Transforming media3-datasource-rtmp-1.4.1.aar (androidx.media3:media3-datasource-rtmp:1.4.1) with ExtractAarTransform
Transforming media3-datasource-rtmp-1.4.1.aar (androidx.media3:media3-datasource-rtmp:1.4.1) with AarTransform
Transforming media3-extractor-1.4.1.aar (androidx.media3:media3-extractor:1.4.1) with ExtractAarTransform
Transforming media3-extractor-1.4.1.aar (androidx.media3:media3-extractor:1.4.1) with AarTransform
Transforming media3-container-1.4.1.aar (androidx.media3:media3-container:1.4.1) with ExtractAarTransform
Transforming media3-container-1.4.1.aar (androidx.media3:media3-container:1.4.1) with AarTransform
Transforming media3-datasource-1.4.1.aar (androidx.media3:media3-datasource:1.4.1) with ExtractAarTransform
Transforming media3-datasource-1.4.1.aar (androidx.media3:media3-datasource:1.4.1) with AarTransform
Transforming media3-decoder-1.4.1.aar (androidx.media3:media3-decoder:1.4.1) with ExtractAarTransform
Transforming media3-decoder-1.4.1.aar (androidx.media3:media3-decoder:1.4.1) with AarTransform
Transforming media3-database-1.4.1.aar (androidx.media3:media3-database:1.4.1) with ExtractAarTransform
Transforming media3-database-1.4.1.aar (androidx.media3:media3-database:1.4.1) with AarTransform
Transforming media3-common-1.4.1.aar (androidx.media3:media3-common:1.4.1) with ExtractAarTransform
Transforming media3-common-1.4.1.aar (androidx.media3:media3-common:1.4.1) with AarTransform
Transforming media3-ui-1.4.1.aar (androidx.media3:media3-ui:1.4.1) with ExtractAarTransform
Transforming media3-ui-1.4.1.aar (androidx.media3:media3-ui:1.4.1) with AarTransform
Transforming recyclerview-1.3.2.aar (androidx.recyclerview:recyclerview:1.3.2) with ExtractAarTransform
Transforming recyclerview-1.3.2.aar (androidx.recyclerview:recyclerview:1.3.2) with AarTransform
Transforming recyclerview-1.3.2.aar (androidx.recyclerview:recyclerview:1.3.2) with ExtractAarTransform
Transforming recyclerview-1.3.2.aar (androidx.recyclerview:recyclerview:1.3.2) with AarTransform
Transforming constraintlayout-2.1.4.aar (androidx.constraintlayout:constraintlayout:2.1.4) with ExtractAarTransform
Transforming constraintlayout-2.1.4.aar (androidx.constraintlayout:constraintlayout:2.1.4) with AarTransform
Transforming legacy-support-core-ui-1.0.0.aar (androidx.legacy:legacy-support-core-ui:1.0.0) with ExtractAarTransform
Transforming legacy-support-core-ui-1.0.0.aar (androidx.legacy:legacy-support-core-ui:1.0.0) with AarTransform
Transforming glide-4.16.0.aar (com.github.bumptech.glide:glide:4.16.0) with ExtractAarTransform
Transforming glide-4.16.0.aar (com.github.bumptech.glide:glide:4.16.0) with AarTransform
Transforming appcompat-1.2.0.aar (androidx.appcompat:appcompat:1.2.0) with ExtractAarTransform
Transforming appcompat-1.2.0.aar (androidx.appcompat:appcompat:1.2.0) with AarTransform
Transforming firebase-analytics-22.0.2.aar (com.google.firebase:firebase-analytics:22.0.2) with ExtractAarTransform
Transforming firebase-analytics-22.0.2.aar (com.google.firebase:firebase-analytics:22.0.2) with AarTransform
Transforming play-services-measurement-22.0.2.aar (com.google.android.gms:play-services-measurement:22.0.2) with ExtractAarTransform
Transforming play-services-measurement-22.0.2.aar (com.google.android.gms:play-services-measurement:22.0.2) with AarTransform
Transforming play-services-measurement-api-22.0.2.aar (com.google.android.gms:play-services-measurement-api:22.0.2) with ExtractAarTransform
Transforming play-services-measurement-api-22.0.2.aar (com.google.android.gms:play-services-measurement-api:22.0.2) with AarTransform
Transforming play-services-measurement-sdk-22.0.2.aar (com.google.android.gms:play-services-measurement-sdk:22.0.2) with ExtractAarTransform
Transforming play-services-measurement-sdk-22.0.2.aar (com.google.android.gms:play-services-measurement-sdk:22.0.2) with AarTransform
Transforming firebase-measurement-connector-20.0.1.aar (com.google.firebase:firebase-measurement-connector:20.0.1) with ExtractAarTransform
Transforming firebase-measurement-connector-20.0.1.aar (com.google.firebase:firebase-measurement-connector:20.0.1) with AarTransform
Transforming firebase-measurement-connector-20.0.1.aar (com.google.firebase:firebase-measurement-connector:20.0.1) with ExtractAarTransform
Transforming firebase-measurement-connector-20.0.1.aar (com.google.firebase:firebase-measurement-connector:20.0.1) with AarTransform
Transforming firebase-sessions-2.0.3.aar (com.google.firebase:firebase-sessions:2.0.3) with ExtractAarTransform
Transforming firebase-sessions-2.0.3.aar (com.google.firebase:firebase-sessions:2.0.3) with AarTransform
Transforming firebase-installations-18.0.0.aar (com.google.firebase:firebase-installations:18.0.0) with ExtractAarTransform
Transforming firebase-installations-18.0.0.aar (com.google.firebase:firebase-installations:18.0.0) with AarTransform
Transforming firebase-installations-18.0.0.aar (com.google.firebase:firebase-installations:18.0.0) with ExtractAarTransform
Transforming firebase-installations-18.0.0.aar (com.google.firebase:firebase-installations:18.0.0) with AarTransform
Transforming firebase-installations-18.0.0.aar (com.google.firebase:firebase-installations:18.0.0) with ExtractAarTransform
Transforming firebase-installations-18.0.0.aar (com.google.firebase:firebase-installations:18.0.0) with AarTransform
Transforming firebase-common-ktx-21.0.0.aar (com.google.firebase:firebase-common-ktx:21.0.0) with ExtractAarTransform
Transforming firebase-common-ktx-21.0.0.aar (com.google.firebase:firebase-common-ktx:21.0.0) with AarTransform
Transforming firebase-common-ktx-21.0.0.aar (com.google.firebase:firebase-common-ktx:21.0.0) with ExtractAarTransform
Transforming firebase-common-ktx-21.0.0.aar (com.google.firebase:firebase-common-ktx:21.0.0) with AarTransform
Transforming firebase-common-ktx-21.0.0.aar (com.google.firebase:firebase-common-ktx:21.0.0) with ExtractAarTransform
Transforming firebase-common-ktx-21.0.0.aar (com.google.firebase:firebase-common-ktx:21.0.0) with AarTransform
Transforming firebase-common-ktx-21.0.0.aar (com.google.firebase:firebase-common-ktx:21.0.0) with ExtractAarTransform
Transforming firebase-common-ktx-21.0.0.aar (com.google.firebase:firebase-common-ktx:21.0.0) with AarTransform
Transforming firebase-common-21.0.0.aar (com.google.firebase:firebase-common:21.0.0) with ExtractAarTransform
Transforming firebase-common-21.0.0.aar (com.google.firebase:firebase-common:21.0.0) with AarTransform
Transforming firebase-common-21.0.0.aar (com.google.firebase:firebase-common:21.0.0) with ExtractAarTransform
Transforming firebase-common-21.0.0.aar (com.google.firebase:firebase-common:21.0.0) with AarTransform
Transforming firebase-common-21.0.0.aar (com.google.firebase:firebase-common:21.0.0) with ExtractAarTransform
Transforming firebase-common-21.0.0.aar (com.google.firebase:firebase-common:21.0.0) with AarTransform
Transforming firebase-common-21.0.0.aar (com.google.firebase:firebase-common:21.0.0) with ExtractAarTransform
Transforming firebase-common-21.0.0.aar (com.google.firebase:firebase-common:21.0.0) with AarTransform
Transforming firebase-common-21.0.0.aar (com.google.firebase:firebase-common:21.0.0) with ExtractAarTransform
Transforming firebase-common-21.0.0.aar (com.google.firebase:firebase-common:21.0.0) with AarTransform
Transforming play-services-measurement-impl-22.0.2.aar (com.google.android.gms:play-services-measurement-impl:22.0.2) with ExtractAarTransform
Transforming play-services-measurement-impl-22.0.2.aar (com.google.android.gms:play-services-measurement-impl:22.0.2) with AarTransform
Transforming play-services-measurement-impl-22.0.2.aar (com.google.android.gms:play-services-measurement-impl:22.0.2) with ExtractAarTransform
Transforming play-services-measurement-impl-22.0.2.aar (com.google.android.gms:play-services-measurement-impl:22.0.2) with AarTransform
Transforming play-services-ads-identifier-18.0.0.aar (com.google.android.gms:play-services-ads-identifier:18.0.0) with ExtractAarTransform
Transforming play-services-ads-identifier-18.0.0.aar (com.google.android.gms:play-services-ads-identifier:18.0.0) with AarTransform
Transforming play-services-ads-identifier-18.0.0.aar (com.google.android.gms:play-services-ads-identifier:18.0.0) with ExtractAarTransform
Transforming play-services-ads-identifier-18.0.0.aar (com.google.android.gms:play-services-ads-identifier:18.0.0) with AarTransform
Transforming play-services-ads-identifier-18.0.0.aar (com.google.android.gms:play-services-ads-identifier:18.0.0) with ExtractAarTransform
Transforming play-services-ads-identifier-18.0.0.aar (com.google.android.gms:play-services-ads-identifier:18.0.0) with AarTransform
Transforming play-services-measurement-sdk-api-22.0.2.aar (com.google.android.gms:play-services-measurement-sdk-api:22.0.2) with ExtractAarTransform
Transforming play-services-measurement-sdk-api-22.0.2.aar (com.google.android.gms:play-services-measurement-sdk-api:22.0.2) with AarTransform
Transforming play-services-measurement-base-22.0.2.aar (com.google.android.gms:play-services-measurement-base:22.0.2) with ExtractAarTransform
Transforming play-services-measurement-base-22.0.2.aar (com.google.android.gms:play-services-measurement-base:22.0.2) with AarTransform
Transforming play-services-measurement-base-22.0.2.aar (com.google.android.gms:play-services-measurement-base:22.0.2) with ExtractAarTransform
Transforming play-services-measurement-base-22.0.2.aar (com.google.android.gms:play-services-measurement-base:22.0.2) with AarTransform
Transforming play-services-measurement-base-22.0.2.aar (com.google.android.gms:play-services-measurement-base:22.0.2) with ExtractAarTransform
Transforming play-services-measurement-base-22.0.2.aar (com.google.android.gms:play-services-measurement-base:22.0.2) with AarTransform
Transforming play-services-measurement-base-22.0.2.aar (com.google.android.gms:play-services-measurement-base:22.0.2) with ExtractAarTransform
Transforming play-services-measurement-base-22.0.2.aar (com.google.android.gms:play-services-measurement-base:22.0.2) with AarTransform
Transforming play-services-measurement-base-22.0.2.aar (com.google.android.gms:play-services-measurement-base:22.0.2) with ExtractAarTransform
Transforming play-services-measurement-base-22.0.2.aar (com.google.android.gms:play-services-measurement-base:22.0.2) with AarTransform
Transforming play-services-stats-17.0.2.aar (com.google.android.gms:play-services-stats:17.0.2) with ExtractAarTransform
Transforming play-services-stats-17.0.2.aar (com.google.android.gms:play-services-stats:17.0.2) with AarTransform
Transforming play-services-stats-17.0.2.aar (com.google.android.gms:play-services-stats:17.0.2) with ExtractAarTransform
Transforming play-services-stats-17.0.2.aar (com.google.android.gms:play-services-stats:17.0.2) with AarTransform
Transforming firebase-installations-interop-17.2.0.aar (com.google.firebase:firebase-installations-interop:17.2.0) with ExtractAarTransform
Transforming firebase-installations-interop-17.2.0.aar (com.google.firebase:firebase-installations-interop:17.2.0) with AarTransform
Transforming firebase-installations-interop-17.2.0.aar (com.google.firebase:firebase-installations-interop:17.2.0) with ExtractAarTransform
Transforming firebase-installations-interop-17.2.0.aar (com.google.firebase:firebase-installations-interop:17.2.0) with AarTransform
Transforming firebase-installations-interop-17.2.0.aar (com.google.firebase:firebase-installations-interop:17.2.0) with ExtractAarTransform
Transforming firebase-installations-interop-17.2.0.aar (com.google.firebase:firebase-installations-interop:17.2.0) with AarTransform
Transforming firebase-installations-interop-17.2.0.aar (com.google.firebase:firebase-installations-interop:17.2.0) with ExtractAarTransform
Transforming firebase-installations-interop-17.2.0.aar (com.google.firebase:firebase-installations-interop:17.2.0) with AarTransform
Transforming kotlinx-coroutines-android-1.8.1.jar (org.jetbrains.kotlinx:kotlinx-coroutines-android:1.8.1) with ExtractJniTransform
Transforming ads-adservices-java-1.0.0-beta05.aar (androidx.privacysandbox.ads:ads-adservices-java:1.0.0-beta05) with ExtractAarTransform
Transforming ads-adservices-java-1.0.0-beta05.aar (androidx.privacysandbox.ads:ads-adservices-java:1.0.0-beta05) with AarTransform
Transforming ads-adservices-1.0.0-beta05.aar (androidx.privacysandbox.ads:ads-adservices:1.0.0-beta05) with ExtractAarTransform
Transforming ads-adservices-1.0.0-beta05.aar (androidx.privacysandbox.ads:ads-adservices:1.0.0-beta05) with AarTransform
Transforming ads-adservices-1.0.0-beta05.aar (androidx.privacysandbox.ads:ads-adservices:1.0.0-beta05) with ExtractAarTransform
Transforming ads-adservices-1.0.0-beta05.aar (androidx.privacysandbox.ads:ads-adservices:1.0.0-beta05) with AarTransform
Transforming datastore-preferences-1.0.0.aar (androidx.datastore:datastore-preferences:1.0.0) with ExtractAarTransform
Transforming datastore-preferences-1.0.0.aar (androidx.datastore:datastore-preferences:1.0.0) with AarTransform
Transforming datastore-1.0.0.aar (androidx.datastore:datastore:1.0.0) with ExtractAarTransform
Transforming datastore-1.0.0.aar (androidx.datastore:datastore:1.0.0) with AarTransform
Transforming datastore-preferences-core-1.0.0.jar (androidx.datastore:datastore-preferences-core:1.0.0) with ExtractJniTransform
Transforming datastore-core-1.0.0.jar (androidx.datastore:datastore-core:1.0.0) with ExtractJniTransform
Transforming kotlinx-coroutines-core-jvm-1.8.1.jar (org.jetbrains.kotlinx:kotlinx-coroutines-core-jvm:1.8.1) with ExtractJniTransform
Transforming kotlinx-coroutines-play-services-1.8.1.jar (org.jetbrains.kotlinx:kotlinx-coroutines-play-services:1.8.1) with ExtractJniTransform
Transforming play-services-tasks-18.2.0.aar (com.google.android.gms:play-services-tasks:18.2.0) with ExtractAarTransform
Transforming play-services-tasks-18.2.0.aar (com.google.android.gms:play-services-tasks:18.2.0) with AarTransform
Transforming play-services-tasks-18.2.0.aar (com.google.android.gms:play-services-tasks:18.2.0) with ExtractAarTransform
Transforming play-services-tasks-18.2.0.aar (com.google.android.gms:play-services-tasks:18.2.0) with AarTransform
Transforming play-services-tasks-18.2.0.aar (com.google.android.gms:play-services-tasks:18.2.0) with ExtractAarTransform
Transforming play-services-tasks-18.2.0.aar (com.google.android.gms:play-services-tasks:18.2.0) with AarTransform
Transforming play-services-tasks-18.2.0.aar (com.google.android.gms:play-services-tasks:18.2.0) with ExtractAarTransform
Transforming play-services-tasks-18.2.0.aar (com.google.android.gms:play-services-tasks:18.2.0) with AarTransform
Transforming play-services-tasks-18.2.0.aar (com.google.android.gms:play-services-tasks:18.2.0) with ExtractAarTransform
Transforming play-services-tasks-18.2.0.aar (com.google.android.gms:play-services-tasks:18.2.0) with AarTransform
Transforming play-services-tasks-18.2.0.aar (com.google.android.gms:play-services-tasks:18.2.0) with ExtractAarTransform
Transforming play-services-tasks-18.2.0.aar (com.google.android.gms:play-services-tasks:18.2.0) with AarTransform
Transforming play-services-basement-18.4.0.aar (com.google.android.gms:play-services-basement:18.4.0) with ExtractAarTransform
Transforming play-services-basement-18.4.0.aar (com.google.android.gms:play-services-basement:18.4.0) with AarTransform
Transforming play-services-basement-18.4.0.aar (com.google.android.gms:play-services-basement:18.4.0) with ExtractAarTransform
Transforming play-services-basement-18.4.0.aar (com.google.android.gms:play-services-basement:18.4.0) with AarTransform
Transforming play-services-basement-18.4.0.aar (com.google.android.gms:play-services-basement:18.4.0) with ExtractAarTransform
Transforming play-services-basement-18.4.0.aar (com.google.android.gms:play-services-basement:18.4.0) with AarTransform
Transforming play-services-basement-18.4.0.aar (com.google.android.gms:play-services-basement:18.4.0) with ExtractAarTransform
Transforming play-services-basement-18.4.0.aar (com.google.android.gms:play-services-basement:18.4.0) with AarTransform
Transforming play-services-basement-18.4.0.aar (com.google.android.gms:play-services-basement:18.4.0) with ExtractAarTransform
Transforming play-services-basement-18.4.0.aar (com.google.android.gms:play-services-basement:18.4.0) with AarTransform
Transforming play-services-basement-18.4.0.aar (com.google.android.gms:play-services-basement:18.4.0) with ExtractAarTransform
Transforming play-services-basement-18.4.0.aar (com.google.android.gms:play-services-basement:18.4.0) with AarTransform
Transforming play-services-basement-18.4.0.aar (com.google.android.gms:play-services-basement:18.4.0) with ExtractAarTransform
Transforming play-services-basement-18.4.0.aar (com.google.android.gms:play-services-basement:18.4.0) with AarTransform
Transforming play-services-basement-18.4.0.aar (com.google.android.gms:play-services-basement:18.4.0) with ExtractAarTransform
Transforming play-services-basement-18.4.0.aar (com.google.android.gms:play-services-basement:18.4.0) with AarTransform
Transforming play-services-basement-18.4.0.aar (com.google.android.gms:play-services-basement:18.4.0) with ExtractAarTransform
Transforming play-services-basement-18.4.0.aar (com.google.android.gms:play-services-basement:18.4.0) with AarTransform
Transforming play-services-basement-18.4.0.aar (com.google.android.gms:play-services-basement:18.4.0) with ExtractAarTransform
Transforming play-services-basement-18.4.0.aar (com.google.android.gms:play-services-basement:18.4.0) with AarTransform
Transforming play-services-basement-18.4.0.aar (com.google.android.gms:play-services-basement:18.4.0) with ExtractAarTransform
Transforming play-services-basement-18.4.0.aar (com.google.android.gms:play-services-basement:18.4.0) with AarTransform
Transforming fragment-1.3.6.aar (androidx.fragment:fragment:1.3.6) with ExtractAarTransform
Transforming fragment-1.3.6.aar (androidx.fragment:fragment:1.3.6) with AarTransform
Transforming fragment-1.3.6.aar (androidx.fragment:fragment:1.3.6) with ExtractAarTransform
Transforming fragment-1.3.6.aar (androidx.fragment:fragment:1.3.6) with AarTransform
Transforming fragment-1.3.6.aar (androidx.fragment:fragment:1.3.6) with ExtractAarTransform
Transforming fragment-1.3.6.aar (androidx.fragment:fragment:1.3.6) with AarTransform
Transforming viewpager-1.0.0.aar (androidx.viewpager:viewpager:1.0.0) with ExtractAarTransform
Transforming viewpager-1.0.0.aar (androidx.viewpager:viewpager:1.0.0) with AarTransform
Transforming viewpager-1.0.0.aar (androidx.viewpager:viewpager:1.0.0) with ExtractAarTransform
Transforming viewpager-1.0.0.aar (androidx.viewpager:viewpager:1.0.0) with AarTransform
Transforming drawerlayout-1.0.0.aar (androidx.drawerlayout:drawerlayout:1.0.0) with ExtractAarTransform
Transforming drawerlayout-1.0.0.aar (androidx.drawerlayout:drawerlayout:1.0.0) with AarTransform
Transforming drawerlayout-1.0.0.aar (androidx.drawerlayout:drawerlayout:1.0.0) with ExtractAarTransform
Transforming drawerlayout-1.0.0.aar (androidx.drawerlayout:drawerlayout:1.0.0) with AarTransform
Transforming coordinatorlayout-1.0.0.aar (androidx.coordinatorlayout:coordinatorlayout:1.0.0) with ExtractAarTransform
Transforming coordinatorlayout-1.0.0.aar (androidx.coordinatorlayout:coordinatorlayout:1.0.0) with AarTransform
Transforming slidingpanelayout-1.0.0.aar (androidx.slidingpanelayout:slidingpanelayout:1.0.0) with ExtractAarTransform
Transforming slidingpanelayout-1.0.0.aar (androidx.slidingpanelayout:slidingpanelayout:1.0.0) with AarTransform
Transforming customview-1.0.0.aar (androidx.customview:customview:1.0.0) with ExtractAarTransform
Transforming customview-1.0.0.aar (androidx.customview:customview:1.0.0) with AarTransform
Transforming customview-1.0.0.aar (androidx.customview:customview:1.0.0) with ExtractAarTransform
Transforming customview-1.0.0.aar (androidx.customview:customview:1.0.0) with AarTransform
Transforming customview-1.0.0.aar (androidx.customview:customview:1.0.0) with ExtractAarTransform
Transforming customview-1.0.0.aar (androidx.customview:customview:1.0.0) with AarTransform
Transforming customview-1.0.0.aar (androidx.customview:customview:1.0.0) with ExtractAarTransform
Transforming customview-1.0.0.aar (androidx.customview:customview:1.0.0) with AarTransform
Transforming customview-1.0.0.aar (androidx.customview:customview:1.0.0) with ExtractAarTransform
Transforming customview-1.0.0.aar (androidx.customview:customview:1.0.0) with AarTransform
Transforming customview-1.0.0.aar (androidx.customview:customview:1.0.0) with ExtractAarTransform
Transforming customview-1.0.0.aar (androidx.customview:customview:1.0.0) with AarTransform
Transforming media-1.7.0.aar (androidx.media:media:1.7.0) with ExtractAarTransform
Transforming media-1.7.0.aar (androidx.media:media:1.7.0) with AarTransform
Transforming media-1.7.0.aar (androidx.media:media:1.7.0) with ExtractAarTransform
Transforming media-1.7.0.aar (androidx.media:media:1.7.0) with AarTransform
Transforming legacy-support-core-utils-1.0.0.aar (androidx.legacy:legacy-support-core-utils:1.0.0) with ExtractAarTransform
Transforming legacy-support-core-utils-1.0.0.aar (androidx.legacy:legacy-support-core-utils:1.0.0) with AarTransform
Transforming legacy-support-core-utils-1.0.0.aar (androidx.legacy:legacy-support-core-utils:1.0.0) with ExtractAarTransform
Transforming legacy-support-core-utils-1.0.0.aar (androidx.legacy:legacy-support-core-utils:1.0.0) with AarTransform
Transforming legacy-support-core-utils-1.0.0.aar (androidx.legacy:legacy-support-core-utils:1.0.0) with ExtractAarTransform
Transforming legacy-support-core-utils-1.0.0.aar (androidx.legacy:legacy-support-core-utils:1.0.0) with AarTransform
Transforming loader-1.0.0.aar (androidx.loader:loader:1.0.0) with ExtractAarTransform
Transforming loader-1.0.0.aar (androidx.loader:loader:1.0.0) with AarTransform
Transforming loader-1.0.0.aar (androidx.loader:loader:1.0.0) with ExtractAarTransform
Transforming loader-1.0.0.aar (androidx.loader:loader:1.0.0) with AarTransform
Transforming activity-1.2.4.aar (androidx.activity:activity:1.2.4) with ExtractAarTransform
Transforming activity-1.2.4.aar (androidx.activity:activity:1.2.4) with AarTransform
Transforming appcompat-resources-1.2.0.aar (androidx.appcompat:appcompat-resources:1.2.0) with ExtractAarTransform
Transforming appcompat-resources-1.2.0.aar (androidx.appcompat:appcompat-resources:1.2.0) with AarTransform
Transforming vectordrawable-animated-1.1.0.aar (androidx.vectordrawable:vectordrawable-animated:1.1.0) with ExtractAarTransform
Transforming vectordrawable-animated-1.1.0.aar (androidx.vectordrawable:vectordrawable-animated:1.1.0) with AarTransform
Transforming vectordrawable-1.1.0.aar (androidx.vectordrawable:vectordrawable:1.1.0) with ExtractAarTransform
Transforming vectordrawable-1.1.0.aar (androidx.vectordrawable:vectordrawable:1.1.0) with AarTransform
Transforming vectordrawable-1.1.0.aar (androidx.vectordrawable:vectordrawable:1.1.0) with ExtractAarTransform
Transforming vectordrawable-1.1.0.aar (androidx.vectordrawable:vectordrawable:1.1.0) with AarTransform
Transforming swiperefreshlayout-1.0.0.aar (androidx.swiperefreshlayout:swiperefreshlayout:1.0.0) with ExtractAarTransform
Transforming swiperefreshlayout-1.0.0.aar (androidx.swiperefreshlayout:swiperefreshlayout:1.0.0) with AarTransform
Transforming asynclayoutinflater-1.0.0.aar (androidx.asynclayoutinflater:asynclayoutinflater:1.0.0) with ExtractAarTransform
Transforming asynclayoutinflater-1.0.0.aar (androidx.asynclayoutinflater:asynclayoutinflater:1.0.0) with AarTransform
Transforming core-1.12.0.aar (androidx.core:core:1.12.0) with ExtractAarTransform
Transforming core-1.12.0.aar (androidx.core:core:1.12.0) with AarTransform
Transforming core-1.12.0.aar (androidx.core:core:1.12.0) with ExtractAarTransform
Transforming core-1.12.0.aar (androidx.core:core:1.12.0) with AarTransform
Transforming core-1.12.0.aar (androidx.core:core:1.12.0) with ExtractAarTransform
Transforming core-1.12.0.aar (androidx.core:core:1.12.0) with AarTransform
Transforming core-1.12.0.aar (androidx.core:core:1.12.0) with ExtractAarTransform
Transforming core-1.12.0.aar (androidx.core:core:1.12.0) with AarTransform
Transforming core-1.12.0.aar (androidx.core:core:1.12.0) with ExtractAarTransform
Transforming core-1.12.0.aar (androidx.core:core:1.12.0) with AarTransform
Transforming core-1.12.0.aar (androidx.core:core:1.12.0) with ExtractAarTransform
Transforming core-1.12.0.aar (androidx.core:core:1.12.0) with AarTransform
Transforming core-1.12.0.aar (androidx.core:core:1.12.0) with ExtractAarTransform
Transforming core-1.12.0.aar (androidx.core:core:1.12.0) with AarTransform
Transforming core-1.12.0.aar (androidx.core:core:1.12.0) with ExtractAarTransform
Transforming core-1.12.0.aar (androidx.core:core:1.12.0) with AarTransform
Transforming core-1.12.0.aar (androidx.core:core:1.12.0) with ExtractAarTransform
Transforming core-1.12.0.aar (androidx.core:core:1.12.0) with AarTransform
Transforming core-1.12.0.aar (androidx.core:core:1.12.0) with ExtractAarTransform
Transforming core-1.12.0.aar (androidx.core:core:1.12.0) with AarTransform
Transforming core-1.12.0.aar (androidx.core:core:1.12.0) with ExtractAarTransform
Transforming core-1.12.0.aar (androidx.core:core:1.12.0) with AarTransform
Transforming core-1.12.0.aar (androidx.core:core:1.12.0) with ExtractAarTransform
Transforming core-1.12.0.aar (androidx.core:core:1.12.0) with AarTransform
Transforming core-1.12.0.aar (androidx.core:core:1.12.0) with ExtractAarTransform
Transforming core-1.12.0.aar (androidx.core:core:1.12.0) with AarTransform
Transforming core-1.12.0.aar (androidx.core:core:1.12.0) with ExtractAarTransform
Transforming core-1.12.0.aar (androidx.core:core:1.12.0) with AarTransform
Transforming core-1.12.0.aar (androidx.core:core:1.12.0) with ExtractAarTransform
Transforming core-1.12.0.aar (androidx.core:core:1.12.0) with AarTransform
Transforming customview-poolingcontainer-1.0.0.aar (androidx.customview:customview-poolingcontainer:1.0.0) with ExtractAarTransform
Transforming customview-poolingcontainer-1.0.0.aar (androidx.customview:customview-poolingcontainer:1.0.0) with AarTransform
Transforming core-ktx-1.12.0.aar (androidx.core:core-ktx:1.12.0) with ExtractAarTransform
Transforming core-ktx-1.12.0.aar (androidx.core:core-ktx:1.12.0) with AarTransform
Transforming kotlin-stdlib-jdk7-1.9.10.jar (org.jetbrains.kotlin:kotlin-stdlib-jdk7:1.9.10) with ExtractJniTransform
Transforming annotation-experimental-1.3.1.aar (androidx.annotation:annotation-experimental:1.3.1) with ExtractAarTransform
Transforming annotation-experimental-1.3.1.aar (androidx.annotation:annotation-experimental:1.3.1) with AarTransform
Transforming cardview-1.0.0.aar (androidx.cardview:cardview:1.0.0) with ExtractAarTransform
Transforming cardview-1.0.0.aar (androidx.cardview:cardview:1.0.0) with AarTransform
Transforming gifdecoder-4.16.0.aar (com.github.bumptech.glide:gifdecoder:4.16.0) with ExtractAarTransform
Transforming gifdecoder-4.16.0.aar (com.github.bumptech.glide:gifdecoder:4.16.0) with AarTransform
Transforming exifinterface-1.3.6.aar (androidx.exifinterface:exifinterface:1.3.6) with ExtractAarTransform
Transforming exifinterface-1.3.6.aar (androidx.exifinterface:exifinterface:1.3.6) with AarTransform
Transforming tracing-1.0.0.aar (androidx.tracing:tracing:1.0.0) with ExtractAarTransform
Transforming tracing-1.0.0.aar (androidx.tracing:tracing:1.0.0) with AarTransform
Transforming versionedparcelable-1.1.1.aar (androidx.versionedparcelable:versionedparcelable:1.1.1) with ExtractAarTransform
Transforming versionedparcelable-1.1.1.aar (androidx.versionedparcelable:versionedparcelable:1.1.1) with AarTransform
Transforming collection-1.2.0.jar (androidx.collection:collection:1.2.0) with ExtractJniTransform
Transforming firebase-components-18.0.0.aar (com.google.firebase:firebase-components:18.0.0) with ExtractAarTransform
Transforming firebase-components-18.0.0.aar (com.google.firebase:firebase-components:18.0.0) with AarTransform
Transforming firebase-components-18.0.0.aar (com.google.firebase:firebase-components:18.0.0) with ExtractAarTransform
Transforming firebase-components-18.0.0.aar (com.google.firebase:firebase-components:18.0.0) with AarTransform
Transforming firebase-components-18.0.0.aar (com.google.firebase:firebase-components:18.0.0) with ExtractAarTransform
Transforming firebase-components-18.0.0.aar (com.google.firebase:firebase-components:18.0.0) with AarTransform
Transforming firebase-components-18.0.0.aar (com.google.firebase:firebase-components:18.0.0) with ExtractAarTransform
Transforming firebase-components-18.0.0.aar (com.google.firebase:firebase-components:18.0.0) with AarTransform
Transforming firebase-components-18.0.0.aar (com.google.firebase:firebase-components:18.0.0) with ExtractAarTransform
Transforming firebase-components-18.0.0.aar (com.google.firebase:firebase-components:18.0.0) with AarTransform
Transforming firebase-components-18.0.0.aar (com.google.firebase:firebase-components:18.0.0) with ExtractAarTransform
Transforming firebase-components-18.0.0.aar (com.google.firebase:firebase-components:18.0.0) with AarTransform
Transforming firebase-config-interop-16.0.1.aar (com.google.firebase:firebase-config-interop:16.0.1) with ExtractAarTransform
Transforming firebase-config-interop-16.0.1.aar (com.google.firebase:firebase-config-interop:16.0.1) with AarTransform
Transforming firebase-datatransport-19.0.0.aar (com.google.firebase:firebase-datatransport:19.0.0) with ExtractAarTransform
Transforming firebase-datatransport-19.0.0.aar (com.google.firebase:firebase-datatransport:19.0.0) with AarTransform
Transforming transport-backend-cct-3.3.0.aar (com.google.android.datatransport:transport-backend-cct:3.3.0) with ExtractAarTransform
Transforming transport-backend-cct-3.3.0.aar (com.google.android.datatransport:transport-backend-cct:3.3.0) with AarTransform
Transforming transport-backend-cct-3.3.0.aar (com.google.android.datatransport:transport-backend-cct:3.3.0) with ExtractAarTransform
Transforming transport-backend-cct-3.3.0.aar (com.google.android.datatransport:transport-backend-cct:3.3.0) with AarTransform
Transforming firebase-encoders-json-18.0.1.aar (com.google.firebase:firebase-encoders-json:18.0.1) with ExtractAarTransform
Transforming firebase-encoders-json-18.0.1.aar (com.google.firebase:firebase-encoders-json:18.0.1) with AarTransform
Transforming firebase-encoders-json-18.0.1.aar (com.google.firebase:firebase-encoders-json:18.0.1) with ExtractAarTransform
Transforming firebase-encoders-json-18.0.1.aar (com.google.firebase:firebase-encoders-json:18.0.1) with AarTransform
Transforming firebase-encoders-json-18.0.1.aar (com.google.firebase:firebase-encoders-json:18.0.1) with ExtractAarTransform
Transforming firebase-encoders-json-18.0.1.aar (com.google.firebase:firebase-encoders-json:18.0.1) with AarTransform
Transforming firebase-encoders-json-18.0.1.aar (com.google.firebase:firebase-encoders-json:18.0.1) with ExtractAarTransform
Transforming firebase-encoders-json-18.0.1.aar (com.google.firebase:firebase-encoders-json:18.0.1) with AarTransform
Transforming transport-runtime-3.3.0.aar (com.google.android.datatransport:transport-runtime:3.3.0) with ExtractAarTransform
Transforming transport-runtime-3.3.0.aar (com.google.android.datatransport:transport-runtime:3.3.0) with AarTransform
Transforming transport-runtime-3.3.0.aar (com.google.android.datatransport:transport-runtime:3.3.0) with ExtractAarTransform
Transforming transport-runtime-3.3.0.aar (com.google.android.datatransport:transport-runtime:3.3.0) with AarTransform
Transforming transport-runtime-3.3.0.aar (com.google.android.datatransport:transport-runtime:3.3.0) with ExtractAarTransform
Transforming transport-runtime-3.3.0.aar (com.google.android.datatransport:transport-runtime:3.3.0) with AarTransform
Transforming transport-api-3.2.0.aar (com.google.android.datatransport:transport-api:3.2.0) with ExtractAarTransform
Transforming transport-api-3.2.0.aar (com.google.android.datatransport:transport-api:3.2.0) with AarTransform
Transforming transport-api-3.2.0.aar (com.google.android.datatransport:transport-api:3.2.0) with ExtractAarTransform
Transforming transport-api-3.2.0.aar (com.google.android.datatransport:transport-api:3.2.0) with AarTransform
Transforming transport-api-3.2.0.aar (com.google.android.datatransport:transport-api:3.2.0) with ExtractAarTransform
Transforming transport-api-3.2.0.aar (com.google.android.datatransport:transport-api:3.2.0) with AarTransform
Transforming transport-api-3.2.0.aar (com.google.android.datatransport:transport-api:3.2.0) with ExtractAarTransform
Transforming transport-api-3.2.0.aar (com.google.android.datatransport:transport-api:3.2.0) with AarTransform
Transforming transport-api-3.2.0.aar (com.google.android.datatransport:transport-api:3.2.0) with ExtractAarTransform
Transforming transport-api-3.2.0.aar (com.google.android.datatransport:transport-api:3.2.0) with AarTransform
Transforming firebase-encoders-proto-16.0.0.jar (com.google.firebase:firebase-encoders-proto:16.0.0) with ExtractJniTransform
Transforming firebase-encoders-17.0.0.jar (com.google.firebase:firebase-encoders:17.0.0) with ExtractJniTransform
Transforming interpolator-1.0.0.aar (androidx.interpolator:interpolator:1.0.0) with ExtractAarTransform
Transforming interpolator-1.0.0.aar (androidx.interpolator:interpolator:1.0.0) with AarTransform
Transforming interpolator-1.0.0.aar (androidx.interpolator:interpolator:1.0.0) with ExtractAarTransform
Transforming interpolator-1.0.0.aar (androidx.interpolator:interpolator:1.0.0) with AarTransform
Transforming interpolator-1.0.0.aar (androidx.interpolator:interpolator:1.0.0) with ExtractAarTransform
Transforming interpolator-1.0.0.aar (androidx.interpolator:interpolator:1.0.0) with AarTransform
Transforming interpolator-1.0.0.aar (androidx.interpolator:interpolator:1.0.0) with ExtractAarTransform
Transforming interpolator-1.0.0.aar (androidx.interpolator:interpolator:1.0.0) with AarTransform
Transforming lifecycle-runtime-2.3.1.aar (androidx.lifecycle:lifecycle-runtime:2.3.1) with ExtractAarTransform
Transforming lifecycle-runtime-2.3.1.aar (androidx.lifecycle:lifecycle-runtime:2.3.1) with AarTransform
Transforming lifecycle-viewmodel-savedstate-2.3.1.aar (androidx.lifecycle:lifecycle-viewmodel-savedstate:2.3.1) with ExtractAarTransform
Transforming lifecycle-viewmodel-savedstate-2.3.1.aar (androidx.lifecycle:lifecycle-viewmodel-savedstate:2.3.1) with AarTransform
Transforming lifecycle-viewmodel-2.3.1.aar (androidx.lifecycle:lifecycle-viewmodel:2.3.1) with ExtractAarTransform
Transforming lifecycle-viewmodel-2.3.1.aar (androidx.lifecycle:lifecycle-viewmodel:2.3.1) with AarTransform
Transforming lifecycle-viewmodel-2.3.1.aar (androidx.lifecycle:lifecycle-viewmodel:2.3.1) with ExtractAarTransform
Transforming lifecycle-viewmodel-2.3.1.aar (androidx.lifecycle:lifecycle-viewmodel:2.3.1) with AarTransform
Transforming savedstate-1.1.0.aar (androidx.savedstate:savedstate:1.1.0) with ExtractAarTransform
Transforming savedstate-1.1.0.aar (androidx.savedstate:savedstate:1.1.0) with AarTransform
Transforming cursoradapter-1.0.0.aar (androidx.cursoradapter:cursoradapter:1.0.0) with ExtractAarTransform
Transforming cursoradapter-1.0.0.aar (androidx.cursoradapter:cursoradapter:1.0.0) with AarTransform
Transforming cursoradapter-1.0.0.aar (androidx.cursoradapter:cursoradapter:1.0.0) with ExtractAarTransform
Transforming cursoradapter-1.0.0.aar (androidx.cursoradapter:cursoradapter:1.0.0) with AarTransform
Transforming concurrent-futures-1.1.0.jar (androidx.concurrent:concurrent-futures:1.1.0) with ExtractJniTransform
Transforming lifecycle-livedata-2.0.0.aar (androidx.lifecycle:lifecycle-livedata:2.0.0) with ExtractAarTransform
Transforming lifecycle-livedata-2.0.0.aar (androidx.lifecycle:lifecycle-livedata:2.0.0) with AarTransform
Transforming lifecycle-livedata-core-2.3.1.aar (androidx.lifecycle:lifecycle-livedata-core:2.3.1) with ExtractAarTransform
Transforming lifecycle-livedata-core-2.3.1.aar (androidx.lifecycle:lifecycle-livedata-core:2.3.1) with AarTransform
Transforming lifecycle-livedata-core-2.3.1.aar (androidx.lifecycle:lifecycle-livedata-core:2.3.1) with ExtractAarTransform
Transforming lifecycle-livedata-core-2.3.1.aar (androidx.lifecycle:lifecycle-livedata-core:2.3.1) with AarTransform
Transforming core-runtime-2.1.0.aar (androidx.arch.core:core-runtime:2.1.0) with ExtractAarTransform
Transforming core-runtime-2.1.0.aar (androidx.arch.core:core-runtime:2.1.0) with AarTransform
Transforming core-runtime-2.1.0.aar (androidx.arch.core:core-runtime:2.1.0) with ExtractAarTransform
Transforming core-runtime-2.1.0.aar (androidx.arch.core:core-runtime:2.1.0) with AarTransform
Transforming lifecycle-common-2.3.1.jar (androidx.lifecycle:lifecycle-common:2.3.1) with ExtractJniTransform
Transforming core-common-2.1.0.jar (androidx.arch.core:core-common:2.1.0) with ExtractJniTransform
Transforming documentfile-1.0.0.aar (androidx.documentfile:documentfile:1.0.0) with ExtractAarTransform
Transforming documentfile-1.0.0.aar (androidx.documentfile:documentfile:1.0.0) with AarTransform
Transforming localbroadcastmanager-1.0.0.aar (androidx.localbroadcastmanager:localbroadcastmanager:1.0.0) with ExtractAarTransform
Transforming localbroadcastmanager-1.0.0.aar (androidx.localbroadcastmanager:localbroadcastmanager:1.0.0) with AarTransform
Transforming print-1.0.0.aar (androidx.print:print:1.0.0) with ExtractAarTransform
Transforming print-1.0.0.aar (androidx.print:print:1.0.0) with AarTransform
Transforming annotation-jvm-1.6.0.jar (androidx.annotation:annotation-jvm:1.6.0) with ExtractJniTransform
Transforming kotlin-stdlib-1.9.21.jar (org.jetbrains.kotlin:kotlin-stdlib:1.9.21) with ExtractJniTransform
Transforming kotlin-stdlib-jdk8-1.9.10.jar (org.jetbrains.kotlin:kotlin-stdlib-jdk8:1.9.10) with ExtractJniTransform
Transforming multidex-2.0.1.aar (androidx.multidex:multidex:2.0.1) with ExtractAarTransform
Transforming multidex-2.0.1.aar (androidx.multidex:multidex:2.0.1) with AarTransform
Transforming gson-2.10.1.jar (com.google.code.gson:gson:2.10.1) with ExtractJniTransform
Transforming converter-gson-2.6.4.jar (com.squareup.retrofit2:converter-gson:2.6.4) with ExtractJniTransform
Transforming retrofit-2.6.4.jar (com.squareup.retrofit2:retrofit:2.6.4) with ExtractJniTransform
Transforming gua64-1.4.5.jar (io.github.lizongying:gua64:1.4.5) with ExtractJniTransform
Transforming nanohttpd-2.3.1.jar (org.nanohttpd:nanohttpd:2.3.1) with ExtractJniTransform
Transforming core-3.5.3.jar (com.google.zxing:core:3.5.3) with ExtractJniTransform
Transforming disklrucache-4.16.0.jar (com.github.bumptech.glide:disklrucache:4.16.0) with ExtractJniTransform
Transforming annotations-4.16.0.jar (com.github.bumptech.glide:annotations:4.16.0) with ExtractJniTransform
Transforming okhttp-3.12.0.jar (com.squareup.okhttp3:okhttp:3.12.0) with ExtractJniTransform
Transforming constraintlayout-core-1.0.4.jar (androidx.constraintlayout:constraintlayout-core:1.0.4) with ExtractJniTransform
Transforming rtmp-client-3.2.0.aar (io.antmedia:rtmp-client:3.2.0) with ExtractAarTransform
Transforming rtmp-client-3.2.0.aar (io.antmedia:rtmp-client:3.2.0) with AarTransform
Transforming firebase-annotations-16.2.0.jar (com.google.firebase:firebase-annotations:16.2.0) with ExtractJniTransform
Transforming okio-1.15.0.jar (com.squareup.okio:okio:1.15.0) with ExtractJniTransform
Transforming annotations-23.0.0.jar (org.jetbrains:annotations:23.0.0) with ExtractJniTransform
Transforming guava-33.0.0-android.jar (com.google.guava:guava:33.0.0-android) with ExtractJniTransform
Transforming javax.inject-1.jar (javax.inject:javax.inject:1) with ExtractJniTransform
Transforming error_prone_annotations-2.26.0.jar (com.google.errorprone:error_prone_annotations:2.26.0) with ExtractJniTransform
Transforming failureaccess-1.0.2.jar (com.google.guava:failureaccess:1.0.2) with ExtractJniTransform
Transforming listenablefuture-9999.0-empty-to-avoid-conflict-with-guava.jar (com.google.guava:listenablefuture:9999.0-empty-to-avoid-conflict-with-guava) with ExtractJniTransform
Transforming jsr305-3.0.2.jar (com.google.code.findbugs:jsr305:3.0.2) with ExtractJniTransform
Transforming checker-qual-3.41.0.jar (org.checkerframework:checker-qual:3.41.0) with ExtractJniTransform
Caching disabled for task ':app:mergeDebugNativeLibs' because:
  Build cache is disabled
Skipping task ':app:mergeDebugNativeLibs' as it is up-to-date.
Resolve mutations for :app:stripDebugDebugSymbols (Thread[Execution worker Thread 10,5,main]) started.
:app:stripDebugDebugSymbols (Thread[Execution worker Thread 10,5,main]) started.

> Task :app:stripDebugDebugSymbols UP-TO-DATE
Caching disabled for task ':app:stripDebugDebugSymbols' because:
  Build cache is disabled
Skipping task ':app:stripDebugDebugSymbols' as it is up-to-date.
Resolve mutations for :app:validateSigningDebug (Thread[Execution worker Thread 10,5,main]) started.
:app:validateSigningDebug (Thread[Execution worker Thread 10,5,main]) started.

> Task :app:validateSigningDebug UP-TO-DATE
Caching disabled for task ':app:validateSigningDebug' because:
  Build cache is disabled
Skipping task ':app:validateSigningDebug' as it is up-to-date.
Resolve mutations for :app:writeDebugAppMetadata (Thread[Execution worker Thread 2,5,main]) started.
:app:writeDebugAppMetadata (Thread[Execution worker Thread 2,5,main]) started.

> Task :app:writeDebugAppMetadata UP-TO-DATE
Caching disabled for task ':app:writeDebugAppMetadata' because:
  Build cache is disabled
Skipping task ':app:writeDebugAppMetadata' as it is up-to-date.
Resolve mutations for :app:writeDebugSigningConfigVersions (Thread[Execution worker Thread 2,5,main]) started.
:app:writeDebugSigningConfigVersions (Thread[Execution worker Thread 2,5,main]) started.

> Task :app:writeDebugSigningConfigVersions UP-TO-DATE
Caching disabled for task ':app:writeDebugSigningConfigVersions' because:
  Build cache is disabled
Skipping task ':app:writeDebugSigningConfigVersions' as it is up-to-date.

> Task :app:compileDebugKotlin
Transforming viewbinding-8.3.1.aar (androidx.databinding:viewbinding:8.3.1) with AarToClassTransform
Transforming firebase-crashlytics-19.0.3.aar (com.google.firebase:firebase-crashlytics:19.0.3) with AarToClassTransform
Transforming core-ktx-1.12.0.aar (androidx.core:core-ktx:1.12.0) with AarToClassTransform
Transforming firebase-analytics-22.0.2.aar (com.google.firebase:firebase-analytics:22.0.2) with AarToClassTransform
Transforming play-services-measurement-api-22.0.2.aar (com.google.android.gms:play-services-measurement-api:22.0.2) with AarToClassTransform
Transforming firebase-installations-18.0.0.aar (com.google.firebase:firebase-installations:18.0.0) with AarToClassTransform
Transforming firebase-installations-18.0.0.aar (com.google.firebase:firebase-installations:18.0.0) with AarToClassTransform
Transforming firebase-sessions-2.0.3.aar (com.google.firebase:firebase-sessions:2.0.3) with AarToClassTransform
Transforming firebase-common-ktx-21.0.0.aar (com.google.firebase:firebase-common-ktx:21.0.0) with AarToClassTransform
Transforming firebase-common-ktx-21.0.0.aar (com.google.firebase:firebase-common-ktx:21.0.0) with AarToClassTransform
Transforming firebase-common-ktx-21.0.0.aar (com.google.firebase:firebase-common-ktx:21.0.0) with AarToClassTransform
Transforming firebase-common-ktx-21.0.0.aar (com.google.firebase:firebase-common-ktx:21.0.0) with AarToClassTransform
Transforming firebase-common-21.0.0.aar (com.google.firebase:firebase-common:21.0.0) with AarToClassTransform
Transforming firebase-common-21.0.0.aar (com.google.firebase:firebase-common:21.0.0) with AarToClassTransform
Transforming firebase-common-21.0.0.aar (com.google.firebase:firebase-common:21.0.0) with AarToClassTransform
Transforming firebase-common-21.0.0.aar (com.google.firebase:firebase-common:21.0.0) with AarToClassTransform
Transforming firebase-common-21.0.0.aar (com.google.firebase:firebase-common:21.0.0) with AarToClassTransform
Transforming play-services-measurement-22.0.2.aar (com.google.android.gms:play-services-measurement:22.0.2) with AarToClassTransform
Transforming play-services-measurement-sdk-22.0.2.aar (com.google.android.gms:play-services-measurement-sdk:22.0.2) with AarToClassTransform
Transforming play-services-measurement-impl-22.0.2.aar (com.google.android.gms:play-services-measurement-impl:22.0.2) with AarToClassTransform
Transforming play-services-measurement-impl-22.0.2.aar (com.google.android.gms:play-services-measurement-impl:22.0.2) with AarToClassTransform
Transforming ads-adservices-java-1.0.0-beta05.aar (androidx.privacysandbox.ads:ads-adservices-java:1.0.0-beta05) with AarToClassTransform
Transforming ads-adservices-1.0.0-beta05.aar (androidx.privacysandbox.ads:ads-adservices:1.0.0-beta05) with AarToClassTransform
Transforming leanback-1.0.0.aar (androidx.leanback:leanback:1.0.0) with AarToClassTransform
Transforming recyclerview-1.3.2.aar (androidx.recyclerview:recyclerview:1.3.2) with AarToClassTransform
Transforming recyclerview-1.3.2.aar (androidx.recyclerview:recyclerview:1.3.2) with AarToClassTransform
Transforming cardview-1.0.0.aar (androidx.cardview:cardview:1.0.0) with AarToClassTransform
Transforming legacy-support-core-ui-1.0.0.aar (androidx.legacy:legacy-support-core-ui:1.0.0) with AarToClassTransform
Transforming glide-4.16.0.aar (com.github.bumptech.glide:glide:4.16.0) with AarToClassTransform
Transforming firebase-installations-interop-17.2.0.aar (com.google.firebase:firebase-installations-interop:17.2.0) with AarToClassTransform
Transforming firebase-installations-interop-17.2.0.aar (com.google.firebase:firebase-installations-interop:17.2.0) with AarToClassTransform
Transforming firebase-installations-interop-17.2.0.aar (com.google.firebase:firebase-installations-interop:17.2.0) with AarToClassTransform
Transforming firebase-installations-interop-17.2.0.aar (com.google.firebase:firebase-installations-interop:17.2.0) with AarToClassTransform
Transforming play-services-tasks-18.2.0.aar (com.google.android.gms:play-services-tasks:18.2.0) with AarToClassTransform
Transforming play-services-tasks-18.2.0.aar (com.google.android.gms:play-services-tasks:18.2.0) with AarToClassTransform
Transforming play-services-tasks-18.2.0.aar (com.google.android.gms:play-services-tasks:18.2.0) with AarToClassTransform
Transforming play-services-tasks-18.2.0.aar (com.google.android.gms:play-services-tasks:18.2.0) with AarToClassTransform
Transforming play-services-tasks-18.2.0.aar (com.google.android.gms:play-services-tasks:18.2.0) with AarToClassTransform
Transforming firebase-measurement-connector-20.0.1.aar (com.google.firebase:firebase-measurement-connector:20.0.1) with AarToClassTransform
Transforming firebase-measurement-connector-20.0.1.aar (com.google.firebase:firebase-measurement-connector:20.0.1) with AarToClassTransform
Transforming play-services-ads-identifier-18.0.0.aar (com.google.android.gms:play-services-ads-identifier:18.0.0) with AarToClassTransform
Transforming kotlinx-coroutines-core-jvm-1.8.1.jar (org.jetbrains.kotlinx:kotlinx-coroutines-core-jvm:1.8.1) with IdentityTransform
Transforming play-services-ads-identifier-18.0.0.aar (com.google.android.gms:play-services-ads-identifier:18.0.0) with AarToClassTransform
Transforming play-services-ads-identifier-18.0.0.aar (com.google.android.gms:play-services-ads-identifier:18.0.0) with AarToClassTransform
Transforming play-services-measurement-sdk-api-22.0.2.aar (com.google.android.gms:play-services-measurement-sdk-api:22.0.2) with AarToClassTransform
Transforming play-services-measurement-base-22.0.2.aar (com.google.android.gms:play-services-measurement-base:22.0.2) with AarToClassTransform
Transforming kotlinx-coroutines-android-1.8.1.jar (org.jetbrains.kotlinx:kotlinx-coroutines-android:1.8.1) with IdentityTransform
Transforming play-services-measurement-base-22.0.2.aar (com.google.android.gms:play-services-measurement-base:22.0.2) with AarToClassTransform
Transforming play-services-measurement-base-22.0.2.aar (com.google.android.gms:play-services-measurement-base:22.0.2) with AarToClassTransform
Transforming kotlin-stdlib-jdk7-1.9.10.jar (org.jetbrains.kotlin:kotlin-stdlib-jdk7:1.9.10) with IdentityTransform
Transforming play-services-measurement-base-22.0.2.aar (com.google.android.gms:play-services-measurement-base:22.0.2) with AarToClassTransform
Transforming play-services-measurement-base-22.0.2.aar (com.google.android.gms:play-services-measurement-base:22.0.2) with AarToClassTransform
Transforming play-services-stats-17.0.2.aar (com.google.android.gms:play-services-stats:17.0.2) with AarToClassTransform
Transforming play-services-stats-17.0.2.aar (com.google.android.gms:play-services-stats:17.0.2) with AarToClassTransform
Transforming kotlinx-coroutines-play-services-1.8.1.jar (org.jetbrains.kotlinx:kotlinx-coroutines-play-services:1.8.1) with IdentityTransform
Transforming play-services-basement-18.4.0.aar (com.google.android.gms:play-services-basement:18.4.0) with AarToClassTransform
Transforming play-services-basement-18.4.0.aar (com.google.android.gms:play-services-basement:18.4.0) with AarToClassTransform
Transforming play-services-basement-18.4.0.aar (com.google.android.gms:play-services-basement:18.4.0) with AarToClassTransform
Transforming play-services-basement-18.4.0.aar (com.google.android.gms:play-services-basement:18.4.0) with AarToClassTransform
Transforming play-services-basement-18.4.0.aar (com.google.android.gms:play-services-basement:18.4.0) with AarToClassTransform
Transforming play-services-basement-18.4.0.aar (com.google.android.gms:play-services-basement:18.4.0) with AarToClassTransform
Transforming play-services-basement-18.4.0.aar (com.google.android.gms:play-services-basement:18.4.0) with AarToClassTransform
Transforming play-services-basement-18.4.0.aar (com.google.android.gms:play-services-basement:18.4.0) with AarToClassTransform
Transforming play-services-basement-18.4.0.aar (com.google.android.gms:play-services-basement:18.4.0) with AarToClassTransform
Transforming play-services-basement-18.4.0.aar (com.google.android.gms:play-services-basement:18.4.0) with AarToClassTransform
Transforming fragment-1.3.6.aar (androidx.fragment:fragment:1.3.6) with AarToClassTransform
Transforming fragment-1.3.6.aar (androidx.fragment:fragment:1.3.6) with AarToClassTransform
Transforming fragment-1.3.6.aar (androidx.fragment:fragment:1.3.6) with AarToClassTransform
Transforming viewpager-1.0.0.aar (androidx.viewpager:viewpager:1.0.0) with AarToClassTransform
Transforming viewpager-1.0.0.aar (androidx.viewpager:viewpager:1.0.0) with AarToClassTransform
Transforming coordinatorlayout-1.0.0.aar (androidx.coordinatorlayout:coordinatorlayout:1.0.0) with AarToClassTransform
Transforming drawerlayout-1.0.0.aar (androidx.drawerlayout:drawerlayout:1.0.0) with AarToClassTransform
Transforming slidingpanelayout-1.0.0.aar (androidx.slidingpanelayout:slidingpanelayout:1.0.0) with AarToClassTransform
Transforming customview-1.0.0.aar (androidx.customview:customview:1.0.0) with AarToClassTransform
Transforming customview-1.0.0.aar (androidx.customview:customview:1.0.0) with AarToClassTransform
Transforming customview-1.0.0.aar (androidx.customview:customview:1.0.0) with AarToClassTransform
Transforming customview-1.0.0.aar (androidx.customview:customview:1.0.0) with AarToClassTransform
Transforming customview-1.0.0.aar (androidx.customview:customview:1.0.0) with AarToClassTransform
Transforming customview-1.0.0.aar (androidx.customview:customview:1.0.0) with AarToClassTransform
Transforming media-1.7.0.aar (androidx.media:media:1.7.0) with AarToClassTransform
Transforming legacy-support-core-utils-1.0.0.aar (androidx.legacy:legacy-support-core-utils:1.0.0) with AarToClassTransform
Transforming legacy-support-core-utils-1.0.0.aar (androidx.legacy:legacy-support-core-utils:1.0.0) with AarToClassTransform
Transforming legacy-support-core-utils-1.0.0.aar (androidx.legacy:legacy-support-core-utils:1.0.0) with AarToClassTransform
Transforming loader-1.0.0.aar (androidx.loader:loader:1.0.0) with AarToClassTransform
Transforming loader-1.0.0.aar (androidx.loader:loader:1.0.0) with AarToClassTransform
Transforming activity-1.2.4.aar (androidx.activity:activity:1.2.4) with AarToClassTransform
Transforming vectordrawable-animated-1.1.0.aar (androidx.vectordrawable:vectordrawable-animated:1.1.0) with AarToClassTransform
Transforming vectordrawable-1.1.0.aar (androidx.vectordrawable:vectordrawable:1.1.0) with AarToClassTransform
Transforming swiperefreshlayout-1.0.0.aar (androidx.swiperefreshlayout:swiperefreshlayout:1.0.0) with AarToClassTransform
Transforming asynclayoutinflater-1.0.0.aar (androidx.asynclayoutinflater:asynclayoutinflater:1.0.0) with AarToClassTransform
Transforming core-1.12.0.aar (androidx.core:core:1.12.0) with AarToClassTransform
Transforming core-1.12.0.aar (androidx.core:core:1.12.0) with AarToClassTransform
Transforming core-1.12.0.aar (androidx.core:core:1.12.0) with AarToClassTransform
Transforming core-1.12.0.aar (androidx.core:core:1.12.0) with AarToClassTransform
Transforming core-1.12.0.aar (androidx.core:core:1.12.0) with AarToClassTransform
Transforming core-1.12.0.aar (androidx.core:core:1.12.0) with AarToClassTransform
Transforming core-1.12.0.aar (androidx.core:core:1.12.0) with AarToClassTransform
Transforming core-1.12.0.aar (androidx.core:core:1.12.0) with AarToClassTransform
Transforming core-1.12.0.aar (androidx.core:core:1.12.0) with AarToClassTransform
Transforming core-1.12.0.aar (androidx.core:core:1.12.0) with AarToClassTransform
Transforming core-1.12.0.aar (androidx.core:core:1.12.0) with AarToClassTransform
Transforming core-1.12.0.aar (androidx.core:core:1.12.0) with AarToClassTransform
Transforming core-1.12.0.aar (androidx.core:core:1.12.0) with AarToClassTransform
Transforming core-1.12.0.aar (androidx.core:core:1.12.0) with AarToClassTransform
Transforming core-1.12.0.aar (androidx.core:core:1.12.0) with AarToClassTransform
Transforming gifdecoder-4.16.0.aar (com.github.bumptech.glide:gifdecoder:4.16.0) with AarToClassTransform
Transforming firebase-config-interop-16.0.1.aar (com.google.firebase:firebase-config-interop:16.0.1) with AarToClassTransform
Transforming firebase-encoders-json-18.0.1.aar (com.google.firebase:firebase-encoders-json:18.0.1) with AarToClassTransform
Transforming firebase-encoders-json-18.0.1.aar (com.google.firebase:firebase-encoders-json:18.0.1) with AarToClassTransform
Transforming firebase-encoders-json-18.0.1.aar (com.google.firebase:firebase-encoders-json:18.0.1) with AarToClassTransform
Transforming lifecycle-runtime-2.3.1.aar (androidx.lifecycle:lifecycle-runtime:2.3.1) with AarToClassTransform
Transforming versionedparcelable-1.1.1.aar (androidx.versionedparcelable:versionedparcelable:1.1.1) with AarToClassTransform
Transforming lifecycle-viewmodel-savedstate-2.3.1.aar (androidx.lifecycle:lifecycle-viewmodel-savedstate:2.3.1) with AarToClassTransform
Transforming lifecycle-viewmodel-2.3.1.aar (androidx.lifecycle:lifecycle-viewmodel:2.3.1) with AarToClassTransform
Transforming lifecycle-viewmodel-2.3.1.aar (androidx.lifecycle:lifecycle-viewmodel:2.3.1) with AarToClassTransform
Transforming savedstate-1.1.0.aar (androidx.savedstate:savedstate:1.1.0) with AarToClassTransform
Transforming interpolator-1.0.0.aar (androidx.interpolator:interpolator:1.0.0) with AarToClassTransform
Transforming interpolator-1.0.0.aar (androidx.interpolator:interpolator:1.0.0) with AarToClassTransform
Transforming interpolator-1.0.0.aar (androidx.interpolator:interpolator:1.0.0) with AarToClassTransform
Transforming cursoradapter-1.0.0.aar (androidx.cursoradapter:cursoradapter:1.0.0) with AarToClassTransform
Transforming lifecycle-livedata-2.0.0.aar (androidx.lifecycle:lifecycle-livedata:2.0.0) with AarToClassTransform
Transforming lifecycle-livedata-core-2.3.1.aar (androidx.lifecycle:lifecycle-livedata-core:2.3.1) with AarToClassTransform
Transforming lifecycle-livedata-core-2.3.1.aar (androidx.lifecycle:lifecycle-livedata-core:2.3.1) with AarToClassTransform
Transforming core-runtime-2.1.0.aar (androidx.arch.core:core-runtime:2.1.0) with AarToClassTransform
Transforming documentfile-1.0.0.aar (androidx.documentfile:documentfile:1.0.0) with AarToClassTransform
Transforming localbroadcastmanager-1.0.0.aar (androidx.localbroadcastmanager:localbroadcastmanager:1.0.0) with AarToClassTransform
Transforming print-1.0.0.aar (androidx.print:print:1.0.0) with AarToClassTransform
Transforming media3-exoplayer-1.4.1.aar (androidx.media3:media3-exoplayer:1.4.1) with AarToClassTransform
Transforming media3-container-1.4.1.aar (androidx.media3:media3-container:1.4.1) with AarToClassTransform
Transforming media3-common-1.4.1.aar (androidx.media3:media3-common:1.4.1) with AarToClassTransform
Transforming annotation-experimental-1.3.1.aar (androidx.annotation:annotation-experimental:1.3.1) with AarToClassTransform
Transforming multidex-2.0.1.aar (androidx.multidex:multidex:2.0.1) with AarToClassTransform
Transforming gson-2.10.1.jar (com.google.code.gson:gson:2.10.1) with IdentityTransform
Transforming constraintlayout-2.1.4.aar (androidx.constraintlayout:constraintlayout:2.1.4) with AarToClassTransform
Transforming media3-ui-1.4.1.aar (androidx.media3:media3-ui:1.4.1) with AarToClassTransform
Transforming media3-exoplayer-hls-1.4.1.aar (androidx.media3:media3-exoplayer-hls:1.4.1) with AarToClassTransform
Transforming media3-exoplayer-rtsp-1.4.1.aar (androidx.media3:media3-exoplayer-rtsp:1.4.1) with AarToClassTransform
Transforming media3-exoplayer-dash-1.4.1.aar (androidx.media3:media3-exoplayer-dash:1.4.1) with AarToClassTransform
Transforming media3-datasource-rtmp-1.4.1.aar (androidx.media3:media3-datasource-rtmp:1.4.1) with AarToClassTransform
Transforming listenablefuture-9999.0-empty-to-avoid-conflict-with-guava.jar (com.google.guava:listenablefuture:9999.0-empty-to-avoid-conflict-with-guava) with IdentityTransform
Transforming tracing-1.0.0.aar (androidx.tracing:tracing:1.0.0) with AarToClassTransform
Transforming exifinterface-1.3.6.aar (androidx.exifinterface:exifinterface:1.3.6) with AarToClassTransform
Transforming jsr305-3.0.2.jar (com.google.code.findbugs:jsr305:3.0.2) with IdentityTransform
Transforming media3-database-1.4.1.aar (androidx.media3:media3-database:1.4.1) with AarToClassTransform
Transforming media3-datasource-1.4.1.aar (androidx.media3:media3-datasource:1.4.1) with AarToClassTransform
Transforming media3-decoder-1.4.1.aar (androidx.media3:media3-decoder:1.4.1) with AarToClassTransform
Transforming media3-extractor-1.4.1.aar (androidx.media3:media3-extractor:1.4.1) with AarToClassTransform
Transforming firebase-components-18.0.0.aar (com.google.firebase:firebase-components:18.0.0) with AarToClassTransform
Transforming firebase-components-18.0.0.aar (com.google.firebase:firebase-components:18.0.0) with AarToClassTransform
Transforming firebase-components-18.0.0.aar (com.google.firebase:firebase-components:18.0.0) with AarToClassTransform
Transforming firebase-components-18.0.0.aar (com.google.firebase:firebase-components:18.0.0) with AarToClassTransform
Transforming firebase-components-18.0.0.aar (com.google.firebase:firebase-components:18.0.0) with AarToClassTransform
Transforming javax.inject-1.jar (javax.inject:javax.inject:1) with IdentityTransform
Transforming j2objc-annotations-2.8.jar (com.google.j2objc:j2objc-annotations:2.8) with IdentityTransform
Transforming collection-1.2.0.jar (androidx.collection:collection:1.2.0) with IdentityTransform
Transforming firebase-encoders-17.0.0.jar (com.google.firebase:firebase-encoders:17.0.0) with IdentityTransform
Transforming lifecycle-common-2.3.1.jar (androidx.lifecycle:lifecycle-common:2.3.1) with IdentityTransform
Transforming annotation-jvm-1.6.0.jar (androidx.annotation:annotation-jvm:1.6.0) with IdentityTransform
Transforming core-common-2.1.0.jar (androidx.arch.core:core-common:2.1.0) with IdentityTransform
Transforming kotlin-stdlib-1.9.21.jar (org.jetbrains.kotlin:kotlin-stdlib:1.9.21) with IdentityTransform
Transforming converter-gson-2.6.4.jar (com.squareup.retrofit2:converter-gson:2.6.4) with IdentityTransform
Transforming kotlin-stdlib-jdk8-1.9.10.jar (org.jetbrains.kotlin:kotlin-stdlib-jdk8:1.9.10) with IdentityTransform
Transforming retrofit-2.6.4.jar (com.squareup.retrofit2:retrofit:2.6.4) with IdentityTransform
Transforming gua64-1.4.5.jar (io.github.lizongying:gua64:1.4.5) with IdentityTransform
Transforming nanohttpd-2.3.1.jar (org.nanohttpd:nanohttpd:2.3.1) with IdentityTransform
Transforming core-3.5.3.jar (com.google.zxing:core:3.5.3) with IdentityTransform
Transforming annotations-23.0.0.jar (org.jetbrains:annotations:23.0.0) with IdentityTransform
Transforming guava-33.0.0-android.jar (com.google.guava:guava:33.0.0-android) with IdentityTransform
Transforming disklrucache-4.16.0.jar (com.github.bumptech.glide:disklrucache:4.16.0) with IdentityTransform
Transforming annotations-4.16.0.jar (com.github.bumptech.glide:annotations:4.16.0) with IdentityTransform
Transforming okhttp-3.12.0.jar (com.squareup.okhttp3:okhttp:3.12.0) with IdentityTransform
Transforming okio-1.15.0.jar (com.squareup.okio:okio:1.15.0) with IdentityTransform
Transforming checker-qual-3.41.0.jar (org.checkerframework:checker-qual:3.41.0) with IdentityTransform
Transforming error_prone_annotations-2.26.0.jar (com.google.errorprone:error_prone_annotations:2.26.0) with IdentityTransform
Transforming failureaccess-1.0.2.jar (com.google.guava:failureaccess:1.0.2) with IdentityTransform
Transforming firebase-annotations-16.2.0.jar (com.google.firebase:firebase-annotations:16.2.0) with IdentityTransform
Transforming R.jar with ClasspathEntrySnapshotTransform
Transforming viewbinding-8.3.1-api.jar with ClasspathEntrySnapshotTransform
Transforming firebase-crashlytics-19.0.3-api.jar with ClasspathEntrySnapshotTransform
Transforming core-ktx-1.12.0-api.jar with ClasspathEntrySnapshotTransform
Transforming firebase-analytics-22.0.2-api.jar with ClasspathEntrySnapshotTransform
Transforming play-services-measurement-api-22.0.2-api.jar with ClasspathEntrySnapshotTransform
Transforming firebase-installations-18.0.0-api.jar with ClasspathEntrySnapshotTransform
Transforming firebase-sessions-2.0.3-api.jar with ClasspathEntrySnapshotTransform
Transforming firebase-common-ktx-21.0.0-api.jar with ClasspathEntrySnapshotTransform
Transforming firebase-common-21.0.0-api.jar with ClasspathEntrySnapshotTransform
Transforming kotlinx-coroutines-play-services-1.8.1.jar with ClasspathEntrySnapshotTransform
Transforming play-services-measurement-22.0.2-api.jar with ClasspathEntrySnapshotTransform
Transforming play-services-measurement-sdk-22.0.2-api.jar with ClasspathEntrySnapshotTransform
Transforming play-services-measurement-impl-22.0.2-api.jar with ClasspathEntrySnapshotTransform
Transforming ads-adservices-java-1.0.0-beta05-api.jar with ClasspathEntrySnapshotTransform
Transforming ads-adservices-1.0.0-beta05-api.jar with ClasspathEntrySnapshotTransform
Transforming kotlinx-coroutines-core-jvm-1.8.1.jar with ClasspathEntrySnapshotTransform
Transforming kotlinx-coroutines-android-1.8.1.jar with ClasspathEntrySnapshotTransform
Transforming kotlin-stdlib-jdk7-1.9.10.jar with ClasspathEntrySnapshotTransform
Transforming leanback-1.0.0-api.jar with ClasspathEntrySnapshotTransform
Transforming recyclerview-1.3.2-api.jar with ClasspathEntrySnapshotTransform
Transforming cardview-1.0.0-api.jar with ClasspathEntrySnapshotTransform
Transforming legacy-support-core-ui-1.0.0-api.jar with ClasspathEntrySnapshotTransform
Transforming glide-4.16.0-api.jar with ClasspathEntrySnapshotTransform
Transforming firebase-installations-interop-17.2.0-api.jar with ClasspathEntrySnapshotTransform
Transforming play-services-tasks-18.2.0-api.jar with ClasspathEntrySnapshotTransform
Transforming firebase-measurement-connector-20.0.1-api.jar with ClasspathEntrySnapshotTransform
Transforming play-services-ads-identifier-18.0.0-api.jar with ClasspathEntrySnapshotTransform
Transforming play-services-measurement-sdk-api-22.0.2-api.jar with ClasspathEntrySnapshotTransform
Transforming play-services-measurement-base-22.0.2-api.jar with ClasspathEntrySnapshotTransform
Transforming play-services-stats-17.0.2-api.jar with ClasspathEntrySnapshotTransform
Transforming play-services-basement-18.4.0-api.jar with ClasspathEntrySnapshotTransform
Transforming fragment-1.3.6-api.jar with ClasspathEntrySnapshotTransform
Transforming viewpager-1.0.0-api.jar with ClasspathEntrySnapshotTransform
Transforming coordinatorlayout-1.0.0-api.jar with ClasspathEntrySnapshotTransform
Transforming drawerlayout-1.0.0-api.jar with ClasspathEntrySnapshotTransform
Transforming slidingpanelayout-1.0.0-api.jar with ClasspathEntrySnapshotTransform
Transforming customview-1.0.0-api.jar with ClasspathEntrySnapshotTransform
Transforming media-1.7.0-api.jar with ClasspathEntrySnapshotTransform
Transforming legacy-support-core-utils-1.0.0-api.jar with ClasspathEntrySnapshotTransform
Transforming loader-1.0.0-api.jar with ClasspathEntrySnapshotTransform
Transforming activity-1.2.4-api.jar with ClasspathEntrySnapshotTransform
Transforming vectordrawable-animated-1.1.0-api.jar with ClasspathEntrySnapshotTransform
Transforming vectordrawable-1.1.0-api.jar with ClasspathEntrySnapshotTransform
Transforming swiperefreshlayout-1.0.0-api.jar with ClasspathEntrySnapshotTransform
Transforming asynclayoutinflater-1.0.0-api.jar with ClasspathEntrySnapshotTransform
Transforming core-1.12.0-api.jar with ClasspathEntrySnapshotTransform
Transforming gifdecoder-4.16.0-api.jar with ClasspathEntrySnapshotTransform
Transforming firebase-config-interop-16.0.1-api.jar with ClasspathEntrySnapshotTransform
Transforming firebase-encoders-json-18.0.1-api.jar with ClasspathEntrySnapshotTransform
Transforming firebase-encoders-17.0.0.jar with ClasspathEntrySnapshotTransform
Transforming lifecycle-runtime-2.3.1-api.jar with ClasspathEntrySnapshotTransform
Transforming versionedparcelable-1.1.1-api.jar with ClasspathEntrySnapshotTransform
Transforming collection-1.2.0.jar with ClasspathEntrySnapshotTransform
Transforming lifecycle-viewmodel-savedstate-2.3.1-api.jar with ClasspathEntrySnapshotTransform
Transforming lifecycle-viewmodel-2.3.1-api.jar with ClasspathEntrySnapshotTransform
Transforming savedstate-1.1.0-api.jar with ClasspathEntrySnapshotTransform
Transforming interpolator-1.0.0-api.jar with ClasspathEntrySnapshotTransform
Transforming cursoradapter-1.0.0-api.jar with ClasspathEntrySnapshotTransform
Transforming lifecycle-livedata-2.0.0-api.jar with ClasspathEntrySnapshotTransform
Transforming lifecycle-livedata-core-2.3.1-api.jar with ClasspathEntrySnapshotTransform
Transforming lifecycle-common-2.3.1.jar with ClasspathEntrySnapshotTransform
Transforming core-runtime-2.1.0-api.jar with ClasspathEntrySnapshotTransform
Transforming core-common-2.1.0.jar with ClasspathEntrySnapshotTransform
Transforming documentfile-1.0.0-api.jar with ClasspathEntrySnapshotTransform
Transforming localbroadcastmanager-1.0.0-api.jar with ClasspathEntrySnapshotTransform
Transforming print-1.0.0-api.jar with ClasspathEntrySnapshotTransform
Transforming annotation-jvm-1.6.0.jar with ClasspathEntrySnapshotTransform
Transforming media3-exoplayer-1.4.1-api.jar with ClasspathEntrySnapshotTransform
Transforming media3-container-1.4.1-api.jar with ClasspathEntrySnapshotTransform
Transforming media3-common-1.4.1-api.jar with ClasspathEntrySnapshotTransform
Transforming annotation-experimental-1.3.1-api.jar with ClasspathEntrySnapshotTransform
Transforming kotlin-stdlib-1.9.21.jar with ClasspathEntrySnapshotTransform
Transforming kotlin-stdlib-jdk8-1.9.10.jar with ClasspathEntrySnapshotTransform
Transforming multidex-2.0.1-api.jar with ClasspathEntrySnapshotTransform
Transforming gson-2.10.1.jar with ClasspathEntrySnapshotTransform
Transforming converter-gson-2.6.4.jar with ClasspathEntrySnapshotTransform
Transforming retrofit-2.6.4.jar with ClasspathEntrySnapshotTransform
Transforming constraintlayout-2.1.4-api.jar with ClasspathEntrySnapshotTransform
Transforming gua64-1.4.5.jar with ClasspathEntrySnapshotTransform
Transforming nanohttpd-2.3.1.jar with ClasspathEntrySnapshotTransform
Transforming core-3.5.3.jar with ClasspathEntrySnapshotTransform
Transforming media3-ui-1.4.1-api.jar with ClasspathEntrySnapshotTransform
Transforming media3-exoplayer-hls-1.4.1-api.jar with ClasspathEntrySnapshotTransform
Transforming media3-exoplayer-rtsp-1.4.1-api.jar with ClasspathEntrySnapshotTransform
Transforming media3-exoplayer-dash-1.4.1-api.jar with ClasspathEntrySnapshotTransform
Transforming media3-datasource-rtmp-1.4.1-api.jar with ClasspathEntrySnapshotTransform
Transforming annotations-23.0.0.jar with ClasspathEntrySnapshotTransform
Transforming guava-33.0.0-android.jar with ClasspathEntrySnapshotTransform
Transforming listenablefuture-9999.0-empty-to-avoid-conflict-with-guava.jar with ClasspathEntrySnapshotTransform
Transforming disklrucache-4.16.0.jar with ClasspathEntrySnapshotTransform
Transforming annotations-4.16.0.jar with ClasspathEntrySnapshotTransform
Transforming tracing-1.0.0-api.jar with ClasspathEntrySnapshotTransform
Transforming exifinterface-1.3.6-api.jar with ClasspathEntrySnapshotTransform
Transforming okhttp-3.12.0.jar with ClasspathEntrySnapshotTransform
Transforming okio-1.15.0.jar with ClasspathEntrySnapshotTransform
Transforming failureaccess-1.0.2.jar with ClasspathEntrySnapshotTransform
Transforming jsr305-3.0.2.jar with ClasspathEntrySnapshotTransform
Transforming checker-qual-3.41.0.jar with ClasspathEntrySnapshotTransform
Transforming error_prone_annotations-2.26.0.jar with ClasspathEntrySnapshotTransform
Transforming media3-database-1.4.1-api.jar with ClasspathEntrySnapshotTransform
Transforming media3-datasource-1.4.1-api.jar with ClasspathEntrySnapshotTransform
Transforming media3-decoder-1.4.1-api.jar with ClasspathEntrySnapshotTransform
Transforming media3-extractor-1.4.1-api.jar with ClasspathEntrySnapshotTransform
Transforming firebase-components-18.0.0-api.jar with ClasspathEntrySnapshotTransform
Transforming firebase-annotations-16.2.0.jar with ClasspathEntrySnapshotTransform
Transforming javax.inject-1.jar with ClasspathEntrySnapshotTransform
Transforming j2objc-annotations-2.8.jar with ClasspathEntrySnapshotTransform
Transforming android.jar with ClasspathEntrySnapshotTransform
Transforming core-lambda-stubs.jar with ClasspathEntrySnapshotTransform
Registered task dependencies: app:kotlinCompilerClasspath
Starting dependency analysis
Registered task dependencies: app:kotlinCompilerPluginClasspathDebug
Starting dependency analysis
Caching disabled for task ':app:compileDebugKotlin' because:
  Build cache is disabled
Task ':app:compileDebugKotlin' is not up-to-date because:
  Task has failed previously.
The input changes require a full rebuild for incremental task ':app:compileDebugKotlin'.
file or directory 'D:\Android Projects\ExclusiveTV_APP\app\src\debug\kotlin', not found
file or directory 'D:\Android Projects\ExclusiveTV_APP\app\src\debug\kotlin', not found
file or directory 'D:\Android Projects\ExclusiveTV_APP\app\src\debug\java', not found
file or directory 'D:\Android Projects\ExclusiveTV_APP\app\src\debug\kotlin', not found
file or directory 'D:\Android Projects\ExclusiveTV_APP\app\src\debug\java', not found
file or directory 'D:\Android Projects\ExclusiveTV_APP\app\src\main\kotlin', not found
file or directory 'D:\Android Projects\ExclusiveTV_APP\app\src\main\kotlin', not found
file or directory 'D:\Android Projects\ExclusiveTV_APP\app\src\main\kotlin', not found
file or directory 'D:\Android Projects\ExclusiveTV_APP\app\src\debug\java', not found
file or directory 'D:\Android Projects\ExclusiveTV_APP\app\src\debug\kotlin', not found
file or directory 'D:\Android Projects\ExclusiveTV_APP\app\src\debug\kotlin', not found
file or directory 'D:\Android Projects\ExclusiveTV_APP\app\src\debug\java', not found
file or directory 'D:\Android Projects\ExclusiveTV_APP\app\src\debug\kotlin', not found
file or directory 'D:\Android Projects\ExclusiveTV_APP\app\src\debug\java', not found
file or directory 'D:\Android Projects\ExclusiveTV_APP\app\src\main\kotlin', not found
file or directory 'D:\Android Projects\ExclusiveTV_APP\app\src\main\kotlin', not found
file or directory 'D:\Android Projects\ExclusiveTV_APP\app\src\debug\kotlin', not found
file or directory 'D:\Android Projects\ExclusiveTV_APP\app\src\debug\kotlin', not found
file or directory 'D:\Android Projects\ExclusiveTV_APP\app\src\debug\java', not found
file or directory 'D:\Android Projects\ExclusiveTV_APP\app\src\debug\kotlin', not found
file or directory 'D:\Android Projects\ExclusiveTV_APP\app\src\debug\java', not found
file or directory 'D:\Android Projects\ExclusiveTV_APP\app\src\main\kotlin', not found
file or directory 'D:\Android Projects\ExclusiveTV_APP\app\src\main\kotlin', not found
file or directory 'D:\Android Projects\ExclusiveTV_APP\app\src\main\kotlin', not found
file or directory 'D:\Android Projects\ExclusiveTV_APP\app\src\debug\java', not found
file or directory 'D:\Android Projects\ExclusiveTV_APP\app\src\debug\kotlin', not found
file or directory 'D:\Android Projects\ExclusiveTV_APP\app\src\debug\kotlin', not found
file or directory 'D:\Android Projects\ExclusiveTV_APP\app\src\debug\java', not found
file or directory 'D:\Android Projects\ExclusiveTV_APP\app\src\debug\kotlin', not found
file or directory 'D:\Android Projects\ExclusiveTV_APP\app\src\debug\java', not found
file or directory 'D:\Android Projects\ExclusiveTV_APP\app\src\main\kotlin', not found
file or directory 'D:\Android Projects\ExclusiveTV_APP\app\src\main\kotlin', not found
file or directory 'D:\Android Projects\ExclusiveTV_APP\app\src\main\kotlin', not found
file or directory 'D:\Android Projects\ExclusiveTV_APP\app\src\debug\java', not found
file or directory 'D:\Android Projects\ExclusiveTV_APP\app\src\debug\kotlin', not found
file or directory 'D:\Android Projects\ExclusiveTV_APP\app\src\debug\kotlin', not found
file or directory 'D:\Android Projects\ExclusiveTV_APP\app\src\debug\java', not found
file or directory 'D:\Android Projects\ExclusiveTV_APP\app\src\debug\kotlin', not found
file or directory 'D:\Android Projects\ExclusiveTV_APP\app\src\debug\java', not found
file or directory 'D:\Android Projects\ExclusiveTV_APP\app\src\main\kotlin', not found
file or directory 'D:\Android Projects\ExclusiveTV_APP\app\src\main\kotlin', not found
file or directory 'D:\Android Projects\ExclusiveTV_APP\app\src\main\kotlin', not found
file or directory 'D:\Android Projects\ExclusiveTV_APP\app\src\debug\java', not found
Kotlin source files: D:\Android Projects\ExclusiveTV_APP\app\src\main\java\com\codesrahul\exclusivetv\BootReceiver.kt, D:\Android Projects\ExclusiveTV_APP\app\src\main\java\com\codesrahul\exclusivetv\CategoryOptionsDialogFragment.kt, D:\Android Projects\ExclusiveTV_APP\app\src\main\java\com\codesrahul\exclusivetv\ChannelFragment.kt, D:\Android Projects\ExclusiveTV_APP\app\src\main\java\com\codesrahul\exclusivetv\ChannelOptionsDialogFragment.kt, D:\Android Projects\ExclusiveTV_APP\app\src\main\java\com\codesrahul\exclusivetv\ConfirmationFragment.kt, D:\Android Projects\ExclusiveTV_APP\app\src\main\java\com\codesrahul\exclusivetv\CrashLogger.kt, D:\Android Projects\ExclusiveTV_APP\app\src\main\java\com\codesrahul\exclusivetv\EPGManager.kt, D:\Android Projects\ExclusiveTV_APP\app\src\main\java\com\codesrahul\exclusivetv\ErrorFragment.kt, D:\Android Projects\ExclusiveTV_APP\app\src\main\java\com\codesrahul\exclusivetv\Ext.kt, D:\Android Projects\ExclusiveTV_APP\app\src\main\java\com\codesrahul\exclusivetv\GroupAdapter.kt, D:\Android Projects\ExclusiveTV_APP\app\src\main\java\com\codesrahul\exclusivetv\IgnoreSSLCertificate.kt, D:\Android Projects\ExclusiveTV_APP\app\src\main\java\com\codesrahul\exclusivetv\ImportProgressFragment.kt, D:\Android Projects\ExclusiveTV_APP\app\src\main\java\com\codesrahul\exclusivetv\InfoFragment.kt, D:\Android Projects\ExclusiveTV_APP\app\src\main\java\com\codesrahul\exclusivetv\InitializerProvider.kt, D:\Android Projects\ExclusiveTV_APP\app\src\main\java\com\codesrahul\exclusivetv\ListAdapter.kt, D:\Android Projects\ExclusiveTV_APP\app\src\main\java\com\codesrahul\exclusivetv\LoadingFragment.kt, D:\Android Projects\ExclusiveTV_APP\app\src\main\java\com\codesrahul\exclusivetv\MainActivity.kt, D:\Android Projects\ExclusiveTV_APP\app\src\main\java\com\codesrahul\exclusivetv\MenuFragment.kt, D:\Android Projects\ExclusiveTV_APP\app\src\main\java\com\codesrahul\exclusivetv\ModalFragment.kt, D:\Android Projects\ExclusiveTV_APP\app\src\main\java\com\codesrahul\exclusivetv\models\EPGProgram.kt, D:\Android Projects\ExclusiveTV_APP\app\src\main\java\com\codesrahul\exclusivetv\models\Program.kt, D:\Android Projects\ExclusiveTV_APP\app\src\main\java\com\codesrahul\exclusivetv\models\TV.kt, D:\Android Projects\ExclusiveTV_APP\app\src\main\java\com\codesrahul\exclusivetv\models\TVGroupModel.kt, D:\Android Projects\ExclusiveTV_APP\app\src\main\java\com\codesrahul\exclusivetv\models\TVList.kt, D:\Android Projects\ExclusiveTV_APP\app\src\main\java\com\codesrahul\exclusivetv\models\TVListModel.kt, D:\Android Projects\ExclusiveTV_APP\app\src\main\java\com\codesrahul\exclusivetv\models\TVModel.kt, D:\Android Projects\ExclusiveTV_APP\app\src\main\java\com\codesrahul\exclusivetv\models\Type.kt, D:\Android Projects\ExclusiveTV_APP\app\src\main\java\com\codesrahul\exclusivetv\MyTVApplication.kt, D:\Android Projects\ExclusiveTV_APP\app\src\main\java\com\codesrahul\exclusivetv\OnSharedPreferenceChangeListener.kt, D:\Android Projects\ExclusiveTV_APP\app\src\main\java\com\codesrahul\exclusivetv\OrderPreferenceManager.kt, D:\Android Projects\ExclusiveTV_APP\app\src\main\java\com\codesrahul\exclusivetv\PortUtil.kt, D:\Android Projects\ExclusiveTV_APP\app\src\main\java\com\codesrahul\exclusivetv\QrCodeUtil.kt, D:\Android Projects\ExclusiveTV_APP\app\src\main\java\com\codesrahul\exclusivetv\RenameDialogFragment.kt, D:\Android Projects\ExclusiveTV_APP\app\src\main\java\com\codesrahul\exclusivetv\requests\ApiClient.kt, D:\Android Projects\ExclusiveTV_APP\app\src\main\java\com\codesrahul\exclusivetv\requests\DnsCache.kt, D:\Android Projects\ExclusiveTV_APP\app\src\main\java\com\codesrahul\exclusivetv\requests\ReleaseRequest.kt, D:\Android Projects\ExclusiveTV_APP\app\src\main\java\com\codesrahul\exclusivetv\requests\ReleaseResponse.kt, D:\Android Projects\ExclusiveTV_APP\app\src\main\java\com\codesrahul\exclusivetv\requests\ReleaseService.kt, D:\Android Projects\ExclusiveTV_APP\app\src\main\java\com\codesrahul\exclusivetv\requests\TimeResponse.kt, D:\Android Projects\ExclusiveTV_APP\app\src\main\java\com\codesrahul\exclusivetv\requests\Tls12SocketFactory.kt, D:\Android Projects\ExclusiveTV_APP\app\src\main\java\com\codesrahul\exclusivetv\RootCheckUtil.kt, D:\Android Projects\ExclusiveTV_APP\app\src\main\java\com\codesrahul\exclusivetv\SecureHttpClient.kt, D:\Android Projects\ExclusiveTV_APP\app\src\main\java\com\codesrahul\exclusivetv\SecurityUtil.kt, D:\Android Projects\ExclusiveTV_APP\app\src\main\java\com\codesrahul\exclusivetv\SettingFragment.kt, D:\Android Projects\ExclusiveTV_APP\app\src\main\java\com\codesrahul\exclusivetv\SimpleServer.kt, D:\Android Projects\ExclusiveTV_APP\app\src\main\java\com\codesrahul\exclusivetv\SP.kt, D:\Android Projects\ExclusiveTV_APP\app\src\main\java\com\codesrahul\exclusivetv\TimeFragment.kt, D:\Android Projects\ExclusiveTV_APP\app\src\main\java\com\codesrahul\exclusivetv\TrackSelectionFragment.kt, D:\Android Projects\ExclusiveTV_APP\app\src\main\java\com\codesrahul\exclusivetv\ui\TvUiUtils.kt, D:\Android Projects\ExclusiveTV_APP\app\src\main\java\com\codesrahul\exclusivetv\UpdateManager.kt, D:\Android Projects\ExclusiveTV_APP\app\src\main\java\com\codesrahul\exclusivetv\Utils.kt, D:\Android Projects\ExclusiveTV_APP\app\src\main\java\com\codesrahul\exclusivetv\WebFragment.kt
Java source files: D:\Android Projects\ExclusiveTV_APP\app\build\generated\source\buildConfig\debug\com\codesrahul\exclusivetv\BuildConfig.java, D:\Android Projects\ExclusiveTV_APP\app\build\generated\data_binding_base_class_source_out\debug\out\com\codesrahul\exclusivetv\databinding\ActivityMainBinding.java, D:\Android Projects\ExclusiveTV_APP\app\build\generated\data_binding_base_class_source_out\debug\out\com\codesrahul\exclusivetv\databinding\ChannelBinding.java, D:\Android Projects\ExclusiveTV_APP\app\build\generated\data_binding_base_class_source_out\debug\out\com\codesrahul\exclusivetv\databinding\DialogCategoryOptionsBinding.java, D:\Android Projects\ExclusiveTV_APP\app\build\generated\data_binding_base_class_source_out\debug\out\com\codesrahul\exclusivetv\databinding\DialogChannelOptionsBinding.java, D:\Android Projects\ExclusiveTV_APP\app\build\generated\data_binding_base_class_source_out\debug\out\com\codesrahul\exclusivetv\databinding\DialogRenameBinding.java, D:\Android Projects\ExclusiveTV_APP\app\build\generated\data_binding_base_class_source_out\debug\out\com\codesrahul\exclusivetv\databinding\DialogUpdateBinding.java, D:\Android Projects\ExclusiveTV_APP\app\build\generated\data_binding_base_class_source_out\debug\out\com\codesrahul\exclusivetv\databinding\ErrorBinding.java, D:\Android Projects\ExclusiveTV_APP\app\build\generated\data_binding_base_class_source_out\debug\out\com\codesrahul\exclusivetv\databinding\FragmentImportProgressBinding.java, D:\Android Projects\ExclusiveTV_APP\app\build\generated\data_binding_base_class_source_out\debug\out\com\codesrahul\exclusivetv\databinding\FragmentTrackSelectionBinding.java, D:\Android Projects\ExclusiveTV_APP\app\build\generated\data_binding_base_class_source_out\debug\out\com\codesrahul\exclusivetv\databinding\GroupItemBinding.java, D:\Android Projects\ExclusiveTV_APP\app\build\generated\data_binding_base_class_source_out\debug\out\com\codesrahul\exclusivetv\databinding\InfoBinding.java, D:\Android Projects\ExclusiveTV_APP\app\build\generated\data_binding_base_class_source_out\debug\out\com\codesrahul\exclusivetv\databinding\ListItemBinding.java, D:\Android Projects\ExclusiveTV_APP\app\build\generated\data_binding_base_class_source_out\debug\out\com\codesrahul\exclusivetv\databinding\LoadingBinding.java, D:\Android Projects\ExclusiveTV_APP\app\build\generated\data_binding_base_class_source_out\debug\out\com\codesrahul\exclusivetv\databinding\MenuBinding.java, D:\Android Projects\ExclusiveTV_APP\app\build\generated\data_binding_base_class_source_out\debug\out\com\codesrahul\exclusivetv\databinding\ModalBinding.java, D:\Android Projects\ExclusiveTV_APP\app\build\generated\data_binding_base_class_source_out\debug\out\com\codesrahul\exclusivetv\databinding\PlayerBinding.java, D:\Android Projects\ExclusiveTV_APP\app\build\generated\data_binding_base_class_source_out\debug\out\com\codesrahul\exclusivetv\databinding\SettingBinding.java, D:\Android Projects\ExclusiveTV_APP\app\build\generated\data_binding_base_class_source_out\debug\out\com\codesrahul\exclusivetv\databinding\ShowBinding.java, D:\Android Projects\ExclusiveTV_APP\app\build\generated\data_binding_base_class_source_out\debug\out\com\codesrahul\exclusivetv\databinding\TimeBinding.java, D:\Android Projects\ExclusiveTV_APP\app\build\generated\data_binding_base_class_source_out\debug\out\com\codesrahul\exclusivetv\databinding\TrackItemBinding.java
Script source files: 
Script file extensions: 
Using Kotlin/JVM incremental compilation
[KOTLIN] Kotlin compilation 'jdkHome' argument: null
i: found daemon on port 17557 (9720121 ms old), trying to connect
i: connected to the daemon
Options for KOTLIN DAEMON: IncrementalCompilationOptions(super=CompilationOptions(compilerMode=INCREMENTAL_COMPILER, targetPlatform=JVM, reportCategories=[0, 3], reportSeverity=2, requestedCompilationResults=[0], kotlinScriptExtensions=[]), areFileChangesKnown=false, modifiedFiles=null, deletedFiles=null, classpathChanges=NotAvailableForNonIncrementalRun, workingDir=D:\Android Projects\ExclusiveTV_APP\app\build\kotlin\compileDebugKotlin\cacheable, multiModuleICSettings=MultiModuleICSettings(buildHistoryFile=D:\Android Projects\ExclusiveTV_APP\app\build\kotlin\compileDebugKotlin\local-state\build-history.bin, useModuleDetection=true), usePreciseJavaTracking=true, outputFiles=[D:\Android Projects\ExclusiveTV_APP\app\build\tmp\kotlin-classes\debug, D:\Android Projects\ExclusiveTV_APP\app\build\kotlin\compileDebugKotlin\cacheable, D:\Android Projects\ExclusiveTV_APP\app\build\kotlin\compileDebugKotlin\local-state])
e: file:///D:/Android%20Projects/ExclusiveTV_APP/app/src/main/java/com/codesrahul/exclusivetv/GroupAdapter.kt:278:71 No value passed for parameter 'ctx'
e: file:///D:/Android%20Projects/ExclusiveTV_APP/app/src/main/java/com/codesrahul/exclusivetv/GroupAdapter.kt:357:71 No value passed for parameter 'ctx'
e: file:///D:/Android%20Projects/ExclusiveTV_APP/app/src/main/java/com/codesrahul/exclusivetv/GroupAdapter.kt:379:71 No value passed for parameter 'ctx'
e: file:///D:/Android%20Projects/ExclusiveTV_APP/app/src/main/java/com/codesrahul/exclusivetv/GroupAdapter.kt:402:71 No value passed for parameter 'ctx'
e: file:///D:/Android%20Projects/ExclusiveTV_APP/app/src/main/java/com/codesrahul/exclusivetv/ListAdapter.kt:114:75 No value passed for parameter 'ctx'
e: file:///D:/Android%20Projects/ExclusiveTV_APP/app/src/main/java/com/codesrahul/exclusivetv/ListAdapter.kt:492:79 No value passed for parameter 'ctx'
e: file:///D:/Android%20Projects/ExclusiveTV_APP/app/src/main/java/com/codesrahul/exclusivetv/ListAdapter.kt:520:71 No value passed for parameter 'ctx'
e: file:///D:/Android%20Projects/ExclusiveTV_APP/app/src/main/java/com/codesrahul/exclusivetv/ListAdapter.kt:553:71 No value passed for parameter 'ctx'

> Task :app:compileDebugKotlin FAILED

FAILURE: Build failed with an exception.

* What went wrong:
Execution failed for task ':app:compileDebugKotlin'.
> A failure occurred while executing org.jetbrains.kotlin.compilerRunner.GradleCompilerRunnerWithWorkers$GradleKotlinCompilerWorkAction
   > Compilation error. See log for more details

* Try:
> Run with --stacktrace option to get the stack trace.
> Run with --debug option to get more log output.
> Run with --scan to get full insights.
> Get more help at https://help.gradle.org.

BUILD FAILED in 16s
33 actionable tasks: 1 executed, 32 up-to-date
Watched directory hierarchies: [D:\Android Projects\ExclusiveTV_APP]
